intermediate,intermediate_smiles_canonical,intermediate_class,paper_source,n_datapoints,n_papers,n_temperatures,T_min_C,T_max_C,tR_min_s,tR_max_s,yield_min,yield_max,yield_mean,data_type,n_kd_clean,n_scope,has_tR2,sufficient_for_arrhenius,has_arrhenius,quality_tier,Ea_kJ_mol,ln_A,arrhenius_r2,n_T_arrhenius,T_range_arrhenius,t_half_m78C_s,t_half_m40C_s,t_half_0C_s,t_half_25C_s,Ea_pred_kJ_mol,lnA_pred,t_half_m40C_pred_s,sigma_hammett,Es_taft,delta_ortho,delta_benzyne,dft_charge_Li,dft_charge_C_ipso,dft_HOMO_eV,dft_LUMO_eV,HOMO_LUMO_gap_eV,dft_LiC_bond_A,dft_LiC_BDE_kJ,dft_dipole_D,dft_Gsolv_kJ,sterimol_B1,sterimol_B5,sterimol_L,buried_vol_Li,mol_volume,fukui_f_minus_C
p-propanoylbenzyllithium,[Li]Cc1ccc(C(=O)CC)cc1,benzylLi,Benzyl 2015 Table S-2,25,1,5.0,-78.0,0.0,0.00131,20.9,27.0,80.0,60.7,kinetic,25,0,False,True,True,tier2_low_r2,2.55,-2.1714,0.7368,5.0,-78 to 0,29.22,22.63,18.66,16.99,14.42,6.2077,2.3747,,0.0,0.0,0.0,0.4906,-0.253,-8.918000000000001,-6.812,2.1060000000000008,1.9742,361.2000000000001,7.335,-83.09,1.82,9.8095,4.1942,0.3144,187.87,-0.0572
p-cyanophenyllithium,[Li]c1ccc(C#N)cc1,ArLi,"Cyano 2010 Table 2, Table S-4; Homocoupling 2011 Table 1",41,2,6.0,-78.0,20.0,0.01,6.300000000000001,2.0,93.0,70.9,kinetic,36,4,False,True,True,tier2_2pt,4.55,-0.3908,1.0,2.0,0 to 20,16.92,10.71,7.597,6.422,37.87,18.362,2.2437,0.66,0.0,0.0,0.0,0.4272,-0.2239,-9.157,-6.49,2.667,1.9132,419.1,10.704,-75.28,1.82,3.2413,4.1332,0.2292,135.64,-0.1141
m-cyanophenyllithium,[Li]c1cccc(C#N)c1,ArLi,"Cyano 2010 Table 2, Table S-3; Homocoupling 2011 Table 1",41,2,6.0,-78.0,20.0,0.01,6.300000000000001,3.0,96.0,70.0,kinetic,36,4,False,True,True,tier2_2pt,10.43,1.8501,1.0,2.0,0 to 20,67.59,23.7,10.78,7.331,37.7,18.2034,2.4086,0.56,0.0,0.0,0.0,0.4289,-0.2284,-9.14,-6.505,2.6350000000000007,1.9116,418.4,9.332,-74.72,1.82,4.9551,4.1316,0.2296,135.4,-0.1166
functional alkyllithiums,[Li]CCOC1CCCCC1,alkylLi,Func 2019 Table S3,1,1,1.0,-78.0,-78.0,1.31,1.31,61.0,61.0,61.0,other,0,0,False,False,False,,,,,,,,,,,12.52,4.4853,4.9883,,0.0,0.0,0.0,0.4231,-0.3001,-7.876,-4.619,3.257000000000001,1.9604,475.0,4.264,-56.14,1.82,6.6636,7.1562,0.3642,178.26,-0.0844
functional alkyllithiums,[Li]CCOC,alkylLi,Func 2019 Table S3,1,1,1.0,-78.0,-78.0,0.78,0.78,68.0,68.0,68.0,other,0,0,False,False,False,,,,,,,,,,,19.3,7.8624,5.6277,,0.0,0.0,0.0,0.4112,-0.3062,-8.408,-5.487,2.9209999999999994,1.9243,388.2000000000001,5.768,-58.53,1.82,4.5437,4.1443,0.214,104.94,-0.1047
primary alkyllithiums bearing an epoxide group,[Li]CCCCCCC1CO1,oxiranylLi,Alkyl 2019 Table S2,1,1,1.0,-60.0,-60.0,6.9,6.9,78.0,78.0,78.0,other,0,0,False,False,False,,,,,,,,,,,19.98,8.3924,4.7044,,0.0,0.0,0.0,0.3901,-0.2943,-8.118,-5.25,2.8680000000000003,1.928,371.9,6.096,-72.14,1.82,8.1226,4.148,0.213,182.52,-0.0866
3-(oxiran-2-yl)propyllithium,[Li]CCCC1CO1,oxiranylLi,"Alkyl 2019 Table S1; Func 2019 Table S1, Table S2",61,2,5.0,-78.0,0.0,0.002,15.7,1.0,79.0,50.0,other,0,0,False,True,True,tier1,21.0,8.4569,0.9771,5.0,-78 to 0,61.62,7.473,1.529,0.7041,21.53,9.1414,4.9487,,0.0,0.0,0.0,0.4016,-0.2957,-8.205,-5.349,2.856,1.9226,375.2000000000001,4.117,-60.35,1.82,5.095,4.1426,0.2258,131.66,-0.1009
primary alkyllithiums bearing an epoxide group,[Li]CCCCCC1CO1,oxiranylLi,Alkyl 2019 Table S2; Func 2019 Table S2,2,2,1.0,-60.0,-60.0,6.9,6.9,78.0,83.0,80.5,other,0,0,False,False,False,,,,,,,,,,,22.9,9.86,4.8905,,0.0,0.0,0.0,0.3861,-0.2933,-7.911,-5.075,2.8359999999999994,1.9195,369.4,4.168,-68.15,1.82,7.3346,4.1395,0.2176,165.44,-0.0941
o-cyanophenyllithium,[Li]c1ccccc1C#N,ArLi,"Cyano 2010 Table 2, Table 3, Table S-2; Homocoupling 2011 Table 1",48,2,7.0,-78.0,24.0,0.01,6.300000000000001,6.0,97.0,74.6,kinetic,36,11,True,True,False,,,,,,,,,,,23.79,11.3937,1.6699,0.66,0.0,0.0,0.0,0.4438,-0.2137,-9.263,-6.8180000000000005,2.4449999999999994,1.9765,476.6,2.068,-57.29,1.82,4.2567,4.1965,0.3422,134.86,-0.1154
p-formylbenzyllithium,[Li]Cc1ccc(C=O)cc1,benzylLi,Benzyl 2015 Table S-3,25,1,5.0,-78.0,0.0,0.00131,20.9,14.0,68.0,45.4,kinetic,25,0,False,True,True,tier2_low_r2,24.17,10.1278,0.6276,5.0,-78 to 0,81.72,7.208,1.161,0.4756,13.49,5.7951,2.2204,,0.0,0.0,0.0,0.5015000000000001,-0.2499,-9.094,-7.034,2.0599999999999996,1.9785,363.5,8.455,-78.10000000000001,1.82,7.8537,4.1985,0.3163,154.14,-0.0616
primary alkyllithiums bearing an epoxide group,[Li]CCCCC1CO1,oxiranylLi,Alkyl 2019 Table S2; Func 2019 Table S2,2,2,1.0,-60.0,-60.0,6.9,6.9,79.0,83.0,81.0,other,0,0,False,False,False,,,,,,,,,,,25.34,10.988,5.5737,,0.0,0.0,0.0,0.3961,-0.2921,-8.059000000000001,-5.126,2.9330000000000007,1.9249,390.1,2.888,-58.01,1.82,7.6853,5.1239,0.2955,147.42,-0.1032
tert-butyl o-lithiobenzoate,[Li]c1ccccc1C(=O)OC(C)(C)C,ArLi,"Alkoxycarbonyl 2008 Table 2, Table S-2; Alkoxycarbonyl 2010 Table S-6",76,2,6.0,-78.0,20.0,0.01,6.300000000000001,30.0,99.0,80.6,kinetic,72,4,False,True,True,tier1,28.14,9.9571,0.9374,3.0,-28 to 20,1117.0,66.14,7.895,2.794,37.76,18.08,2.8105,0.45,-1.54,1.0,0.0,0.4697,-0.2234,-8.614,-6.8580000000000005,1.7560000000000002,1.941,522.9,3.66,-74.10000000000001,1.9158,7.7904,4.8599,0.3559,211.31,-0.1228
aryllithium,[Li]c1ccc([N+](=O)[O-])cc1,ArLi,Homocoupling 2011 Table 1; Nitro 2009 Table S-4,31,2,5.0,-78.0,0.0,0.014,6.300000000000001,10.0,96.0,74.6,kinetic,30,0,False,True,True,tier1,28.95,11.443,0.9147,4.0,-58 to 0,416.7,22.75,2.554,0.8769,36.12,17.6037,1.9418,0.78,0.0,0.0,0.0,0.4503,-0.2167,-9.584,-7.927,1.657,1.9221,434.6,12.377,-85.23,1.82,3.2439,4.1421,0.2285,142.69,-0.1171
functional alkyllithiums,[Li]CCC[Si](C)(C)C,alkylLi,Func 2019 Table S3,1,1,1.0,-78.0,-78.0,0.0069,0.0069,78.0,78.0,78.0,other,0,0,False,False,False,,,,,,,,,,,30.24,13.4841,5.7535,,0.0,0.0,0.0,0.3938,-0.2882,-7.874,-5.009,2.8649999999999993,1.9119,388.5,3.993,-58.78,1.82,7.217,4.8977,0.3046,175.31,-0.0922
fluoroiodomethyllithium,[Li]C(F)I,carbenoid,CHLiIF_2020_Nagaki Table S4,20,1,4.0,-78.0,-20.0,0.0059,1.2000000000000002,0.0,99.0,72.6,other,0,0,False,True,True,tier2_2pt,30.82,15.4378,1.0,2.0,-40 to -20,24.32,1.1,0.1072,0.03435,28.69,15.5555,0.3259,,0.0,0.0,0.0,0.5943,-0.1104,-9.599,-6.732,2.867,2.0024,490.1,5.961,-53.33,1.82,4.2062,4.2224,0.3268,97.09,-0.052
functional alkyllithiums,[Li]CCCC=C,alkylLi,Func 2019 Table S3,2,1,1.0,-60.0,-60.0,0.028,0.028,88.0,90.0,89.0,other,0,0,False,False,False,,,,,,,,,,,32.05,14.3766,5.9958,,0.0,0.0,0.0,0.3962,-0.287,-8.07,-5.556,2.514,1.9103,389.2000000000001,4.121,-46.37,1.82,5.6681,4.1303,0.3499,122.74,-0.104
"2,3-dibromo-4-lithiopyridine",[Li]c1ccnc(Br)c1Br,ArLi,Pyridine 2011 Table S-2,30,1,5.0,-78.0,25.0,0.014,13.0,0.0,93.0,74.7,kinetic,30,0,False,True,True,tier1,32.7,12.1996,0.8674,4.0,-48 to 25,1979.0,74.07,6.261,1.872,38.27,18.4147,2.6164,,0.0,0.0,0.0,0.5154,-0.2231,-9.842,-6.956,2.886,1.9309,479.1,7.725,-69.7,1.82,5.7624,4.1509,0.3348,152.26,-0.0925
3-lithio-2-methyl-5-phenylthiophene,[Li]c1cc(-c2ccccc2)sc1C,ArLi,"Photochromic 2012 Table S1, Table S6",60,1,4.0,-48.0,24.0,0.014,12.6,0.0,98.0,71.0,kinetic,36,0,True,True,True,tier2_2pt,33.26,8.3935,1.0,2.0,0 to 24,125430.36136775404,4439.902737991319,359.8606803320604,105.3898666608023,40.16,18.9646,4.0025,,0.0,0.0,0.0,0.4182,-0.2532,-9.082,-6.253,2.8290000000000006,1.8999,434.4,7.805000000000001,-79.94,1.8497,6.2496,4.1199,0.2531,196.0,-0.061
isopropyl m-lithiobenzoate,[Li]c1cccc(C(=O)OC(C)C)c1,ArLi,"Alkoxycarbonyl 2010 Table S-16, Table S-5",60,1,5.0,-78.0,0.0,0.014,6.300000000000001,2.0,89.0,44.2,kinetic,60,0,False,True,True,tier1,34.73,17.0611,0.9572,4.0,-58 to 0,53.32,1.629,0.1181,0.03278,39.0,18.8342,2.5065,0.37,0.0,0.0,0.0,0.4214,-0.2294,-8.875,-6.479,2.396,1.9071,410.7000000000001,8.546,-93.78,1.8401,7.9393,4.1271,0.2301,197.67,-0.1072
"3,5-dibromophenyllithium",[Li]c1cc(Br)cc(Br)c1,ArLi,TAC101_2011_Nagaki Table S-2,7,1,1.0,0.0,0.0,0.22,12.57,22.0,88.0,68.9,other,0,0,False,False,False,,,,,,,,,,,34.97,16.8641,2.2478,0.74,0.0,0.0,0.0,0.4687,-0.2274,-9.757,-6.449,3.308,1.9204,438.2000000000001,10.2,-77.2,1.8501,4.6858,4.1404,0.229,157.66,-0.1049
aryllithium,[Li]c1ccccc1[N+](=O)[O-],ArLi,Homocoupling 2011 Table 1; Nitro 2009 Table S-2,31,2,5.0,-78.0,0.0,0.014,6.300000000000001,30.0,95.0,79.0,kinetic,30,0,False,True,False,,,,,,,,,,,35.58,17.0484,2.5609,0.78,0.0,0.0,0.0,0.493,-0.221,-9.518,-8.534,0.984,1.9477,553.6,3.5,-59.66,1.82,4.9503,4.1672,0.3385,139.66,-0.1255
(E)-β-styryllithium,[Li]/C=C/c1ccccc1,vinylLi,Vinyl 2012 Table S-2,18,1,2.0,0.0,20.0,0.055,12.57,0.0,95.0,54.4,other,0,0,False,True,False,,,,,,,,,,,36.56,17.1056,4.0097,,0.0,0.0,0.0,0.3918,-0.2663,-8.721,-5.9270000000000005,2.7939999999999996,1.8878,418.5,5.664,-64.57000000000001,1.82,6.1889,4.1078,0.2219,145.03,-0.095
ethyl p-lithiobenzoate,[Li]c1ccc(C(=O)OCC)cc1,ArLi,Alkoxycarbonyl 2010 Table S-13,30,1,5.0,-78.0,0.0,0.014,6.300000000000001,0.0,94.0,49.9,kinetic,30,0,False,True,True,tier1,37.13,19.4327,0.9803,4.0,-58 to 0,21.86,0.5246,0.03175,0.00806,40.22,19.5438,2.3133,0.45,0.0,0.0,0.0,0.4242,-0.2228,-8.947000000000001,-6.504,2.4430000000000014,1.9065,413.2000000000001,7.86,-89.24,1.82,3.8095,4.1265,0.2301,180.37,-0.1035
aryllithium / heteroaryllithium,[Li]c1cccnc1,ArLi,tBuEsters_2016_Degen Table 1,1,1,1.0,0.0,0.0,0.7000000000000001,0.7000000000000001,75.0,75.0,75.0,trapping,0,0,True,False,False,,,,,,,,,,,37.21,17.7011,3.0911,,0.0,0.0,0.0,0.414,-0.2447,-8.509,-5.656,2.8530000000000006,1.905,399.1,7.05,-64.31,1.82,3.2444,4.125,0.2288,113.38,-0.098
isopropyl p-lithiobenzoate,[Li]c1ccc(C(=O)OC(C)C)cc1,ArLi,"Alkoxycarbonyl 2010 Table S-12, Table S-3",60,1,5.0,-78.0,0.0,0.014,6.300000000000001,0.0,94.0,40.6,kinetic,60,0,False,True,True,tier1,37.58,18.5078,0.9693,4.0,-58 to 0,72.85,1.671,0.09769,0.02439,40.09,19.4781,2.3101,0.45,0.0,0.0,0.0,0.423,-0.2231,-8.923,-6.456,2.4669999999999996,1.9067,412.7000000000001,7.785,-94.33,1.9444,4.3915,4.1267,0.2299,197.34,-0.102
aryllithium,[Li]c1ccccc1OC,ArLi,Homocoupling 2011 Table 1,1,1,1.0,0.0,0.0,3.1,3.1,76.0,76.0,76.0,other,0,0,False,False,False,,,,,,,,,,,37.61,17.7964,3.4542,-0.27,0.0,0.0,0.0,0.4284,-0.2462,-8.558,-5.015,3.543,1.9124,473.3,5.311,-59.65,1.82,4.9394,4.2216,0.3201,142.76,-0.1159
p-bromophenyllithium,[Li]c1ccc(Br)cc1,ArLi,Dibromo 2007 Table S-2,42,1,6.0,-78.0,20.0,0.049,6.6000000000000005,11.0,92.0,75.8,kinetic,42,0,False,True,False,,,,,,,,,,,37.94,18.2778,2.5306,0.23,0.0,0.0,0.0,0.4279,-0.2311,-9.158,-5.906,3.252,1.9095,420.9,10.151,-68.68,1.85,3.2403,4.1295,0.2295,137.58,-0.1157
2-methylbenzofuran-3-yllithium,[Li]c1c(C)oc2ccccc12,ArLi,"Benzo 2011 Table S-2; Photochromic 2012 Table S10, Table S5",93,2,4.0,-48.0,24.0,0.014,12.6,0.0,93.0,40.4,kinetic,72,0,True,True,True,tier1,38.18,16.1776,0.9394,3.0,-28 to 24,1082.0,23.37,1.306,0.319,44.19,20.4318,7.3797,,0.0,0.0,0.0,0.4184,-0.2851,-9.14,-5.748,3.3920000000000003,1.875,459.9,5.627,-69.10000000000001,1.82,6.1123,4.095,0.2876,159.5,-0.0736
m-bromophenyllithium,[Li]c1cccc(Br)c1,ArLi,Dibromo 2007 Table S-5,42,1,6.0,-78.0,20.0,0.049,6.6000000000000005,17.0,93.0,76.5,kinetic,42,0,False,True,False,,,,,,,,,,,38.27,18.4733,2.4674,0.37,0.0,0.0,0.0,0.4358,-0.2293,-9.177,-5.95,3.226999999999999,1.9094,420.6,8.948,-68.66,1.82,4.6982,4.1294,0.2299,137.27,-0.1125
ethyl m-lithiobenzoate,[Li]c1cccc(C(=O)OCC)c1,ArLi,Alkoxycarbonyl 2010 Table S-17,30,1,5.0,-78.0,0.0,0.014,6.300000000000001,3.0,89.0,46.9,kinetic,30,0,False,True,True,tier1,38.29,20.0954,0.9515,4.0,-58 to 0,23.11,0.4934,0.02734,0.006648,39.69,19.1737,2.5481,0.37,0.0,0.0,0.0,0.4229,-0.2295,-8.9,-6.521,2.3790000000000004,1.905,411.3,8.648,-90.76,1.82,7.9537,4.125,0.2301,179.95,-0.1095
aryllithium / heteroaryllithium,[Li]c1ccc(Cl)cc1,ArLi,tBuEsters_2016_Degen Table 1,1,1,1.0,0.0,0.0,0.7000000000000001,0.7000000000000001,90.0,90.0,90.0,trapping,0,0,True,False,False,,,,,,,,,,,38.64,18.612,2.5996,0.23,0.0,0.0,0.0,0.4238,-0.232,-9.004,-5.795,3.2089999999999996,1.9069,417.5,8.262,-68.09,1.82,3.2396,4.1269,0.2296,132.71,-0.1185
aryllithium / heteroaryllithium,[Li]c1ccc(F)cc1,ArLi,tBuEsters_2016_Degen Table 1,1,1,1.0,0.0,0.0,0.7000000000000001,0.7000000000000001,75.0,75.0,75.0,trapping,0,0,True,False,False,,,,,,,,,,,38.72,18.6087,2.7181,0.06,0.0,0.0,0.0,0.4204,-0.2349,-8.962,-5.739,3.223,1.9053,418.5,8.214,-65.61,1.82,3.2404,4.1253,0.2303,122.66,-0.1317
aryllithium / heteroaryllithium,[Li]c1ccc(C(F)(F)F)cc1,ArLi,tBuEsters_2016_Degen Table 1,1,1,1.0,0.0,0.0,0.7000000000000001,0.7000000000000001,65.0,65.0,65.0,trapping,0,0,True,False,False,,,,,,,,,,,38.87,18.8703,2.2608,0.54,0.0,0.0,0.0,0.4406,-0.223,-9.311,-6.074,3.237,1.9106,425.7000000000001,10.354,-70.19,2.0332,3.2408,4.1306,0.2296,150.54,-0.1262
aryllithium / heteroaryllithium,[Li]c1cccc(Cl)c1,ArLi,tBuEsters_2016_Degen Table 1,1,1,1.0,0.0,0.0,0.7000000000000001,0.7000000000000001,50.0,50.0,50.0,trapping,0,0,True,False,False,,,,,,,,,,,39.02,18.882,2.4143,0.37,0.0,0.0,0.0,0.4295,-0.227,-9.008,-5.828,3.179999999999999,1.9082,416.6,7.48,-67.59,1.82,4.4392,4.1282,0.2299,132.78,-0.114
"monolithiated 4,4'-dibromobiphenyl",[Li]c1ccc(-c2ccc(Br)cc2)cc1,ArLi,Biary 2009 Table S-5,16,1,4.0,-78.0,24.0,0.057,13.0,29.0,91.0,79.7,kinetic,16,0,False,True,False,,,,,,,,,,,39.38,19.022,2.5272,-0.01,0.0,0.0,0.0,0.413,-0.2294,-8.9,-6.493,2.407,1.9059,410.9,10.947,-83.58,2.1116,3.2391,4.1259,0.2298,209.25,-0.0945
methyl o-lithiobenzoate,[Li]c1ccccc1C(=O)OC,ArLi,"Alkoxycarbonyl 2008 Table 2, Table S-5; Alkoxycarbonyl 2010 Table S-9",74,2,5.0,-78.0,0.0,0.014,6.300000000000001,0.0,85.0,40.7,kinetic,70,4,False,True,True,tier1,39.61,20.5735,0.9703,5.0,-78 to 0,32.18,0.6021,0.03021,0.007,37.04,17.7694,2.6447,0.45,0.0,1.0,0.0,0.4733,-0.2207,-8.76,-7.023000000000001,1.7369999999999992,1.9444,524.2,3.182,-64.08,1.82,6.5085,4.1644,0.3496,160.21,-0.1274
aryllithium / heteroaryllithium,[Li]c1ccc(C(F)(F)F)cc1C,ArLi,tBuEsters_2016_Degen Table 1,1,1,1.0,0.0,0.0,2.04,2.04,60.0,60.0,60.0,trapping,0,0,True,False,False,,,,,,,,,,,39.88,19.1156,2.9786,0.37,0.0,0.0,0.0,0.4317,-0.2322,-9.231,-5.964,3.2669999999999995,1.9161,428.7000000000001,10.433,-71.38,2.0693,4.3934,4.1361,0.2673,165.94,-0.124
p-Anisyllithium,[Li]c1ccc(OC)cc1,ArLi,"Homocoupling 2011 Table 1, Table S1; tBuEsters_2016_Degen Table 1",56,2,9.0,-78.0,24.0,0.22,6.300000000000001,12.0,92.0,76.6,kinetic,54,0,True,True,False,,,,,,,,,,,40.02,19.1575,3.0703,-0.27,0.0,0.0,0.0,0.4014,-0.2409,-8.577,-5.42,3.157,1.8984,407.4,5.775,-68.87,1.8282,3.2845,4.1184,0.2304,143.17,-0.116
methyl m-lithiobenzoate,[Li]c1cccc(C(=O)OC)c1,ArLi,Alkoxycarbonyl 2010 Table S-18,30,1,5.0,-78.0,0.0,0.014,6.300000000000001,0.0,87.0,37.1,kinetic,30,0,False,True,True,tier1,40.02,21.8439,0.9687,4.0,-78 to -28,11.65,0.2091,0.01017,0.00232,39.39,19.03,2.52,0.37,0.0,0.0,0.0,0.4242,-0.2292,-8.924,-6.565,2.358999999999999,1.906,412.2000000000001,8.509,-85.11,1.82,6.6381,4.126,0.2299,162.99,-0.1116
isopropyl o-lithiobenzoate,[Li]c1ccccc1C(=O)OC(C)C,ArLi,"Alkoxycarbonyl 2008 Table 2, Table S-3; Alkoxycarbonyl 2010 Table S-7",65,2,5.0,-78.0,0.0,0.01,6.300000000000001,10.0,93.0,66.0,kinetic,60,5,False,True,True,tier1,40.71,18.6741,0.9903,4.0,-58 to 0,425.6,7.124,0.3288,0.07312,42.0,20.0706,3.4217,0.45,-0.47,1.0,0.0,0.4711,-0.2219,-8.673,-6.916,1.7569999999999997,1.9459,524.0,3.45,-72.16,1.9653,5.3207,6.7896,0.4342,194.02,-0.1202
tert-butyl m-lithiobenzoate,[Li]c1cccc(C(=O)OC(C)(C)C)c1,ArLi,"Alkoxycarbonyl 2010 Table S-15, Table S-4",66,1,6.0,-78.0,20.0,0.014,6.300000000000001,11.0,99.0,80.3,kinetic,66,0,False,True,True,tier1,40.85,16.5652,0.9751,3.0,-28 to 20,3813.0,62.97,2.876,0.6365,39.18,18.9175,2.5306,0.37,0.0,0.0,0.0,0.4191,-0.2296,-8.837,-6.417,2.42,1.9065,409.5,8.359,-95.12,2.005,7.903,4.1265,0.23,214.28,-0.1016
methyl p-lithiobenzoate,[Li]c1ccc(C(=O)OC)cc1,ArLi,Alkoxycarbonyl 2010 Table S-14,30,1,5.0,-78.0,0.0,0.014,6.300000000000001,3.0,81.0,38.3,kinetic,30,0,False,True,True,tier1,41.55,22.5643,0.9873,4.0,-78 to -28,14.59,0.2245,0.009726,0.002097,40.82,19.8469,2.3282,0.45,0.0,0.0,0.0,0.4254,-0.2226,-8.971,-6.541,2.4299999999999997,1.9047,414.0,7.987,-85.78,1.8797,3.3171,4.1247,0.2302,163.24,-0.1073
aryllithium / heteroaryllithium,[Li]c1ccc2c(ccn2C)c1,ArLi,tBuEsters_2016_Degen Table 1,1,1,1.0,0.0,0.0,0.41,0.41,65.0,65.0,65.0,trapping,0,0,True,False,False,,,,,,,,,,,41.73,20.0214,3.1269,-0.77,0.0,0.0,0.0,0.3873,-0.2401,-8.288,-5.194,3.0940000000000003,1.8936,397.1,3.883,-71.51,1.8803,4.4113,4.1136,0.2326,162.75,-0.0946
aryllithium / heteroaryllithium,[Li]c1cc(C)cc(C)c1,ArLi,tBuEsters_2016_Degen Table 1,1,1,1.0,0.0,0.0,2.04,2.04,80.0,80.0,80.0,trapping,0,0,True,False,False,,,,,,,,,,,41.76,20.1525,2.7855,-0.14,0.0,0.0,0.0,0.3941,-0.2328,-8.4,-5.317,3.083,1.897,397.8,5.396,-65.81,1.9008,4.4268,4.117,0.2313,151.12,-0.1132
"3-lithio-2,4-dimethyl-5-phenylthiophene",[Li]c1c(C)sc(-c2ccccc2)c1C,ArLi,"Photochromic 2012 Table S2, Table S7",60,1,4.0,-48.0,24.0,0.014,12.6,0.0,87.0,52.6,kinetic,36,0,True,True,False,,,,,,,,,,,42.03,19.6516,5.2836,,0.0,0.0,0.0,0.4156,-0.2626,-8.98,-6.058,2.9220000000000006,1.9007,434.7000000000001,7.763,-79.06,2.21,6.6886,4.1207,0.2885,212.4,-0.057
aryllithium,[Li]c1cccc(OC)c1,ArLi,Homocoupling 2011 Table 1,1,1,1.0,24.0,24.0,3.1,3.1,69.0,69.0,69.0,other,0,0,False,False,False,,,,,,,,,,,42.16,20.4014,2.6695,0.12,0.0,0.0,0.0,0.4078,-0.2298,-8.549,-5.441,3.1079999999999997,1.8971,405.4,4.694,-69.24,1.82,4.6642,4.1171,0.2312,143.0,-0.1111
lithium acetylide,[Li]C#Cc1ccc(OC)cc1,carbanion,tBuEsters_2016_Degen Table 2,1,1,1.0,0.0,0.0,0.7000000000000001,0.7000000000000001,70.0,70.0,70.0,trapping,0,0,True,False,False,,,,,,,,,,,42.53,19.7671,6.0925,,0.0,0.0,0.0,0.3835,-0.2902,-9.079,-5.53,3.5490000000000004,1.8495,517.8000000000001,6.305,-79.82000000000001,1.8254,3.2579,4.0695,0.1827,166.02,-0.0842
1-triphenylsilyloxiranyllithium,[Li]C1([Si](c2ccccc2)(c2ccccc2)c2ccccc2)CO1,oxiranylLi,"Silyloxiranyl 2009 Table S-1, Table S-2",36,1,4.0,-27.0,24.0,0.0118,12.6,19.0,93.0,59.6,other,0,0,False,True,False,,,,,,,,,,,42.53,20.1402,4.1953,,0.0,0.0,0.0,0.5304,-0.2375,-8.539,-6.119,2.42,1.9299,435.2000000000001,5.214,-93.45,2.6715,7.4684,4.5803,0.3765,322.98,-0.0731
lithium acetylide,[Li]C#Cc1ccccc1,carbanion,tBuEsters_2016_Degen Table 2,1,1,1.0,0.0,0.0,0.7000000000000001,0.7000000000000001,50.0,50.0,50.0,trapping,0,0,True,False,False,,,,,,,,,,,43.18,20.1168,6.0056,,0.0,0.0,0.0,0.3863,-0.2883,-9.301,-5.71,3.591,1.8484,519.9,6.599,-70.93,1.82,3.2375,4.0684,0.1828,140.34,-0.1053
lithium acetylide,[Li]C#Cc1ccc(OC)c(OC)c1,carbanion,tBuEsters_2016_Degen Table 2,1,1,1.0,20.0,20.0,0.7000000000000001,0.7000000000000001,75.0,75.0,75.0,trapping,0,0,True,False,False,,,,,,,,,,,43.55,20.2611,6.2919,,0.0,0.0,0.0,0.3838,-0.291,-8.974,-5.514,3.46,1.846,514.2,7.059,-90.53,1.9936,5.349,4.066,0.1831,192.21,-0.0708
ethyl o-lithiobenzoate,[Li]c1ccccc1C(=O)OCC,ArLi,"Alkoxycarbonyl 2008 Table 2, Table S-4; Alkoxycarbonyl 2010 Table S-8",66,2,5.0,-78.0,0.0,0.014,6.300000000000001,0.0,90.0,54.8,kinetic,60,6,False,True,True,tier1,43.56,21.2535,0.9967,4.0,-58 to 0,186.6,2.347,0.08734,0.01749,39.34,18.8311,2.9963,0.45,-0.07,1.0,0.0,0.4722,-0.2215,-8.721,-6.9750000000000005,1.7459999999999996,1.9448,523.6,3.355,-67.95,1.82,5.3652,5.8464,0.3928,177.38,-0.1184
lithium acetylide,[Li]C#Cc1ccc(N(C)C)cc1,carbanion,tBuEsters_2016_Degen Table 2,1,1,1.0,20.0,20.0,0.7000000000000001,0.7000000000000001,95.0,95.0,95.0,trapping,0,0,True,False,False,,,,,,,,,,,43.59,20.2004,6.8251,,0.0,0.0,0.0,0.3674,-0.296,-8.429,-5.099,3.33,1.8434,500.5,3.832,-82.81,1.9466,3.2454,4.0634,0.1832,187.1,-0.0687
lithium acetylide,[Li]C#Cc1c(C)cc(C)cc1C,carbanion,tBuEsters_2016_Degen Table 2,1,1,1.0,20.0,20.0,0.7000000000000001,0.7000000000000001,95.0,95.0,95.0,trapping,0,0,True,False,False,,,,,,,,,,,43.79,20.3381,6.5935,,0.0,0.0,0.0,0.3686,-0.2935,-9.007,-5.4510000000000005,3.555999999999999,1.8441,515.3000000000001,6.452,-78.41,1.9639,4.459,4.0641,0.1846,190.81,-0.0808
lithium acetylide,[Li]C#Cc1cccs1,carbanion,tBuEsters_2016_Degen Table 2,1,1,1.0,0.0,0.0,2.94,2.94,87.0,87.0,87.0,trapping,0,0,True,False,False,,,,,,,,,,,43.98,20.604,5.5745,,0.0,0.0,0.0,0.4043,-0.2827,-9.22,-6.138,3.0820000000000007,1.8487,529.5,6.6610000000000005,-71.86,1.82,3.2493,4.0687,0.1828,130.59,-0.0952
aryllithium / heteroaryllithium,[Li]c1ccc(Cl)s1,ArLi,tBuEsters_2016_Degen Table 1,1,1,1.0,-40.0,-40.0,0.41,0.41,90.0,90.0,90.0,trapping,0,0,True,False,False,,,,,,,,,,,44.32,21.6339,2.3719,,0.0,0.0,0.0,0.4835,-0.2207,-9.528,-6.314,3.2140000000000004,1.8929,467.7000000000001,7.792,-70.96000000000001,1.82,3.263,4.1129,0.2305,123.48,-0.0441
m-nitrophenyllithium,[Li]c1cccc([N+](=O)[O-])c1,ArLi,Nitro 2009 Table S-3,30,1,5.0,-78.0,0.0,0.014,6.300000000000001,5.0,90.0,73.7,kinetic,30,0,False,True,True,tier2_2pt,46.52,19.693,1.0,2.0,-28 to 0,5485.0,51.27,1.526,0.274,40.58,19.754,2.2573,0.71,0.0,0.0,0.0,0.4497,-0.2209,-9.561,-8.082,1.4789999999999992,1.9063,436.7000000000001,8.883000000000001,-80.38,1.82,5.5446,4.1263,0.2359,142.67,-0.1211
lithiated 1-tert-butylsulfonyl-2-phenylaziridine,[Li][C@]1(c2ccccc2)CN1S(=O)(=O)C(C)(C)C,aziridinylLi,Aziridinyl 2009 Table S-1,24,1,4.0,-48.0,-18.0,0.377,12.6,31.0,84.0,66.6,kinetic,24,0,False,True,True,tier2_2pt,47.19,19.7858,1.0,2.0,-28 to -18,7591.0,66.29,1.875,0.3283,32.47,16.0541,1.3913,,0.0,0.0,0.0,0.5537000000000001,-0.168,-8.871,-5.579,3.2920000000000007,2.0174000000000003,580.6,4.993,-79.93,2.616,6.8153,4.5793,0.4385,253.32,-0.0966
tridecafluorohexyllithium,[Li]C(F)(F)C(F)(F)C(F)(F)C(F)(F)C(F)(F)C(F)(F)F,perfluoroalkylLi,Perfluoroalkyl 2011 Table S-1,28,1,4.0,-78.0,-48.0,0.147,8.38,0.0,87.0,44.3,other,0,0,False,True,True,tier1,48.27,27.1204,0.9927,4.0,-78 to -48,9.621,0.0754,0.001966,0.0003308,49.88,28.0596,0.0676,,0.0,0.0,0.0,0.6088,0.0221,-11.107,-7.089,4.017999999999999,2.0188,609.9,7.323,-46.89,1.82,7.1142,4.2388,0.3632,214.55,-0.1126
fluoromethyllithium,[Li]CF,alkylLi,"CHLiIF_2020_Nagaki Table 1, Table 3, Table S1",52,1,4.0,-78.0,-20.0,0.0037,2.9000000000000004,0.0,90.0,52.5,scope_only,0,24,True,True,True,tier1,49.17,28.2835,0.9895,4.0,-78 to -20,5.233,0.03747,0.0009129,0.0001486,44.91,22.8338,0.9687,,0.0,0.0,0.0,0.4727,-0.1694,-8.825000000000001,-5.496,3.3290000000000006,1.9058,473.8,4.287,-44.91,1.82,2.803,4.1258,0.2315,67.85,-0.0946
lithium 4-methylstyrene oxide,[Li]C1(c2ccc(C)cc2)CO1,oxiranylLi,Oxiranyl 2010 Table S-7,35,1,5.0,-78.0,-38.0,0.357,23.8,0.0,63.0,19.3,kinetic,35,0,False,True,True,tier1,51.25,27.1634,0.9911,4.0,-68 to -38,57.84,0.336,0.006996,0.001055,59.24,30.2234,0.9716,,0.0,0.0,0.0,0.5036,-0.1418,-8.699,-5.906,2.793,1.8958,451.8,4.647,-66.56,1.82,6.9968,4.1158,0.3156,169.35,-0.0755
2-arylphenyllithium,[Li]c1ccccc1-c1ccccc1,ArLi,Three 2014 Table S-4,17,1,,,,,,50.0,73.0,61.4,trapping,0,0,True,True,False,,,,,,,,,,,51.65,24.9458,3.7933,-0.01,0.0,0.0,0.0,0.4119,-0.2229,-8.69,-6.33,2.359999999999999,1.9044,433.3,4.83,-64.58,1.9353,6.1747,5.7162,0.4006,185.82,-0.1139
tert-butyl p-lithiobenzoate,[Li]c1ccc(C(=O)OC(C)(C)C)cc1,ArLi,"Alkoxycarbonyl 2010 Table S-11, Table S-2",66,1,6.0,-78.0,20.0,0.014,6.300000000000001,6.0,99.0,80.3,kinetic,66,0,False,True,True,tier1,52.99,21.8606,0.9476,3.0,-28 to 20,33940.0,165.6,3.023,0.4273,39.92,19.3869,2.3182,0.45,0.0,0.0,0.0,0.421,-0.2235,-8.885,-6.398000000000001,2.486999999999999,1.907,411.6,7.527,-95.56,2.4115,4.4076,4.127,0.2299,214.23,-0.0964
2-bromo-2'-lithiobiphenyl,[Li]c1ccccc1-c1ccccc1Br,ArLi,Biary 2009 Table S-2,16,1,4.0,-78.0,24.0,0.057,13.0,19.0,88.0,75.8,kinetic,16,0,False,True,False,,,,,,,,,,,53.65,25.9799,3.7845,-0.01,0.0,0.0,0.0,0.4303,-0.2221,-8.963000000000001,-6.862,2.101000000000001,1.8957,433.4,6.322,-71.07000000000001,2.0029,5.9243,5.9183,0.4208,206.8,-0.1049
4-lithio-5-methyl-2-phenylthiazole,[Li]c1nc(-c2ccccc2)sc1C,ArLi,"Photochromic 2012 Table S3, Table S8",60,1,4.0,-48.0,24.0,0.014,12.6,0.0,100.0,51.5,kinetic,36,0,True,True,False,,,,,,,,,,,56.78,28.4216,1.6552,,0.0,0.0,0.0,0.4227,-0.1798,-9.007,-6.888,2.119,1.8816,483.0,4.921,-77.43,1.82,8.5629,4.1016,0.2625,192.57,-0.0624
2-iodophenyllithium,[Li]c1ccccc1I,ArLi,Three 2014 Table S-3,32,1,4.0,-78.0,-50.0,0.01,4.7,0.0,81.0,28.8,other,0,0,False,True,True,tier1,57.36,34.8231,0.9834,4.0,-78 to -50,1.177,0.003701,4.858e-05,5.843e-06,40.26,19.1565,3.4785,0.35,0.0,0.0,1.0,0.4634,-0.2364,-9.286,-6.2780000000000005,3.007999999999999,1.9224,471.5,3.514,-61.65,1.82,4.7467,4.1424,0.341,145.52,-0.1245
3-lithio-2-methylbenzothiophene,[Li]c1c(C)sc2ccccc12,ArLi,"Benzo 2011 Table S-1; Photochromic 2012 Table S4, Table S9",85,2,4.0,-48.0,24.0,0.014,12.6,0.0,86.0,46.2,kinetic,72,0,True,True,True,tier2_2pt,59.77,25.3626,1.0,2.0,0 to 24,66870.0,165.0,1.805,0.1986,46.04,21.7528,5.1147,,0.0,0.0,0.0,0.4283,-0.257,-9.195,-5.986,3.2090000000000005,1.8887,444.5,6.635,-68.92,1.8798,6.2543,4.1087,0.2978,167.58,-0.0696
oxiranyllithium,[Li]C1(C)OC1c1ccccc1,oxiranylLi,"Oxiranyl 2010 Table S-10, Table S-11",95,1,9.0,-78.0,24.0,0.0112,23.8,0.0,96.0,52.9,kinetic,95,0,False,True,True,tier1,59.89,26.0326,0.9453,5.0,-38 to 24,36830.0,89.81,0.9735,0.1067,61.92,31.4917,1.0893,,0.0,0.0,0.0,0.4921,-0.1484,-8.743,-5.777,2.966,1.8798,464.3,4.5920000000000005,-67.46000000000001,1.82,6.0129,4.0998,0.2868,169.23,-0.094
2-pyridyllithium,[Li]c1ccccn1,ArLi,Pyridyl 2020 Table S1,17,1,5.0,-78.0,20.0,0.78,3.92,35.0,81.0,58.8,other,0,0,False,True,False,,,,,,,,,,,60.08,30.6411,0.987,,0.0,0.0,0.0,0.402,-0.1481,-8.447000000000001,-5.8870000000000005,2.5600000000000005,1.8783,438.9,3.539,-57.02,1.82,4.3996,4.0983,0.2482,113.52,-0.0809
lithium carbenoid,[Li]CSCc1ccccc1,carbenoid,C1Carbenoid_2026_Oka Table S 2,25,1,5.0,-78.0,0.0,0.002,6.300000000000001,23.0,95.0,80.0,kinetic,25,0,False,True,True,tier2_2pt,61.53,27.9495,1.0,2.0,-40 to -20,14860.0,30.74,0.2944,0.03037,32.84,15.7694,2.2385,,0.0,0.0,0.0,0.4641,-0.223,-8.444,-6.2250000000000005,2.2190000000000003,1.9412,370.4,5.300000000000001,-68.34,1.82,8.8104,4.6735,0.3142,168.01,0.0127
lithiated 2-(2-naphthyl)ethylene oxide,[Li]C1(c2ccc3ccccc3c2)CO1,oxiranylLi,Oxiranyl 2010 Table S-8,35,1,5.0,-78.0,-38.0,0.357,23.8,1.0,92.0,48.2,kinetic,35,0,False,True,True,tier1,62.4,32.2461,0.9986,4.0,-68 to -38,346.2,0.6561,0.005884,0.0005876,58.72,30.0226,0.9083,,0.0,0.0,0.0,0.5085000000000001,-0.1381,-8.822000000000001,-6.474,2.3480000000000008,1.8992,451.4,5.5840000000000005,-72.85000000000001,1.82,7.2236,4.1192,0.3164,196.45,-0.0633
lithium oxiranyl anion,[Li]C1OC1c1ccccc1,oxiranylLi,"Oxiranyl 2010 Table S-3, Table S-4, Table S-5",105,1,5.0,-78.0,-38.0,0.357,26.200000000000003,0.0,88.0,38.9,kinetic,105,0,False,True,True,tier1,63.81,32.6837,0.9974,4.0,-68 to -38,532.3,0.8758,0.007062,0.0006695,65.01,32.2958,2.4001,,0.0,0.0,0.0,0.4727,-0.1795,-8.66,-6.219,2.441,1.8829,489.1,4.283,-61.63,1.82,6.4333,4.7172,0.3838,149.98,-0.0915
lithium oxiranyl anion,[Li]C1(c2ccc(Cl)cc2)CO1,oxiranylLi,Oxiranyl 2010 Table S-6,35,1,5.0,-78.0,-38.0,0.357,23.8,0.0,84.0,54.0,kinetic,35,0,False,True,True,tier1,64.88,33.5496,0.9951,4.0,-68 to -38,433.2,0.6401,0.00476,0.0004338,58.53,29.9314,0.9021,,0.0,0.0,0.0,0.5165000000000001,-0.1381,-9.082,-6.246,2.8360000000000003,1.8998,458.7000000000001,7.178,-69.94,1.8527,6.6822,4.1198,0.3076,168.06,-0.0736
o-bromophenyllithium,[Li]c1ccccc1Br,ArLi,"Dibromo 2007 Table S-6; Three 2014 Table S-1, Table S-2; oBrPhLi_2007_Usutani Table 1",124,3,6.0,-85.0,-50.0,0.01,4.7,0.0,93.0,42.0,kinetic,60,0,False,True,True,tier2_2pt,72.13,39.7726,1.0,2.0,-60 to -50,75.09,0.05354,0.0002302,1.605e-05,41.18,19.6478,3.4209,0.23,0.0,0.0,1.0,0.4765,-0.2368,-9.314,-5.9910000000000005,3.3229999999999995,1.9147,477.7000000000001,2.958,-56.67,1.82,4.3308,4.1347,0.3369,136.5,-0.1239
"lithium (2R*,3S*)-2,3-diphenyloxiran-2-ide",[Li][C@@]1(c2ccccc2)O[C@@H]1c1ccccc1,oxiranylLi,Oxiranyl 2010 Table S-12,24,1,4.0,-48.0,24.0,0.0112,23.8,3.0,94.0,72.1,kinetic,24,0,False,True,True,tier2_2pt,76.36,30.9469,1.0,2.0,0 to 24,6937000.0,3233.0,10.1,0.6022,56.32,28.7483,0.9417,,0.0,0.0,0.0,0.5059,-0.1426,-8.807,-6.031,2.7760000000000007,1.9055,451.6,5.307,-76.05,1.82,5.7256,4.1255,0.3176,224.7,-0.0764
oxiranyllithium intermediate,[Li][C@]1(c2ccccc2)OC1(C)c1ccccc1,oxiranylLi,"Oxiranyl 2010 Table S-14, Table S-15",55,1,4.0,-48.0,24.0,0.0112,95.2,0.0,98.0,47.3,kinetic,55,0,False,True,True,tier2_2pt,77.19,28.2293,1.0,2.0,0 to 24,175300000.0,75190.0,220.5,12.75,63.14,31.9788,1.2558,,0.0,0.0,0.0,0.4872,-0.146,-8.719,-5.8500000000000005,2.868999999999999,1.8958,458.1,5.4910000000000005,-81.12,2.3051,5.9918,4.1158,0.3381,239.79,-0.0785
