intermediate,intermediate_smiles,T_C,T_K,n_points,model,k_f,k_d,t_half_s,t_peak_s,y_max_pct,fit_r2,paper
"(Br, Li substituents on benzene ring)",Brc1ccccc1[Li],-78.0,195.14999999999998,8,competing,185.291,0.0139324,49.7509,0.05125,83.2,0.7257,three-component-coupling-based-on-flash-chemistry-
"(Br, Li substituents on benzene ring)",Brc1ccccc1[Li],-70.0,203.14999999999998,8,competing,186.335,0.0717853,9.65583,0.042207,90.2,0.8913,three-component-coupling-based-on-flash-chemistry-
"(Br, Li substituents on benzene ring)",Brc1ccccc1[Li],-60.0,213.14999999999998,8,competing,148.184,0.821625,0.84363,0.0352528,96.6,0.9444,three-component-coupling-based-on-flash-chemistry-
"(Br, Li substituents on benzene ring)",Brc1ccccc1[Li],-50.0,223.14999999999998,8,competing,252.449,1.76667,0.392348,0.0197944,83.2,0.9616,three-component-coupling-based-on-flash-chemistry-
tert-butyl 4-(lithio)benzoate (aryllithium),CC(C)(C)OC(=O)c1ccc([Li])cc1,-78.0,195.14999999999998,72,formation_only,185.984,,,,66.1,0.0138,Nagaki et al. 2010 - A flow microreactor system en
tert-butyl 4-(lithio)benzoate (aryllithium),CC(C)(C)OC(=O)c1ccc([Li])cc1,-60.0,213.14999999999998,72,competing,359.111,0.0755573,9.17379,0.0235812,76.4,0.1369,Nagaki et al. 2010 - A flow microreactor system en
tert-butyl 4-(lithio)benzoate (aryllithium),CC(C)(C)OC(=O)c1ccc([Li])cc1,-50.0,223.14999999999998,72,competing,4404.07,0.120479,5.75327,0.00238571,74.1,0.1842,Nagaki et al. 2010 - A flow microreactor system en
tert-butyl 4-(lithio)benzoate (aryllithium),CC(C)(C)OC(=O)c1ccc([Li])cc1,-30.0,243.14999999999998,70,competing,165921,0.165911,4.17782,8.3266e-05,61.4,0.0761,Nagaki et al. 2010 - A flow microreactor system en
tert-butyl 4-(lithio)benzoate (aryllithium),CC(C)(C)OC(=O)c1ccc([Li])cc1,0.0,273.15,66,competing,1861.09,0.234915,2.95063,0.00482437,38.5,0.0719,Nagaki et al. 2010 - A flow microreactor system en
tert-butyl 4-(lithio)benzoate (aryllithium),CC(C)(C)OC(=O)c1ccc([Li])cc1,20.0,293.15,12,competing,2534.66,1.23256,0.562362,0.00301122,76.4,0.9132,Nagaki et al. 2010 - A flow microreactor system en
tert-butyl o-(lithio)benzoate (aryllithium),CC(C)(C)OC(=O)c1ccccc1[Li],-78.0,195.14999999999998,6,formation_only,86.8673,,,,67.2,0.2165,Nagaki et al. 2008 - Aryllithium compounds bearing
tert-butyl o-(lithio)benzoate (aryllithium),CC(C)(C)OC(=O)c1ccccc1[Li],-60.0,213.14999999999998,6,formation_only,58.0623,,,,92.4,0.8625,Nagaki et al. 2008 - Aryllithium compounds bearing
tert-butyl o-(lithio)benzoate (aryllithium),CC(C)(C)OC(=O)c1ccccc1[Li],-50.0,223.14999999999998,6,formation_only,84.4437,,,,96.0,0.9631,Nagaki et al. 2008 - Aryllithium compounds bearing
tert-butyl o-(lithio)benzoate (aryllithium),CC(C)(C)OC(=O)c1ccccc1[Li],-30.0,243.14999999999998,6,competing,106.178,0.0211256,32.8108,0.0802811,99.1,0.9973,Nagaki et al. 2008 - Aryllithium compounds bearing
tert-butyl o-(lithio)benzoate (aryllithium),CC(C)(C)OC(=O)c1ccccc1[Li],0.0,273.15,6,competing,438.867,0.137735,5.03247,0.0183863,93.4,0.9994,Nagaki et al. 2008 - Aryllithium compounds bearing
tert-butyl o-(lithio)benzoate (aryllithium),CC(C)(C)OC(=O)c1ccccc1[Li],20.0,293.15,6,competing,123102,0.185481,3.73702,0.000108898,78.1,0.9525,Nagaki et al. 2008 - Aryllithium compounds bearing
isopropyl o-(lithio)benzoate,CC(C)OC(=O)c1ccccc1[Li],-78.0,195.14999999999998,6,formation_only,132.022,,,,58.9,0.0872,Nagaki et al. 2008 - Aryllithium compounds bearing
isopropyl o-(lithio)benzoate,CC(C)OC(=O)c1ccccc1[Li],-60.0,213.14999999999998,6,competing,84.0361,0.023677,29.2751,0.0973011,83.3,0.7764,Nagaki et al. 2008 - Aryllithium compounds bearing
isopropyl o-(lithio)benzoate,CC(C)OC(=O)c1ccccc1[Li],-50.0,223.14999999999998,6,competing,102.859,0.0400372,17.3126,0.0763602,85.5,0.9455,Nagaki et al. 2008 - Aryllithium compounds bearing
isopropyl o-(lithio)benzoate,CC(C)OC(=O)c1ccccc1[Li],-30.0,243.14999999999998,6,competing,66779.7,0.27715,2.50098,0.000185571,87.3,0.9973,Nagaki et al. 2008 - Aryllithium compounds bearing
isopropyl o-(lithio)benzoate,CC(C)OC(=O)c1ccccc1[Li],0.0,273.15,6,competing,2259.43,2.29031,0.302644,0.00305439,79.8,0.9474,Nagaki et al. 2008 - Aryllithium compounds bearing
ethyl o-(lithio)benzoate,CCOC(=O)c1ccccc1[Li],-78.0,195.14999999999998,6,formation_only,55.32,,,,55.6,0.6713,Nagaki et al. 2008 - Aryllithium compounds bearing
ethyl o-(lithio)benzoate,CCOC(=O)c1ccccc1[Li],-60.0,213.14999999999998,6,competing,85.9922,0.0536789,12.9128,0.0858636,83.0,0.9251,Nagaki et al. 2008 - Aryllithium compounds bearing
ethyl o-(lithio)benzoate,CCOC(=O)c1ccccc1[Li],-50.0,223.14999999999998,6,competing,99.8799,0.129292,5.3611,0.0666628,87.4,0.9820,Nagaki et al. 2008 - Aryllithium compounds bearing
ethyl o-(lithio)benzoate,CCOC(=O)c1ccccc1[Li],-30.0,243.14999999999998,6,competing,5163.38,0.982254,0.70567,0.00165955,74.6,0.9065,Nagaki et al. 2008 - Aryllithium compounds bearing
ethyl o-(lithio)benzoate,CCOC(=O)c1ccccc1[Li],0.0,273.15,6,competing,7758.21,8.26831,0.0838317,0.000883114,68.6,0.9653,Nagaki et al. 2008 - Aryllithium compounds bearing
methyl o-(lithio)benzoate,COC(=O)c1ccccc1[Li],-78.0,195.14999999999998,7,competing,110.672,0.033952,20.4155,0.0731159,42.6,0.4319,Nagaki et al. 2008 - Aryllithium compounds bearing
methyl o-(lithio)benzoate,COC(=O)c1ccccc1[Li],-60.0,213.14999999999998,7,competing,99553.4,0.126966,5.45931,0.000136332,62.4,0.8095,Nagaki et al. 2008 - Aryllithium compounds bearing
methyl o-(lithio)benzoate,COC(=O)c1ccccc1[Li],-50.0,223.14999999999998,7,competing,25229.8,0.732489,0.94629,0.000414089,68.0,0.8716,Nagaki et al. 2008 - Aryllithium compounds bearing
methyl o-(lithio)benzoate,COC(=O)c1ccccc1[Li],-30.0,243.14999999999998,7,competing,189.103,2.06483,0.335691,0.0241515,59.8,0.9282,Nagaki et al. 2008 - Aryllithium compounds bearing
methyl o-(lithio)benzoate,COC(=O)c1ccccc1[Li],0.0,273.15,7,competing,8117.62,19.8672,0.0348891,0.000742518,42.2,0.8951,Nagaki et al. 2008 - Aryllithium compounds bearing
"(I, Li substituents on benzene ring)",Ic1ccccc1[Li],-78.0,195.14999999999998,8,competing,490.478,0.428535,1.61748,0.0143715,76.9,0.9789,three-component-coupling-based-on-flash-chemistry-
"(I, Li substituents on benzene ring)",Ic1ccccc1[Li],-70.0,203.14999999999998,8,competing,2248.74,2.60689,0.265891,0.0030096,83.1,0.9882,three-component-coupling-based-on-flash-chemistry-
"(I, Li substituents on benzene ring)",Ic1ccccc1[Li],-60.0,213.14999999999998,7,competing,230.074,14.4066,0.0481133,0.0128472,102.8,0.9998,three-component-coupling-based-on-flash-chemistry-
"(I, Li substituents on benzene ring)",Ic1ccccc1[Li],-50.0,223.14999999999998,6,competing,41926,42.9144,0.0161519,0.000164373,88.7,1.0000,three-component-coupling-based-on-flash-chemistry-
p-lithiobenzonitrile (from 1c),N#Cc1ccc([Li])cc1,-78.0,195.14999999999998,6,formation_only,1.15608,,,,90.8,0.9604,Nagaki et al. 2010 - Generation and reaction of cy
p-lithiobenzonitrile (from 1c),N#Cc1ccc([Li])cc1,-60.0,213.14999999999998,6,formation_only,5.33607,,,,89.1,0.9501,Nagaki et al. 2010 - Generation and reaction of cy
p-lithiobenzonitrile (from 1c),N#Cc1ccc([Li])cc1,-50.0,223.14999999999998,6,formation_only,27.6708,,,,86.1,0.9694,Nagaki et al. 2010 - Generation and reaction of cy
p-lithiobenzonitrile (from 1c),N#Cc1ccc([Li])cc1,-30.0,243.14999999999998,6,formation_only,403.807,,,,87.4,0.0143,Nagaki et al. 2010 - Generation and reaction of cy
p-lithiobenzonitrile (from 1c),N#Cc1ccc([Li])cc1,0.0,273.15,6,competing,136465,0.0715511,9.68744,0.00010597,85.8,0.9561,Nagaki et al. 2010 - Generation and reaction of cy
p-lithiobenzonitrile (from 1c),N#Cc1ccc([Li])cc1,20.0,293.15,6,competing,2456.17,0.0884636,7.83539,0.00416579,79.2,0.9487,Nagaki et al. 2010 - Generation and reaction of cy
m-lithiobenzonitrile (from 1b),N#Cc1cccc([Li])c1,-78.0,195.14999999999998,6,formation_only,1.93019,,,,80.1,0.9237,Nagaki et al. 2010 - Generation and reaction of cy
m-lithiobenzonitrile (from 1b),N#Cc1cccc([Li])c1,-60.0,213.14999999999998,6,formation_only,11.486,,,,87.2,0.9928,Nagaki et al. 2010 - Generation and reaction of cy
m-lithiobenzonitrile (from 1b),N#Cc1cccc([Li])c1,-50.0,223.14999999999998,6,formation_only,34.6808,,,,82.1,0.9925,Nagaki et al. 2010 - Generation and reaction of cy
m-lithiobenzonitrile (from 1b),N#Cc1cccc([Li])c1,-30.0,243.14999999999998,6,formation_only,370.08,,,,83.6,0.0261,Nagaki et al. 2010 - Generation and reaction of cy
m-lithiobenzonitrile (from 1b),N#Cc1cccc([Li])c1,0.0,273.15,6,competing,216.762,0.08392,8.25962,0.0362597,84.8,0.9509,Nagaki et al. 2010 - Generation and reaction of cy
m-lithiobenzonitrile (from 1b),N#Cc1cccc([Li])c1,20.0,293.15,6,competing,9161.39,0.0970243,7.14406,0.00125043,76.7,0.9013,Nagaki et al. 2010 - Generation and reaction of cy
o-lithiobenzonitrile (from 1a),N#Cc1ccccc1[Li],-78.0,195.14999999999998,6,formation_only,2.77574,,,,76.9,0.9687,Nagaki et al. 2010 - Generation and reaction of cy
o-lithiobenzonitrile (from 1a),N#Cc1ccccc1[Li],-60.0,213.14999999999998,6,formation_only,7.63411,,,,87.2,0.9387,Nagaki et al. 2010 - Generation and reaction of cy
o-lithiobenzonitrile (from 1a),N#Cc1ccccc1[Li],-50.0,223.14999999999998,6,formation_only,27.6195,,,,89.2,0.9814,Nagaki et al. 2010 - Generation and reaction of cy
o-lithiobenzonitrile (from 1a),N#Cc1ccccc1[Li],-30.0,243.14999999999998,6,formation_only,1854.12,,,,86.0,-0.0000,Nagaki et al. 2010 - Generation and reaction of cy
o-lithiobenzonitrile (from 1a),N#Cc1ccccc1[Li],0.0,273.15,6,formation_only,19016.7,,,,85.7,-0.0000,Nagaki et al. 2010 - Generation and reaction of cy
o-lithiobenzonitrile (from 1a),N#Cc1ccccc1[Li],20.0,293.15,6,competing,142223,0.033197,20.8798,0.000107369,84.8,0.7543,Nagaki et al. 2010 - Generation and reaction of cy
chloroiodomethyllithium (CHLi(I)(Cl)),[Li]C(Cl)I,-78.0,195.14999999999998,6,formation_only,1.6013,,,,75.6,0.7389,Musci et al. 2020 - Flow microreactor technology f
chloroiodomethyllithium (CHLi(I)(Cl)),[Li]C(Cl)I,-60.0,213.14999999999998,6,formation_only,2.74761,,,,71.3,0.9246,Musci et al. 2020 - Flow microreactor technology f
chloroiodomethyllithium (CHLi(I)(Cl)),[Li]C(Cl)I,-40.0,233.14999999999998,6,competing,9.40662,0.0849065,8.16365,0.505017,79.8,0.8971,Musci et al. 2020 - Flow microreactor technology f
chloroiodomethyllithium (CHLi(I)(Cl)),[Li]C(Cl)I,-20.0,253.14999999999998,6,competing,20.8433,0.202735,3.41898,0.224456,88.0,0.8838,Musci et al. 2020 - Flow microreactor technology f
chloroiodomethyllithium (CHLi(I)(Cl)),[Li]C(Cl)I,0.0,273.15,5,competing,48.611,0.565705,1.22528,0.0926944,54.5,0.9781,Musci et al. 2020 - Flow microreactor technology f
"CHLi(I)(F) (iodofluoromethyllithium), lifetime 82 ms at -40 °C",[Li]C(F)I,-78.0,195.14999999999998,7,competing,32.6592,0.122316,5.66684,0.171721,100.3,0.9211,example1
"CHLi(I)(F) (iodofluoromethyllithium), lifetime 82 ms at -40 °C",[Li]C(F)I,-60.0,213.14999999999998,7,competing,90.8103,0.197878,3.50291,0.0676384,89.5,0.7296,example1
"CHLi(I)(F) (iodofluoromethyllithium), lifetime 82 ms at -40 °C",[Li]C(F)I,-40.0,233.14999999999998,7,competing,62.6824,0.570814,1.21431,0.0756505,113.7,0.8823,example1
"CHLi(I)(F) (iodofluoromethyllithium), lifetime 82 ms at -40 °C",[Li]C(F)I,-20.0,253.14999999999998,7,competing,389.594,1.11487,0.621727,0.0150751,82.3,0.9251,example1
oxiranyllithium,[Li]C1CO1,-78.0,195.14999999999998,28,formation_only,0.235119,,,,69.3,0.5811,Nagaki et al. 2010 - Generation and reactions of o
oxiranyllithium,[Li]C1CO1,-70.0,203.14999999999998,28,competing,0.703568,0.0015359,451.298,8.72759,65.4,0.5624,Nagaki et al. 2010 - Generation and reactions of o
oxiranyllithium,[Li]C1CO1,-60.0,213.14999999999998,28,competing,1.27017,0.0361879,19.1541,2.8835,69.6,0.3452,Nagaki et al. 2010 - Generation and reactions of o
oxiranyllithium,[Li]C1CO1,-50.0,223.14999999999998,28,competing,3.80337,0.0678145,10.2212,1.07798,50.3,0.3510,Nagaki et al. 2010 - Generation and reactions of o
oxiranyllithium,[Li]C1CO1,-40.0,233.14999999999998,40,competing,6.67418,0.133733,5.18305,0.597842,52.0,0.2137,Nagaki et al. 2010 - Generation and reactions of o
oxiranyllithium,[Li]C1CO1,-20.0,253.14999999999998,12,formation_only,5.3964,,,,70.6,0.0123,Nagaki et al. 2010 - Generation and reactions of o
oxiranyllithium,[Li]C1CO1,0.0,273.15,12,competing,6.61798,0.881892,0.785978,0.351368,97.4,0.4418,Nagaki et al. 2010 - Generation and reactions of o
oxiranyllithium,[Li]C1CO1,20.0,293.15,12,competing,335.783,3.10118,0.223511,0.0140816,90.3,0.2976,Nagaki et al. 2010 - Generation and reactions of o
"Li-CH2-F (fluoromethyllithium), lifetime 13 ms at -60 °C",[Li]CF,-78.0,195.14999999999998,7,competing,107843,0.113913,6.08487,0.0001276,80.6,0.8589,example1
"Li-CH2-F (fluoromethyllithium), lifetime 13 ms at -60 °C",[Li]CF,-60.0,213.14999999999998,7,competing,867.84,2.52205,0.274835,0.00675004,86.2,0.9995,example1
"Li-CH2-F (fluoromethyllithium), lifetime 13 ms at -60 °C",[Li]CF,-40.0,233.14999999999998,6,competing,111591,13.3718,0.0518366,8.09251e-05,72.8,0.9818,example1
"Li-CH2-F (fluoromethyllithium), lifetime 13 ms at -60 °C",[Li]CF,-20.0,253.14999999999998,7,competing,39799.7,149.906,0.00462387,0.000140773,96.3,0.9915,example1
aryllithium (then borylated to arylboronate),[Li]c1ccccc1,0.0,273.15,18,competing,4.76155,0.489889,1.41491,0.53238,125.5,0.1303,80
aryllithium (then borylated to arylboronate),[Li]c1ccccc1,24.0,297.15,5,competing,16.9492,1.79667,0.385795,0.148113,69.3,0.0000,80
