paper_id,data_source_type,scope_type,intermediate,intermediate_smiles_canonical,intermediate_class_master,electrophile,electrophile_smiles,elec_category,T1_C,tR1_s,tR2_s,yield_pct,Ea_kJ_mol,Ea_pred_kJ_mol,dft_charge_C_ipso,dft_LiC_bond_A,buried_vol_Li,dft_dipole_D,sterimol_B1,elec_mw,elec_logp,elec_tpsa,elec_n_heavy
AlkoxycarbonylArLi_2008_Nagaki,si_table_Table 2,scope_electrophile,alkyl o-lithiobenzoates,[Li]c1ccccc1C(=O)OC(C)(C)C,ArLi,tert-butyl alcohol,,protonation,0.0,0.01,,93.0,28.14,37.76,-0.2234,1.941,0.2984,3.66,1.9988,,,,
AlkoxycarbonylArLi_2008_Nagaki,si_table_Table 2,scope_electrophile,alkyl o-lithiobenzoates,[Li]c1ccccc1C(=O)OC(C)(C)C,ArLi,iodomethane,,alkylation,0.0,0.01,,88.0,28.14,37.76,-0.2234,1.941,0.2984,3.66,1.9988,,,,
AlkoxycarbonylArLi_2008_Nagaki,si_table_Table 2,scope_electrophile,alkyl o-lithiobenzoates,[Li]c1ccccc1C(=O)OC(C)(C)C,ArLi,chlorotrimethylsilane,,silylation,0.0,0.01,,96.0,28.14,37.76,-0.2234,1.941,0.2984,3.66,1.9988,,,,
AlkoxycarbonylArLi_2008_Nagaki,si_table_Table 2,scope_electrophile,alkyl o-lithiobenzoates,[Li]c1ccccc1C(=O)OC(C)(C)C,ArLi,benzaldehyde,,aldehyde,0.0,0.01,,82.0,28.14,37.76,-0.2234,1.941,0.2984,3.66,1.9988,,,,
AlkoxycarbonylArLi_2008_Nagaki,si_table_Table 2,scope_electrophile,alkyl o-lithiobenzoates,[Li]c1ccccc1C(=O)OC(C)C,ArLi,2-propanol,,protonation,-28.0,0.01,,87.0,40.71,42.0,-0.2219,1.9459,0.3474,3.45,1.9391,,,,
AlkoxycarbonylArLi_2008_Nagaki,si_table_Table 2,scope_electrophile,alkyl o-lithiobenzoates,[Li]c1ccccc1C(=O)OC(C)C,ArLi,iodomethane,,alkylation,-28.0,0.01,,62.0,40.71,42.0,-0.2219,1.9459,0.3474,3.45,1.9391,,,,
AlkoxycarbonylArLi_2008_Nagaki,si_table_Table 2,scope_electrophile,alkyl o-lithiobenzoates,[Li]c1ccccc1C(=O)OC(C)C,ArLi,methyl triflate,,alkylation,-28.0,0.01,,82.0,40.71,42.0,-0.2219,1.9459,0.3474,3.45,1.9391,,,,
AlkoxycarbonylArLi_2008_Nagaki,si_table_Table 2,scope_electrophile,alkyl o-lithiobenzoates,[Li]c1ccccc1C(=O)OC(C)C,ArLi,chlorotrimethylsilane,,silylation,-28.0,0.01,,93.0,40.71,42.0,-0.2219,1.9459,0.3474,3.45,1.9391,,,,
AlkoxycarbonylArLi_2008_Nagaki,si_table_Table 2,scope_electrophile,alkyl o-lithiobenzoates,[Li]c1ccccc1C(=O)OC(C)C,ArLi,benzaldehyde,,aldehyde,-28.0,0.01,,66.0,40.71,42.0,-0.2219,1.9459,0.3474,3.45,1.9391,,,,
AlkoxycarbonylArLi_2008_Nagaki,si_table_Table 2,scope_electrophile,alkyl o-lithiobenzoates,[Li]c1ccccc1C(=O)OCC,ArLi,ethanol,,protonation,-48.0,0.06,,90.0,43.56,39.34,-0.2215,1.9448,0.3204,3.355,1.82,,,,
AlkoxycarbonylArLi_2008_Nagaki,si_table_Table 2,scope_electrophile,alkyl o-lithiobenzoates,[Li]c1ccccc1C(=O)OCC,ArLi,iodomethane,,alkylation,-48.0,0.06,,12.0,43.56,39.34,-0.2215,1.9448,0.3204,3.355,1.82,,,,
AlkoxycarbonylArLi_2008_Nagaki,si_table_Table 2,scope_electrophile,alkyl o-lithiobenzoates,[Li]c1ccccc1C(=O)OCC,ArLi,methyl triflate,,alkylation,-48.0,0.06,,62.0,43.56,39.34,-0.2215,1.9448,0.3204,3.355,1.82,,,,
AlkoxycarbonylArLi_2008_Nagaki,si_table_Table 2,scope_electrophile,alkyl o-lithiobenzoates,[Li]c1ccccc1C(=O)OCC,ArLi,chlorotrimethylsilane,,silylation,-48.0,0.06,,61.0,43.56,39.34,-0.2215,1.9448,0.3204,3.355,1.82,,,,
AlkoxycarbonylArLi_2008_Nagaki,si_table_Table 2,scope_electrophile,alkyl o-lithiobenzoates,[Li]c1ccccc1C(=O)OCC,ArLi,trimethylsilyl triflate,,silylation,-48.0,0.06,,79.0,43.56,39.34,-0.2215,1.9448,0.3204,3.355,1.82,,,,
AlkoxycarbonylArLi_2008_Nagaki,si_table_Table 2,scope_electrophile,alkyl o-lithiobenzoates,[Li]c1ccccc1C(=O)OCC,ArLi,benzaldehyde,,aldehyde,-48.0,0.06,,70.0,43.56,39.34,-0.2215,1.9448,0.3204,3.355,1.82,,,,
AlkoxycarbonylArLi_2008_Nagaki,si_table_Table 2,scope_electrophile,alkyl o-lithiobenzoates,[Li]c1ccccc1C(=O)OC,ArLi,methanol,,protonation,-48.0,0.02,,74.0,39.61,37.04,-0.2207,1.9444,0.2981,3.182,1.82,,,,
AlkoxycarbonylArLi_2008_Nagaki,si_table_Table 2,scope_electrophile,alkyl o-lithiobenzoates,[Li]c1ccccc1C(=O)OC,ArLi,methyl triflate,,alkylation,-48.0,0.02,,65.0,39.61,37.04,-0.2207,1.9444,0.2981,3.182,1.82,,,,
AlkoxycarbonylArLi_2008_Nagaki,si_table_Table 2,scope_electrophile,alkyl o-lithiobenzoates,[Li]c1ccccc1C(=O)OC,ArLi,trimethylsilyl triflate,,silylation,-48.0,0.02,,82.0,39.61,37.04,-0.2207,1.9444,0.2981,3.182,1.82,,,,
AlkoxycarbonylArLi_2008_Nagaki,si_table_Table 2,scope_electrophile,alkyl o-lithiobenzoates,[Li]c1ccccc1C(=O)OC,ArLi,benzaldehyde,,aldehyde,-48.0,0.02,,85.0,39.61,37.04,-0.2207,1.9444,0.2981,3.182,1.82,,,,
CHLiIF_2020_Nagaki,si_table_Table 1,scope_electrophile,fluoromethyllithium (2) or fluoroiodomethyllithium (3),[Li]CF,alkylLi,N-methoxy-N-methyl-3-phenylpropanamide,O=C(N(OC)C)CCC1=CC=CC=C1,weinreb_amide,-60.0,0.013,7.86,70.0,49.17,44.91,-0.1694,1.9058,0.1875,4.287,1.82,193.24600000000004,1.6389999999999998,29.540000000000003,14.0
CHLiIF_2020_Nagaki,si_table_Table 1,scope_electrophile,fluoromethyllithium (2) or fluoroiodomethyllithium (3),[Li]CF,alkylLi,N-methoxy-N-methylcinnanamide,O=C(N(OC)C)/C=C/C1=CC=CC=C1,weinreb_amide,-60.0,0.013,7.86,80.0,49.17,44.91,-0.1694,1.9058,0.1875,4.287,1.82,191.23000000000002,1.7196,29.540000000000003,14.0
CHLiIF_2020_Nagaki,si_table_Table 1,scope_electrophile,fluoromethyllithium (2) or fluoroiodomethyllithium (3),[Li]CF,alkylLi,N-methoxy-N-methyl-2-phenylacetamide,O=C(N(OC)C)CC1=CC=CC=C1,weinreb_amide,-60.0,0.013,7.86,66.0,49.17,44.91,-0.1694,1.9058,0.1875,4.287,1.82,179.21900000000002,1.2489,29.540000000000003,13.0
CHLiIF_2020_Nagaki,si_table_Table 1,scope_electrophile,fluoromethyllithium (2) or fluoroiodomethyllithium (3),[Li]CF,alkylLi,N-methoxy-N-methyl-2-(thiophen-2-yl)acetamide,O=C(N(OC)C)CC1=CC=CS1,weinreb_amide,-60.0,0.013,7.86,68.0,49.17,44.91,-0.1694,1.9058,0.1875,4.287,1.82,185.24800000000002,1.3104,29.540000000000003,12.0
CHLiIF_2020_Nagaki,si_table_Table 1,scope_electrophile,fluoromethyllithium (2) or fluoroiodomethyllithium (3),[Li]CF,alkylLi,"N-methoxy-N-methyl-[1,1'-biphenyl]-4-carboxamide",O=C(N(OC)C)C1=CC=C(C2=CC=CC=C2)C=C1,weinreb_amide,-60.0,0.013,7.86,60.0,49.17,44.91,-0.1694,1.9058,0.1875,4.287,1.82,241.29000000000002,2.987000000000002,29.540000000000003,18.0
CHLiIF_2020_Nagaki,si_table_Table 1,scope_electrophile,fluoromethyllithium (2) or fluoroiodomethyllithium (3),[Li]CF,alkylLi,N-methoxy-N-methyl-2-phenylbutanamide,O=C(N(OC)C)C(CC)C1=CC=CC=C1,weinreb_amide,-60.0,0.013,7.86,60.0,49.17,44.91,-0.1694,1.9058,0.1875,4.287,1.82,207.273,2.2,29.540000000000003,15.0
CHLiIF_2020_Nagaki,si_table_Table 1,scope_electrophile,fluoromethyllithium (2) or fluoroiodomethyllithium (3),[Li]CF,alkylLi,3-fluoro-N-methoxy-N-methylbenzamide,O=C(N(OC)C)C1=CC(F)=CC=C1,weinreb_amide,-60.0,0.013,7.86,80.0,49.17,44.91,-0.1694,1.9058,0.1875,4.287,1.82,183.182,1.4591,29.540000000000003,13.0
CHLiIF_2020_Nagaki,si_table_Table 1,scope_electrophile,fluoromethyllithium (2) or fluoroiodomethyllithium (3),[Li]CF,alkylLi,4-(trifluoromethyl)-N-methoxy-N-methylbenzamide,O=C(N(OC)C)C1=CC=C(C(F)(F)F)C=C1,weinreb_amide,-60.0,0.013,7.86,75.0,49.17,44.91,-0.1694,1.9058,0.1875,4.287,1.82,233.18899999999996,2.3388,29.540000000000003,16.0
CHLiIF_2020_Nagaki,si_table_Table 1,scope_electrophile,fluoromethyllithium (2) or fluoroiodomethyllithium (3),[Li]CF,alkylLi,4-fluoro-N-methoxy-N-methylbenzamide,O=C(N(OC)C)C1=CC=C(F)C=C1,weinreb_amide,-60.0,0.013,7.86,77.0,49.17,44.91,-0.1694,1.9058,0.1875,4.287,1.82,183.182,1.4591,29.540000000000003,13.0
CHLiIF_2020_Nagaki,si_table_Table 1,scope_electrophile,fluoromethyllithium (2) or fluoroiodomethyllithium (3),[Li]CF,alkylLi,chlorotributylstannane,,stannylation,-40.0,0.082,10.47,84.0,49.17,44.91,-0.1694,1.9058,0.1875,4.287,1.82,,,,
CHLiIF_2020_Nagaki,si_table_Table 1,scope_electrophile,fluoromethyllithium (2) or fluoroiodomethyllithium (3),[Li]CF,alkylLi,Ph3SnCl,,stannylation,-40.0,0.082,10.47,80.0,49.17,44.91,-0.1694,1.9058,0.1875,4.287,1.82,,,,
CHLiIF_2020_Nagaki,si_table_Table 1,scope_electrophile,fluoromethyllithium (2) or fluoroiodomethyllithium (3),[Li]CF,alkylLi,chlorodibutylphenylstannane,,stannylation,-40.0,0.082,10.47,60.0,49.17,44.91,-0.1694,1.9058,0.1875,4.287,1.82,,,,
CHLiIF_2020_Nagaki,si_table_Table 1,scope_electrophile,fluoromethyllithium (2) or fluoroiodomethyllithium (3),[Li]CF,alkylLi,benzophenone,O=C(C1=CC=CC=C1)C2=CC=CC=C2,ketone,-40.0,0.082,10.47,76.0,49.17,44.91,-0.1694,1.9058,0.1875,4.287,1.82,182.222,2.917600000000001,17.07,14.0
CHLiIF_2020_Nagaki,si_table_Table 1,scope_electrophile,fluoromethyllithium (2) or fluoroiodomethyllithium (3),[Li]CF,alkylLi,"4,4'-difluorobenzophenone",O=C(C1=CC=C(F)C=C1)C2=CC=C(F)C=C2,ketone,-40.0,0.082,10.47,56.0,49.17,44.91,-0.1694,1.9058,0.1875,4.287,1.82,218.202,3.195800000000002,17.07,16.0
CHLiIF_2020_Nagaki,si_table_Table 1,scope_electrophile,fluoromethyllithium (2) or fluoroiodomethyllithium (3),[Li]CF,alkylLi,isobutyrophenone,O=C(C(C)C)C1=CC=CC=C1,ketone,-40.0,0.082,10.47,85.0,49.17,44.91,-0.1694,1.9058,0.1875,4.287,1.82,148.20499999999998,2.5253000000000005,17.07,11.0
CHLiIF_2020_Nagaki,si_table_Table 3,scope_electrophile,fluoromethyllithium (2) and fluoroiodomethyllithium (3),[Li]CF,alkylLi,4-methoxy-N-methoxy-N-methylbenzamide,COc1ccc(C(=O)N(C)OC)cc1,weinreb_amide,-60.0,0.013,7.86,69.0,49.17,44.91,-0.1694,1.9058,0.1875,4.287,1.82,195.218,1.3286,38.769999999999996,14.0
CHLiIF_2020_Nagaki,si_table_Table 3,scope_electrophile,fluoromethyllithium (2) and fluoroiodomethyllithium (3),[Li]CF,alkylLi,4-cyano-N-methoxy-N-methylbenzamide,N#Cc1ccc(C(=O)N(C)OC)cc1,weinreb_amide,-60.0,0.013,7.86,58.0,49.17,44.91,-0.1694,1.9058,0.1875,4.287,1.82,190.202,1.19168,53.33,14.0
CHLiIF_2020_Nagaki,si_table_Table 3,scope_electrophile,fluoromethyllithium (2) and fluoroiodomethyllithium (3),[Li]CF,alkylLi,3-cyano-N-methoxy-N-methylbenzamide,N#Cc1cccc(C(=O)N(C)OC)c1,weinreb_amide,-60.0,0.013,7.86,51.0,49.17,44.91,-0.1694,1.9058,0.1875,4.287,1.82,190.20199999999997,1.19168,53.33,14.0
CHLiIF_2020_Nagaki,si_table_Table 3,scope_electrophile,fluoromethyllithium (2) and fluoroiodomethyllithium (3),[Li]CF,alkylLi,4-bromo-N-methoxy-N-methylbenzamide,Brc1ccc(C(=O)N(C)OC)cc1,weinreb_amide,-60.0,0.013,7.86,69.0,49.17,44.91,-0.1694,1.9058,0.1875,4.287,1.82,244.08799999999997,2.0825,29.540000000000003,13.0
CHLiIF_2020_Nagaki,si_table_Table 3,scope_electrophile,fluoromethyllithium (2) and fluoroiodomethyllithium (3),[Li]CF,alkylLi,3-bromo-N-methoxy-N-methylbenzamide,Brc1cccc(C(=O)N(C)OC)c1,weinreb_amide,-60.0,0.013,7.86,70.0,49.17,44.91,-0.1694,1.9058,0.1875,4.287,1.82,244.08799999999997,2.0824999999999996,29.540000000000003,13.0
CHLiIF_2020_Nagaki,si_table_Table 3,scope_electrophile,fluoromethyllithium (2) and fluoroiodomethyllithium (3),[Li]CF,alkylLi,4-benzoyl-N-methoxy-N-methylbenzamide,CN(OC)C(=O)c1ccc(C(=O)c2ccccc2)cc1,weinreb_amide,-60.0,0.013,7.86,60.0,49.17,44.91,-0.1694,1.9058,0.1875,4.287,1.82,269.3,2.551000000000001,46.61,20.0
CHLiIF_2020_Nagaki,si_table_Table 3,scope_electrophile,fluoromethyllithium (2) and fluoroiodomethyllithium (3),[Li]CF,alkylLi,4-vinylbenzophenone,C=Cc1ccc(C(=O)c2ccccc2)cc1,ketone,-40.0,0.082,20.94,90.0,49.17,44.91,-0.1694,1.9058,0.1875,4.287,1.82,208.26000000000002,3.5606000000000018,17.07,16.0
CHLiIF_2020_Nagaki,si_table_Table 3,scope_electrophile,fluoromethyllithium (2) and fluoroiodomethyllithium (3),[Li]CF,alkylLi,4-bromobenzophenone,Brc1ccc(C(=O)c2ccccc2)cc1,ketone,-40.0,0.082,20.94,66.0,49.17,44.91,-0.1694,1.9058,0.1875,4.287,1.82,261.118,3.680100000000002,17.07,15.0
CHLiIF_2020_Nagaki,si_table_Table 3,scope_electrophile,fluoromethyllithium (2) and fluoroiodomethyllithium (3),[Li]CF,alkylLi,4-cyanobenzophenone,N#Cc1ccc(C(=O)c2ccccc2)cc1,ketone,-40.0,0.082,20.94,49.0,49.17,44.91,-0.1694,1.9058,0.1875,4.287,1.82,207.23200000000003,2.7892800000000006,40.86,16.0
CyanoArLi_2010_Nagaki,si_table_Table 2,scope_electrophile,lithiobenzonitriles (2),[Li]c1ccccc1C#N,ArLi,chlorotrimethylsilane,,silylation,20.0,0.01,,90.0,,23.79,-0.2137,1.9765,0.2635,2.068,1.82,,,,
CyanoArLi_2010_Nagaki,si_table_Table 2,scope_electrophile,lithiobenzonitriles (2),[Li]c1ccccc1C#N,ArLi,chlorotributylstannane,,stannylation,20.0,0.01,,85.0,,23.79,-0.2137,1.9765,0.2635,2.068,1.82,,,,
CyanoArLi_2010_Nagaki,si_table_Table 2,scope_electrophile,lithiobenzonitriles (2),[Li]c1ccccc1C#N,ArLi,iodomethane,,alkylation,20.0,0.01,,93.0,,23.79,-0.2137,1.9765,0.2635,2.068,1.82,,,,
CyanoArLi_2010_Nagaki,si_table_Table 2,scope_electrophile,lithiobenzonitriles (2),[Li]c1ccccc1C#N,ArLi,benzaldehyde,,aldehyde,20.0,0.01,,92.0,,23.79,-0.2137,1.9765,0.2635,2.068,1.82,,,,
CyanoArLi_2010_Nagaki,si_table_Table 2,scope_electrophile,lithiobenzonitriles (2),[Li]c1ccccc1C#N,ArLi,n-HexCHO,,aldehyde,20.0,0.01,,81.0,,23.79,-0.2137,1.9765,0.2635,2.068,1.82,,,,
CyanoArLi_2010_Nagaki,si_table_Table 2,scope_electrophile,lithiobenzonitriles (2),[Li]c1ccccc1C#N,ArLi,benzophenone,,ketone,20.0,0.01,,94.0,,23.79,-0.2137,1.9765,0.2635,2.068,1.82,,,,
CyanoArLi_2010_Nagaki,si_table_Table 2,scope_electrophile,lithiobenzonitriles (2),[Li]c1cccc(C#N)c1,ArLi,chlorotrimethylsilane,,silylation,0.0,0.01,,96.0,10.43,37.7,-0.2284,1.9116,0.2215,9.332,1.82,,,,
CyanoArLi_2010_Nagaki,si_table_Table 2,scope_electrophile,lithiobenzonitriles (2),[Li]c1cccc(C#N)c1,ArLi,chlorotributylstannane,,stannylation,0.0,0.01,,95.0,10.43,37.7,-0.2284,1.9116,0.2215,9.332,1.82,,,,
CyanoArLi_2010_Nagaki,si_table_Table 2,scope_electrophile,lithiobenzonitriles (2),[Li]c1cccc(C#N)c1,ArLi,iodomethane,,alkylation,0.0,0.01,,81.0,10.43,37.7,-0.2284,1.9116,0.2215,9.332,1.82,,,,
CyanoArLi_2010_Nagaki,si_table_Table 2,scope_electrophile,lithiobenzonitriles (2),[Li]c1cccc(C#N)c1,ArLi,benzaldehyde,,aldehyde,0.0,0.01,,81.0,10.43,37.7,-0.2284,1.9116,0.2215,9.332,1.82,,,,
CyanoArLi_2010_Nagaki,si_table_Table 2,scope_electrophile,lithiobenzonitriles (2),[Li]c1ccc(C#N)cc1,ArLi,chlorotrimethylsilane,,silylation,0.0,0.01,,85.0,4.55,37.87,-0.2239,1.9132,0.2214,10.704,1.82,,,,
CyanoArLi_2010_Nagaki,si_table_Table 2,scope_electrophile,lithiobenzonitriles (2),[Li]c1ccc(C#N)cc1,ArLi,chlorotributylstannane,,stannylation,0.0,0.01,,93.0,4.55,37.87,-0.2239,1.9132,0.2214,10.704,1.82,,,,
CyanoArLi_2010_Nagaki,si_table_Table 2,scope_electrophile,lithiobenzonitriles (2),[Li]c1ccc(C#N)cc1,ArLi,iodomethane,,alkylation,0.0,0.01,,90.0,4.55,37.87,-0.2239,1.9132,0.2214,10.704,1.82,,,,
CyanoArLi_2010_Nagaki,si_table_Table 2,scope_electrophile,lithiobenzonitriles (2),[Li]c1ccc(C#N)cc1,ArLi,benzaldehyde,,aldehyde,0.0,0.01,,87.0,4.55,37.87,-0.2239,1.9132,0.2214,10.704,1.82,,,,
CyanoArLi_2010_Nagaki,si_table_Table 3,scope_electrophile,o-lithiobenzonitrile (2a),[Li]c1ccccc1C#N,ArLi,benzaldehyde,,aldehyde,20.0,0.01,2.3000000000000003,97.0,,23.79,-0.2137,1.9765,0.2635,2.068,1.82,,,,
CyanoArLi_2010_Nagaki,si_table_Table 3,scope_electrophile,o-lithiobenzonitrile (2a),[Li]c1ccccc1C#N,ArLi,benzaldehyde,,aldehyde,20.0,0.01,2.3000000000000003,83.0,,23.79,-0.2137,1.9765,0.2635,2.068,1.82,,,,
CyanoArLi_2010_Nagaki,si_table_Table 3,scope_electrophile,o-lithiobenzonitrile (2a),[Li]c1ccccc1C#N,ArLi,n-HexCHO,,aldehyde,20.0,0.01,2.3000000000000003,75.0,,23.79,-0.2137,1.9765,0.2635,2.068,1.82,,,,
CyanoArLi_2010_Nagaki,si_table_Table 3,scope_electrophile,o-lithiobenzonitrile (2a),[Li]c1ccccc1C#N,ArLi,n-HexCHO,,aldehyde,20.0,0.01,2.3000000000000003,51.0,,23.79,-0.2137,1.9765,0.2635,2.068,1.82,,,,
CyanoArLi_2010_Nagaki,si_table_Table 3,scope_electrophile,o-lithiobenzonitrile (2a),[Li]c1ccccc1C#N,ArLi,benzophenone,,ketone,20.0,0.01,2.3000000000000003,66.0,,23.79,-0.2137,1.9765,0.2635,2.068,1.82,,,,
Photochromic_2012_Asai,si_table_Table S9,scope_tR2_scan,3-lithio-2-methylbenzothiophene,[Li]c1c(C)sc2ccccc12,ArLi,octafluorocyclopentene,FC1(F)C(F)=C(F)C(F)(F)C1(F)F,cycloaddition,-48.0,1.6,0.011,0.0,59.77,46.04,-0.257,1.8887,0.2687,6.635,1.82,212.03899999999996,3.0564999999999998,0.0,13.0
Photochromic_2012_Asai,si_table_Table S9,scope_tR2_scan,3-lithio-2-methylbenzothiophene,[Li]c1c(C)sc2ccccc12,ArLi,octafluorocyclopentene,FC1(F)C(F)=C(F)C(F)(F)C1(F)F,cycloaddition,-48.0,1.6,0.62,0.0,59.77,46.04,-0.257,1.8887,0.2687,6.635,1.82,212.03899999999996,3.0564999999999998,0.0,13.0
Photochromic_2012_Asai,si_table_Table S9,scope_tR2_scan,3-lithio-2-methylbenzothiophene,[Li]c1c(C)sc2ccccc12,ArLi,octafluorocyclopentene,FC1(F)C(F)=C(F)C(F)(F)C1(F)F,cycloaddition,-48.0,1.6,9.9,0.0,59.77,46.04,-0.257,1.8887,0.2687,6.635,1.82,212.03899999999996,3.0564999999999998,0.0,13.0
Photochromic_2012_Asai,si_table_Table S10,scope_tR2_scan,3-lithio-2-methylbenzofuran,[Li]c1c(C)oc2ccccc12,ArLi,octafluorocyclopentene,FC1(F)C(F)=C(F)C(F)(F)C1(F)F,cycloaddition,-48.0,3.1,0.011,0.0,38.18,44.19,-0.2851,1.875,0.2521,5.627,1.82,212.03899999999996,3.0564999999999998,0.0,13.0
Photochromic_2012_Asai,si_table_Table S10,scope_tR2_scan,3-lithio-2-methylbenzofuran,[Li]c1c(C)oc2ccccc12,ArLi,octafluorocyclopentene,FC1(F)C(F)=C(F)C(F)(F)C1(F)F,cycloaddition,-48.0,3.1,0.17,0.0,38.18,44.19,-0.2851,1.875,0.2521,5.627,1.82,212.03899999999996,3.0564999999999998,0.0,13.0
Photochromic_2012_Asai,si_table_Table S10,scope_tR2_scan,3-lithio-2-methylbenzofuran,[Li]c1c(C)oc2ccccc12,ArLi,octafluorocyclopentene,FC1(F)C(F)=C(F)C(F)(F)C1(F)F,cycloaddition,-48.0,3.1,0.62,1.0,38.18,44.19,-0.2851,1.875,0.2521,5.627,1.82,212.03899999999996,3.0564999999999998,0.0,13.0
Photochromic_2012_Asai,si_table_Table S10,scope_tR2_scan,3-lithio-2-methylbenzofuran,[Li]c1c(C)oc2ccccc12,ArLi,octafluorocyclopentene,FC1(F)C(F)=C(F)C(F)(F)C1(F)F,cycloaddition,-48.0,3.1,2.5,10.0,38.18,44.19,-0.2851,1.875,0.2521,5.627,1.82,212.03899999999996,3.0564999999999998,0.0,13.0
Photochromic_2012_Asai,si_table_Table S10,scope_tR2_scan,3-lithio-2-methylbenzofuran,[Li]c1c(C)oc2ccccc12,ArLi,octafluorocyclopentene,FC1(F)C(F)=C(F)C(F)(F)C1(F)F,cycloaddition,-48.0,3.1,9.9,26.0,38.18,44.19,-0.2851,1.875,0.2521,5.627,1.82,212.03899999999996,3.0564999999999998,0.0,13.0
Photochromic_2012_Asai,si_table_Table S8,scope_tR2_scan,4-lithio-5-methyl-2-phenylthiazole,[Li]c1nc(-c2ccccc2)sc1C,ArLi,octafluorocyclopentene,FC1(F)C(F)=C(F)C(F)(F)C1(F)F,cycloaddition,-48.0,3.1,0.011,0.0,,56.78,-0.1798,1.8816,0.237,4.921,1.82,212.03899999999996,3.0564999999999998,0.0,13.0
Photochromic_2012_Asai,si_table_Table S8,scope_tR2_scan,4-lithio-5-methyl-2-phenylthiazole,[Li]c1nc(-c2ccccc2)sc1C,ArLi,octafluorocyclopentene,FC1(F)C(F)=C(F)C(F)(F)C1(F)F,cycloaddition,-48.0,3.1,0.043,0.0,,56.78,-0.1798,1.8816,0.237,4.921,1.82,212.03899999999996,3.0564999999999998,0.0,13.0
Photochromic_2012_Asai,si_table_Table S8,scope_tR2_scan,4-lithio-5-methyl-2-phenylthiazole,[Li]c1nc(-c2ccccc2)sc1C,ArLi,octafluorocyclopentene,FC1(F)C(F)=C(F)C(F)(F)C1(F)F,cycloaddition,-48.0,3.1,0.17,0.0,,56.78,-0.1798,1.8816,0.237,4.921,1.82,212.03899999999996,3.0564999999999998,0.0,13.0
Photochromic_2012_Asai,si_table_Table S8,scope_tR2_scan,4-lithio-5-methyl-2-phenylthiazole,[Li]c1nc(-c2ccccc2)sc1C,ArLi,octafluorocyclopentene,FC1(F)C(F)=C(F)C(F)(F)C1(F)F,cycloaddition,-48.0,3.1,0.62,0.0,,56.78,-0.1798,1.8816,0.237,4.921,1.82,212.03899999999996,3.0564999999999998,0.0,13.0
Photochromic_2012_Asai,si_table_Table S8,scope_tR2_scan,4-lithio-5-methyl-2-phenylthiazole,[Li]c1nc(-c2ccccc2)sc1C,ArLi,octafluorocyclopentene,FC1(F)C(F)=C(F)C(F)(F)C1(F)F,cycloaddition,-48.0,3.1,2.5,0.0,,56.78,-0.1798,1.8816,0.237,4.921,1.82,212.03899999999996,3.0564999999999998,0.0,13.0
Photochromic_2012_Asai,si_table_Table S8,scope_tR2_scan,4-lithio-5-methyl-2-phenylthiazole,[Li]c1nc(-c2ccccc2)sc1C,ArLi,octafluorocyclopentene,FC1(F)C(F)=C(F)C(F)(F)C1(F)F,cycloaddition,-48.0,3.1,9.9,0.0,,56.78,-0.1798,1.8816,0.237,4.921,1.82,212.03899999999996,3.0564999999999998,0.0,13.0
Photochromic_2012_Asai,si_table_Table S6,scope_tR2_scan,3-lithio-2-methyl-5-phenylthiophene,[Li]c1cc(-c2ccccc2)sc1C,ArLi,octafluorocyclopentene,FC1(F)C(F)(F)C(F)=C(F)C1(F)F,cycloaddition,-48.0,6.300000000000001,0.011,0.0,33.26,40.16,-0.2532,1.8999,0.2438,7.805000000000001,1.82,212.03899999999996,3.0564999999999998,0.0,13.0
Photochromic_2012_Asai,si_table_Table S6,scope_tR2_scan,3-lithio-2-methyl-5-phenylthiophene,[Li]c1cc(-c2ccccc2)sc1C,ArLi,octafluorocyclopentene,FC1(F)C(F)(F)C(F)=C(F)C1(F)F,cycloaddition,-48.0,6.300000000000001,0.043,2.0,33.26,40.16,-0.2532,1.8999,0.2438,7.805000000000001,1.82,212.03899999999996,3.0564999999999998,0.0,13.0
Photochromic_2012_Asai,si_table_Table S6,scope_tR2_scan,3-lithio-2-methyl-5-phenylthiophene,[Li]c1cc(-c2ccccc2)sc1C,ArLi,octafluorocyclopentene,FC1(F)C(F)(F)C(F)=C(F)C1(F)F,cycloaddition,-48.0,6.300000000000001,0.17,15.0,33.26,40.16,-0.2532,1.8999,0.2438,7.805000000000001,1.82,212.03899999999996,3.0564999999999998,0.0,13.0
Photochromic_2012_Asai,si_table_Table S6,scope_tR2_scan,3-lithio-2-methyl-5-phenylthiophene,[Li]c1cc(-c2ccccc2)sc1C,ArLi,octafluorocyclopentene,FC1(F)C(F)(F)C(F)=C(F)C1(F)F,cycloaddition,-48.0,6.300000000000001,0.62,38.0,33.26,40.16,-0.2532,1.8999,0.2438,7.805000000000001,1.82,212.03899999999996,3.0564999999999998,0.0,13.0
Photochromic_2012_Asai,si_table_Table S6,scope_tR2_scan,3-lithio-2-methyl-5-phenylthiophene,[Li]c1cc(-c2ccccc2)sc1C,ArLi,octafluorocyclopentene,FC1(F)C(F)(F)C(F)=C(F)C1(F)F,cycloaddition,-48.0,6.300000000000001,2.5,65.0,33.26,40.16,-0.2532,1.8999,0.2438,7.805000000000001,1.82,212.03899999999996,3.0564999999999998,0.0,13.0
Photochromic_2012_Asai,si_table_Table S6,scope_tR2_scan,3-lithio-2-methyl-5-phenylthiophene,[Li]c1cc(-c2ccccc2)sc1C,ArLi,octafluorocyclopentene,FC1(F)C(F)(F)C(F)=C(F)C1(F)F,cycloaddition,-48.0,6.300000000000001,9.9,87.0,33.26,40.16,-0.2532,1.8999,0.2438,7.805000000000001,1.82,212.03899999999996,3.0564999999999998,0.0,13.0
Photochromic_2012_Asai,si_table_Table S7,scope_tR2_scan,"3-lithio-2,4-dimethyl-5-phenylthiophene",[Li]c1c(C)sc(-c2ccccc2)c1C,ArLi,octafluorocyclopentene,FC1=C(F)C(F)(F)C(F)(F)C1(F)F,cycloaddition,-48.0,6.300000000000001,0.011,0.0,,42.03,-0.2626,1.9007,0.2753,7.763,2.256,212.03899999999996,3.0564999999999998,0.0,13.0
Photochromic_2012_Asai,si_table_Table S7,scope_tR2_scan,"3-lithio-2,4-dimethyl-5-phenylthiophene",[Li]c1c(C)sc(-c2ccccc2)c1C,ArLi,octafluorocyclopentene,FC1=C(F)C(F)(F)C(F)(F)C1(F)F,cycloaddition,-48.0,6.300000000000001,0.043,0.0,,42.03,-0.2626,1.9007,0.2753,7.763,2.256,212.03899999999996,3.0564999999999998,0.0,13.0
Photochromic_2012_Asai,si_table_Table S7,scope_tR2_scan,"3-lithio-2,4-dimethyl-5-phenylthiophene",[Li]c1c(C)sc(-c2ccccc2)c1C,ArLi,octafluorocyclopentene,FC1=C(F)C(F)(F)C(F)(F)C1(F)F,cycloaddition,-48.0,6.300000000000001,0.17,0.0,,42.03,-0.2626,1.9007,0.2753,7.763,2.256,212.03899999999996,3.0564999999999998,0.0,13.0
Photochromic_2012_Asai,si_table_Table S7,scope_tR2_scan,"3-lithio-2,4-dimethyl-5-phenylthiophene",[Li]c1c(C)sc(-c2ccccc2)c1C,ArLi,octafluorocyclopentene,FC1=C(F)C(F)(F)C(F)(F)C1(F)F,cycloaddition,-48.0,6.300000000000001,0.62,4.0,,42.03,-0.2626,1.9007,0.2753,7.763,2.256,212.03899999999996,3.0564999999999998,0.0,13.0
Photochromic_2012_Asai,si_table_Table S7,scope_tR2_scan,"3-lithio-2,4-dimethyl-5-phenylthiophene",[Li]c1c(C)sc(-c2ccccc2)c1C,ArLi,octafluorocyclopentene,FC1=C(F)C(F)(F)C(F)(F)C1(F)F,cycloaddition,-48.0,6.300000000000001,2.5,15.0,,42.03,-0.2626,1.9007,0.2753,7.763,2.256,212.03899999999996,3.0564999999999998,0.0,13.0
Photochromic_2012_Asai,si_table_Table S7,scope_tR2_scan,"3-lithio-2,4-dimethyl-5-phenylthiophene",[Li]c1c(C)sc(-c2ccccc2)c1C,ArLi,octafluorocyclopentene,FC1=C(F)C(F)(F)C(F)(F)C1(F)F,cycloaddition,-48.0,6.300000000000001,9.9,36.0,,42.03,-0.2626,1.9007,0.2753,7.763,2.256,212.03899999999996,3.0564999999999998,0.0,13.0
Photochromic_2012_Asai,si_table_Table S10,scope_tR2_scan,3-lithio-2-methylbenzofuran,[Li]c1c(C)oc2ccccc12,ArLi,octafluorocyclopentene,FC1(F)C(F)=C(F)C(F)(F)C1(F)F,cycloaddition,-28.0,0.22,0.011,0.0,38.18,44.19,-0.2851,1.875,0.2521,5.627,1.82,212.03899999999996,3.0564999999999998,0.0,13.0
Photochromic_2012_Asai,si_table_Table S10,scope_tR2_scan,3-lithio-2-methylbenzofuran,[Li]c1c(C)oc2ccccc12,ArLi,octafluorocyclopentene,FC1(F)C(F)=C(F)C(F)(F)C1(F)F,cycloaddition,-28.0,0.22,0.17,0.0,38.18,44.19,-0.2851,1.875,0.2521,5.627,1.82,212.03899999999996,3.0564999999999998,0.0,13.0
Photochromic_2012_Asai,si_table_Table S10,scope_tR2_scan,3-lithio-2-methylbenzofuran,[Li]c1c(C)oc2ccccc12,ArLi,octafluorocyclopentene,FC1(F)C(F)=C(F)C(F)(F)C1(F)F,cycloaddition,-28.0,0.22,0.62,0.0,38.18,44.19,-0.2851,1.875,0.2521,5.627,1.82,212.03899999999996,3.0564999999999998,0.0,13.0
Photochromic_2012_Asai,si_table_Table S10,scope_tR2_scan,3-lithio-2-methylbenzofuran,[Li]c1c(C)oc2ccccc12,ArLi,octafluorocyclopentene,FC1(F)C(F)=C(F)C(F)(F)C1(F)F,cycloaddition,-28.0,0.22,2.5,22.0,38.18,44.19,-0.2851,1.875,0.2521,5.627,1.82,212.03899999999996,3.0564999999999998,0.0,13.0
Photochromic_2012_Asai,si_table_Table S10,scope_tR2_scan,3-lithio-2-methylbenzofuran,[Li]c1c(C)oc2ccccc12,ArLi,octafluorocyclopentene,FC1(F)C(F)=C(F)C(F)(F)C1(F)F,cycloaddition,-28.0,0.22,9.9,29.0,38.18,44.19,-0.2851,1.875,0.2521,5.627,1.82,212.03899999999996,3.0564999999999998,0.0,13.0
Photochromic_2012_Asai,si_table_Table S10,scope_tR2_scan,3-lithio-2-methylbenzofuran,[Li]c1c(C)oc2ccccc12,ArLi,octafluorocyclopentene,FC1(F)C(F)=C(F)C(F)(F)C1(F)F,cycloaddition,-28.0,0.22,57.0,51.0,38.18,44.19,-0.2851,1.875,0.2521,5.627,1.82,212.03899999999996,3.0564999999999998,0.0,13.0
Photochromic_2012_Asai,si_table_Table S6,scope_tR2_scan,3-lithio-2-methyl-5-phenylthiophene,[Li]c1cc(-c2ccccc2)sc1C,ArLi,octafluorocyclopentene,FC1(F)C(F)(F)C(F)=C(F)C1(F)F,cycloaddition,-28.0,1.6,0.011,2.0,33.26,40.16,-0.2532,1.8999,0.2438,7.805000000000001,1.82,212.03899999999996,3.0564999999999998,0.0,13.0
Photochromic_2012_Asai,si_table_Table S6,scope_tR2_scan,3-lithio-2-methyl-5-phenylthiophene,[Li]c1cc(-c2ccccc2)sc1C,ArLi,octafluorocyclopentene,FC1(F)C(F)(F)C(F)=C(F)C1(F)F,cycloaddition,-28.0,1.6,0.043,5.0,33.26,40.16,-0.2532,1.8999,0.2438,7.805000000000001,1.82,212.03899999999996,3.0564999999999998,0.0,13.0
Photochromic_2012_Asai,si_table_Table S6,scope_tR2_scan,3-lithio-2-methyl-5-phenylthiophene,[Li]c1cc(-c2ccccc2)sc1C,ArLi,octafluorocyclopentene,FC1(F)C(F)(F)C(F)=C(F)C1(F)F,cycloaddition,-28.0,1.6,0.17,32.0,33.26,40.16,-0.2532,1.8999,0.2438,7.805000000000001,1.82,212.03899999999996,3.0564999999999998,0.0,13.0
Photochromic_2012_Asai,si_table_Table S6,scope_tR2_scan,3-lithio-2-methyl-5-phenylthiophene,[Li]c1cc(-c2ccccc2)sc1C,ArLi,octafluorocyclopentene,FC1(F)C(F)(F)C(F)=C(F)C1(F)F,cycloaddition,-28.0,1.6,0.62,67.0,33.26,40.16,-0.2532,1.8999,0.2438,7.805000000000001,1.82,212.03899999999996,3.0564999999999998,0.0,13.0
Photochromic_2012_Asai,si_table_Table S6,scope_tR2_scan,3-lithio-2-methyl-5-phenylthiophene,[Li]c1cc(-c2ccccc2)sc1C,ArLi,octafluorocyclopentene,FC1(F)C(F)(F)C(F)=C(F)C1(F)F,cycloaddition,-28.0,1.6,2.5,83.0,33.26,40.16,-0.2532,1.8999,0.2438,7.805000000000001,1.82,212.03899999999996,3.0564999999999998,0.0,13.0
Photochromic_2012_Asai,si_table_Table S6,scope_tR2_scan,3-lithio-2-methyl-5-phenylthiophene,[Li]c1cc(-c2ccccc2)sc1C,ArLi,octafluorocyclopentene,FC1(F)C(F)(F)C(F)=C(F)C1(F)F,cycloaddition,-28.0,1.6,9.9,96.0,33.26,40.16,-0.2532,1.8999,0.2438,7.805000000000001,1.82,212.03899999999996,3.0564999999999998,0.0,13.0
Photochromic_2012_Asai,si_table_Table S7,scope_tR2_scan,"3-lithio-2,4-dimethyl-5-phenylthiophene",[Li]c1c(C)sc(-c2ccccc2)c1C,ArLi,octafluorocyclopentene,FC1=C(F)C(F)(F)C(F)(F)C1(F)F,cycloaddition,-28.0,1.6,0.011,0.0,,42.03,-0.2626,1.9007,0.2753,7.763,2.256,212.03899999999996,3.0564999999999998,0.0,13.0
Photochromic_2012_Asai,si_table_Table S7,scope_tR2_scan,"3-lithio-2,4-dimethyl-5-phenylthiophene",[Li]c1c(C)sc(-c2ccccc2)c1C,ArLi,octafluorocyclopentene,FC1=C(F)C(F)(F)C(F)(F)C1(F)F,cycloaddition,-28.0,1.6,0.043,0.0,,42.03,-0.2626,1.9007,0.2753,7.763,2.256,212.03899999999996,3.0564999999999998,0.0,13.0
Photochromic_2012_Asai,si_table_Table S7,scope_tR2_scan,"3-lithio-2,4-dimethyl-5-phenylthiophene",[Li]c1c(C)sc(-c2ccccc2)c1C,ArLi,octafluorocyclopentene,FC1=C(F)C(F)(F)C(F)(F)C1(F)F,cycloaddition,-28.0,1.6,0.17,4.0,,42.03,-0.2626,1.9007,0.2753,7.763,2.256,212.03899999999996,3.0564999999999998,0.0,13.0
Photochromic_2012_Asai,si_table_Table S7,scope_tR2_scan,"3-lithio-2,4-dimethyl-5-phenylthiophene",[Li]c1c(C)sc(-c2ccccc2)c1C,ArLi,octafluorocyclopentene,FC1=C(F)C(F)(F)C(F)(F)C1(F)F,cycloaddition,-28.0,1.6,0.62,12.0,,42.03,-0.2626,1.9007,0.2753,7.763,2.256,212.03899999999996,3.0564999999999998,0.0,13.0
Photochromic_2012_Asai,si_table_Table S7,scope_tR2_scan,"3-lithio-2,4-dimethyl-5-phenylthiophene",[Li]c1c(C)sc(-c2ccccc2)c1C,ArLi,octafluorocyclopentene,FC1=C(F)C(F)(F)C(F)(F)C1(F)F,cycloaddition,-28.0,1.6,2.5,33.0,,42.03,-0.2626,1.9007,0.2753,7.763,2.256,212.03899999999996,3.0564999999999998,0.0,13.0
Photochromic_2012_Asai,si_table_Table S7,scope_tR2_scan,"3-lithio-2,4-dimethyl-5-phenylthiophene",[Li]c1c(C)sc(-c2ccccc2)c1C,ArLi,octafluorocyclopentene,FC1=C(F)C(F)(F)C(F)(F)C1(F)F,cycloaddition,-28.0,1.6,9.9,60.0,,42.03,-0.2626,1.9007,0.2753,7.763,2.256,212.03899999999996,3.0564999999999998,0.0,13.0
Photochromic_2012_Asai,si_table_Table S9,scope_tR2_scan,3-lithio-2-methylbenzothiophene,[Li]c1c(C)sc2ccccc12,ArLi,octafluorocyclopentene,FC1(F)C(F)=C(F)C(F)(F)C1(F)F,cycloaddition,-28.0,1.6,0.011,0.0,59.77,46.04,-0.257,1.8887,0.2687,6.635,1.82,212.03899999999996,3.0564999999999998,0.0,13.0
Photochromic_2012_Asai,si_table_Table S9,scope_tR2_scan,3-lithio-2-methylbenzothiophene,[Li]c1c(C)sc2ccccc12,ArLi,octafluorocyclopentene,FC1(F)C(F)=C(F)C(F)(F)C1(F)F,cycloaddition,-28.0,1.6,0.62,0.0,59.77,46.04,-0.257,1.8887,0.2687,6.635,1.82,212.03899999999996,3.0564999999999998,0.0,13.0
Photochromic_2012_Asai,si_table_Table S9,scope_tR2_scan,3-lithio-2-methylbenzothiophene,[Li]c1c(C)sc2ccccc12,ArLi,octafluorocyclopentene,FC1(F)C(F)=C(F)C(F)(F)C1(F)F,cycloaddition,-28.0,1.6,9.9,15.0,59.77,46.04,-0.257,1.8887,0.2687,6.635,1.82,212.03899999999996,3.0564999999999998,0.0,13.0
Photochromic_2012_Asai,si_table_Table S9,scope_tR2_scan,3-lithio-2-methylbenzothiophene,[Li]c1c(C)sc2ccccc12,ArLi,octafluorocyclopentene,FC1(F)C(F)=C(F)C(F)(F)C1(F)F,cycloaddition,-28.0,1.6,57.0,56.0,59.77,46.04,-0.257,1.8887,0.2687,6.635,1.82,212.03899999999996,3.0564999999999998,0.0,13.0
Photochromic_2012_Asai,si_table_Table S8,scope_tR2_scan,4-lithio-5-methyl-2-phenylthiazole,[Li]c1nc(-c2ccccc2)sc1C,ArLi,octafluorocyclopentene,FC1(F)C(F)=C(F)C(F)(F)C1(F)F,cycloaddition,-28.0,3.1,0.011,0.0,,56.78,-0.1798,1.8816,0.237,4.921,1.82,212.03899999999996,3.0564999999999998,0.0,13.0
Photochromic_2012_Asai,si_table_Table S8,scope_tR2_scan,4-lithio-5-methyl-2-phenylthiazole,[Li]c1nc(-c2ccccc2)sc1C,ArLi,octafluorocyclopentene,FC1(F)C(F)=C(F)C(F)(F)C1(F)F,cycloaddition,-28.0,3.1,0.043,0.0,,56.78,-0.1798,1.8816,0.237,4.921,1.82,212.03899999999996,3.0564999999999998,0.0,13.0
Photochromic_2012_Asai,si_table_Table S8,scope_tR2_scan,4-lithio-5-methyl-2-phenylthiazole,[Li]c1nc(-c2ccccc2)sc1C,ArLi,octafluorocyclopentene,FC1(F)C(F)=C(F)C(F)(F)C1(F)F,cycloaddition,-28.0,3.1,0.17,0.0,,56.78,-0.1798,1.8816,0.237,4.921,1.82,212.03899999999996,3.0564999999999998,0.0,13.0
Photochromic_2012_Asai,si_table_Table S8,scope_tR2_scan,4-lithio-5-methyl-2-phenylthiazole,[Li]c1nc(-c2ccccc2)sc1C,ArLi,octafluorocyclopentene,FC1(F)C(F)=C(F)C(F)(F)C1(F)F,cycloaddition,-28.0,3.1,0.62,0.0,,56.78,-0.1798,1.8816,0.237,4.921,1.82,212.03899999999996,3.0564999999999998,0.0,13.0
Photochromic_2012_Asai,si_table_Table S8,scope_tR2_scan,4-lithio-5-methyl-2-phenylthiazole,[Li]c1nc(-c2ccccc2)sc1C,ArLi,octafluorocyclopentene,FC1(F)C(F)=C(F)C(F)(F)C1(F)F,cycloaddition,-28.0,3.1,2.5,0.0,,56.78,-0.1798,1.8816,0.237,4.921,1.82,212.03899999999996,3.0564999999999998,0.0,13.0
Photochromic_2012_Asai,si_table_Table S8,scope_tR2_scan,4-lithio-5-methyl-2-phenylthiazole,[Li]c1nc(-c2ccccc2)sc1C,ArLi,octafluorocyclopentene,FC1(F)C(F)=C(F)C(F)(F)C1(F)F,cycloaddition,-28.0,3.1,9.9,3.0,,56.78,-0.1798,1.8816,0.237,4.921,1.82,212.03899999999996,3.0564999999999998,0.0,13.0
Photochromic_2012_Asai,si_table_Table S10,scope_tR2_scan,3-lithio-2-methylbenzofuran,[Li]c1c(C)oc2ccccc12,ArLi,octafluorocyclopentene,FC1(F)C(F)=C(F)C(F)(F)C1(F)F,cycloaddition,0.0,0.055,0.011,0.0,38.18,44.19,-0.2851,1.875,0.2521,5.627,1.82,212.03899999999996,3.0564999999999998,0.0,13.0
Photochromic_2012_Asai,si_table_Table S10,scope_tR2_scan,3-lithio-2-methylbenzofuran,[Li]c1c(C)oc2ccccc12,ArLi,octafluorocyclopentene,FC1(F)C(F)=C(F)C(F)(F)C1(F)F,cycloaddition,0.0,0.055,0.17,5.0,38.18,44.19,-0.2851,1.875,0.2521,5.627,1.82,212.03899999999996,3.0564999999999998,0.0,13.0
Photochromic_2012_Asai,si_table_Table S10,scope_tR2_scan,3-lithio-2-methylbenzofuran,[Li]c1c(C)oc2ccccc12,ArLi,octafluorocyclopentene,FC1(F)C(F)=C(F)C(F)(F)C1(F)F,cycloaddition,0.0,0.055,0.62,10.0,38.18,44.19,-0.2851,1.875,0.2521,5.627,1.82,212.03899999999996,3.0564999999999998,0.0,13.0
Photochromic_2012_Asai,si_table_Table S10,scope_tR2_scan,3-lithio-2-methylbenzofuran,[Li]c1c(C)oc2ccccc12,ArLi,octafluorocyclopentene,FC1(F)C(F)=C(F)C(F)(F)C1(F)F,cycloaddition,0.0,0.055,2.5,19.0,38.18,44.19,-0.2851,1.875,0.2521,5.627,1.82,212.03899999999996,3.0564999999999998,0.0,13.0
Photochromic_2012_Asai,si_table_Table S10,scope_tR2_scan,3-lithio-2-methylbenzofuran,[Li]c1c(C)oc2ccccc12,ArLi,octafluorocyclopentene,FC1(F)C(F)=C(F)C(F)(F)C1(F)F,cycloaddition,0.0,0.055,9.9,20.0,38.18,44.19,-0.2851,1.875,0.2521,5.627,1.82,212.03899999999996,3.0564999999999998,0.0,13.0
Photochromic_2012_Asai,si_table_Table S9,scope_tR2_scan,3-lithio-2-methylbenzothiophene,[Li]c1c(C)sc2ccccc12,ArLi,octafluorocyclopentene,FC1(F)C(F)=C(F)C(F)(F)C1(F)F,cycloaddition,0.0,0.055,0.011,0.0,59.77,46.04,-0.257,1.8887,0.2687,6.635,1.82,212.03899999999996,3.0564999999999998,0.0,13.0
Photochromic_2012_Asai,si_table_Table S9,scope_tR2_scan,3-lithio-2-methylbenzothiophene,[Li]c1c(C)sc2ccccc12,ArLi,octafluorocyclopentene,FC1(F)C(F)=C(F)C(F)(F)C1(F)F,cycloaddition,0.0,0.055,0.62,15.0,59.77,46.04,-0.257,1.8887,0.2687,6.635,1.82,212.03899999999996,3.0564999999999998,0.0,13.0
Photochromic_2012_Asai,si_table_Table S9,scope_tR2_scan,3-lithio-2-methylbenzothiophene,[Li]c1c(C)sc2ccccc12,ArLi,octafluorocyclopentene,FC1(F)C(F)=C(F)C(F)(F)C1(F)F,cycloaddition,0.0,0.055,9.9,26.0,59.77,46.04,-0.257,1.8887,0.2687,6.635,1.82,212.03899999999996,3.0564999999999998,0.0,13.0
Photochromic_2012_Asai,si_table_Table S7,scope_tR2_scan,"3-lithio-2,4-dimethyl-5-phenylthiophene",[Li]c1c(C)sc(-c2ccccc2)c1C,ArLi,octafluorocyclopentene,FC1=C(F)C(F)(F)C(F)(F)C1(F)F,cycloaddition,0.0,0.79,0.011,0.0,,42.03,-0.2626,1.9007,0.2753,7.763,2.256,212.03899999999996,3.0564999999999998,0.0,13.0
Photochromic_2012_Asai,si_table_Table S7,scope_tR2_scan,"3-lithio-2,4-dimethyl-5-phenylthiophene",[Li]c1c(C)sc(-c2ccccc2)c1C,ArLi,octafluorocyclopentene,FC1=C(F)C(F)(F)C(F)(F)C1(F)F,cycloaddition,0.0,0.79,0.043,9.0,,42.03,-0.2626,1.9007,0.2753,7.763,2.256,212.03899999999996,3.0564999999999998,0.0,13.0
Photochromic_2012_Asai,si_table_Table S7,scope_tR2_scan,"3-lithio-2,4-dimethyl-5-phenylthiophene",[Li]c1c(C)sc(-c2ccccc2)c1C,ArLi,octafluorocyclopentene,FC1=C(F)C(F)(F)C(F)(F)C1(F)F,cycloaddition,0.0,0.79,0.17,10.0,,42.03,-0.2626,1.9007,0.2753,7.763,2.256,212.03899999999996,3.0564999999999998,0.0,13.0
Photochromic_2012_Asai,si_table_Table S7,scope_tR2_scan,"3-lithio-2,4-dimethyl-5-phenylthiophene",[Li]c1c(C)sc(-c2ccccc2)c1C,ArLi,octafluorocyclopentene,FC1=C(F)C(F)(F)C(F)(F)C1(F)F,cycloaddition,0.0,0.79,0.62,28.0,,42.03,-0.2626,1.9007,0.2753,7.763,2.256,212.03899999999996,3.0564999999999998,0.0,13.0
Photochromic_2012_Asai,si_table_Table S7,scope_tR2_scan,"3-lithio-2,4-dimethyl-5-phenylthiophene",[Li]c1c(C)sc(-c2ccccc2)c1C,ArLi,octafluorocyclopentene,FC1=C(F)C(F)(F)C(F)(F)C1(F)F,cycloaddition,0.0,0.79,2.5,59.0,,42.03,-0.2626,1.9007,0.2753,7.763,2.256,212.03899999999996,3.0564999999999998,0.0,13.0
Photochromic_2012_Asai,si_table_Table S7,scope_tR2_scan,"3-lithio-2,4-dimethyl-5-phenylthiophene",[Li]c1c(C)sc(-c2ccccc2)c1C,ArLi,octafluorocyclopentene,FC1=C(F)C(F)(F)C(F)(F)C1(F)F,cycloaddition,0.0,0.79,9.9,75.0,,42.03,-0.2626,1.9007,0.2753,7.763,2.256,212.03899999999996,3.0564999999999998,0.0,13.0
Photochromic_2012_Asai,si_table_Table S8,scope_tR2_scan,4-lithio-5-methyl-2-phenylthiazole,[Li]c1nc(-c2ccccc2)sc1C,ArLi,octafluorocyclopentene,FC1(F)C(F)=C(F)C(F)(F)C1(F)F,cycloaddition,0.0,0.79,0.011,0.0,,56.78,-0.1798,1.8816,0.237,4.921,1.82,212.03899999999996,3.0564999999999998,0.0,13.0
Photochromic_2012_Asai,si_table_Table S8,scope_tR2_scan,4-lithio-5-methyl-2-phenylthiazole,[Li]c1nc(-c2ccccc2)sc1C,ArLi,octafluorocyclopentene,FC1(F)C(F)=C(F)C(F)(F)C1(F)F,cycloaddition,0.0,0.79,0.043,0.0,,56.78,-0.1798,1.8816,0.237,4.921,1.82,212.03899999999996,3.0564999999999998,0.0,13.0
Photochromic_2012_Asai,si_table_Table S8,scope_tR2_scan,4-lithio-5-methyl-2-phenylthiazole,[Li]c1nc(-c2ccccc2)sc1C,ArLi,octafluorocyclopentene,FC1(F)C(F)=C(F)C(F)(F)C1(F)F,cycloaddition,0.0,0.79,0.17,0.0,,56.78,-0.1798,1.8816,0.237,4.921,1.82,212.03899999999996,3.0564999999999998,0.0,13.0
Photochromic_2012_Asai,si_table_Table S8,scope_tR2_scan,4-lithio-5-methyl-2-phenylthiazole,[Li]c1nc(-c2ccccc2)sc1C,ArLi,octafluorocyclopentene,FC1(F)C(F)=C(F)C(F)(F)C1(F)F,cycloaddition,0.0,0.79,0.62,1.0,,56.78,-0.1798,1.8816,0.237,4.921,1.82,212.03899999999996,3.0564999999999998,0.0,13.0
Photochromic_2012_Asai,si_table_Table S8,scope_tR2_scan,4-lithio-5-methyl-2-phenylthiazole,[Li]c1nc(-c2ccccc2)sc1C,ArLi,octafluorocyclopentene,FC1(F)C(F)=C(F)C(F)(F)C1(F)F,cycloaddition,0.0,0.79,2.5,12.0,,56.78,-0.1798,1.8816,0.237,4.921,1.82,212.03899999999996,3.0564999999999998,0.0,13.0
Photochromic_2012_Asai,si_table_Table S8,scope_tR2_scan,4-lithio-5-methyl-2-phenylthiazole,[Li]c1nc(-c2ccccc2)sc1C,ArLi,octafluorocyclopentene,FC1(F)C(F)=C(F)C(F)(F)C1(F)F,cycloaddition,0.0,0.79,9.9,21.0,,56.78,-0.1798,1.8816,0.237,4.921,1.82,212.03899999999996,3.0564999999999998,0.0,13.0
Photochromic_2012_Asai,si_table_Table S6,scope_tR2_scan,3-lithio-2-methyl-5-phenylthiophene,[Li]c1cc(-c2ccccc2)sc1C,ArLi,octafluorocyclopentene,FC1(F)C(F)(F)C(F)=C(F)C1(F)F,cycloaddition,0.0,1.6,0.011,8.0,33.26,40.16,-0.2532,1.8999,0.2438,7.805000000000001,1.82,212.03899999999996,3.0564999999999998,0.0,13.0
Photochromic_2012_Asai,si_table_Table S6,scope_tR2_scan,3-lithio-2-methyl-5-phenylthiophene,[Li]c1cc(-c2ccccc2)sc1C,ArLi,octafluorocyclopentene,FC1(F)C(F)(F)C(F)=C(F)C1(F)F,cycloaddition,0.0,1.6,0.043,28.0,33.26,40.16,-0.2532,1.8999,0.2438,7.805000000000001,1.82,212.03899999999996,3.0564999999999998,0.0,13.0
Photochromic_2012_Asai,si_table_Table S6,scope_tR2_scan,3-lithio-2-methyl-5-phenylthiophene,[Li]c1cc(-c2ccccc2)sc1C,ArLi,octafluorocyclopentene,FC1(F)C(F)(F)C(F)=C(F)C1(F)F,cycloaddition,0.0,1.6,0.17,64.0,33.26,40.16,-0.2532,1.8999,0.2438,7.805000000000001,1.82,212.03899999999996,3.0564999999999998,0.0,13.0
Photochromic_2012_Asai,si_table_Table S6,scope_tR2_scan,3-lithio-2-methyl-5-phenylthiophene,[Li]c1cc(-c2ccccc2)sc1C,ArLi,octafluorocyclopentene,FC1(F)C(F)(F)C(F)=C(F)C1(F)F,cycloaddition,0.0,1.6,0.62,76.0,33.26,40.16,-0.2532,1.8999,0.2438,7.805000000000001,1.82,212.03899999999996,3.0564999999999998,0.0,13.0
Photochromic_2012_Asai,si_table_Table S6,scope_tR2_scan,3-lithio-2-methyl-5-phenylthiophene,[Li]c1cc(-c2ccccc2)sc1C,ArLi,octafluorocyclopentene,FC1(F)C(F)(F)C(F)=C(F)C1(F)F,cycloaddition,0.0,1.6,2.5,90.0,33.26,40.16,-0.2532,1.8999,0.2438,7.805000000000001,1.82,212.03899999999996,3.0564999999999998,0.0,13.0
Photochromic_2012_Asai,si_table_Table S6,scope_tR2_scan,3-lithio-2-methyl-5-phenylthiophene,[Li]c1cc(-c2ccccc2)sc1C,ArLi,octafluorocyclopentene,FC1(F)C(F)(F)C(F)=C(F)C1(F)F,cycloaddition,0.0,1.6,9.9,90.0,33.26,40.16,-0.2532,1.8999,0.2438,7.805000000000001,1.82,212.03899999999996,3.0564999999999998,0.0,13.0
Photochromic_2012_Asai,si_table_Table S10,scope_tR2_scan,3-lithio-2-methylbenzofuran,[Li]c1c(C)oc2ccccc12,ArLi,octafluorocyclopentene,FC1(F)C(F)=C(F)C(F)(F)C1(F)F,cycloaddition,24.0,0.014,0.011,2.0,38.18,44.19,-0.2851,1.875,0.2521,5.627,1.82,212.03899999999996,3.0564999999999998,0.0,13.0
Photochromic_2012_Asai,si_table_Table S10,scope_tR2_scan,3-lithio-2-methylbenzofuran,[Li]c1c(C)oc2ccccc12,ArLi,octafluorocyclopentene,FC1(F)C(F)=C(F)C(F)(F)C1(F)F,cycloaddition,24.0,0.014,0.17,6.0,38.18,44.19,-0.2851,1.875,0.2521,5.627,1.82,212.03899999999996,3.0564999999999998,0.0,13.0
Photochromic_2012_Asai,si_table_Table S10,scope_tR2_scan,3-lithio-2-methylbenzofuran,[Li]c1c(C)oc2ccccc12,ArLi,octafluorocyclopentene,FC1(F)C(F)=C(F)C(F)(F)C1(F)F,cycloaddition,24.0,0.014,0.62,7.0,38.18,44.19,-0.2851,1.875,0.2521,5.627,1.82,212.03899999999996,3.0564999999999998,0.0,13.0
Photochromic_2012_Asai,si_table_Table S10,scope_tR2_scan,3-lithio-2-methylbenzofuran,[Li]c1c(C)oc2ccccc12,ArLi,octafluorocyclopentene,FC1(F)C(F)=C(F)C(F)(F)C1(F)F,cycloaddition,24.0,0.014,2.5,7.0,38.18,44.19,-0.2851,1.875,0.2521,5.627,1.82,212.03899999999996,3.0564999999999998,0.0,13.0
Photochromic_2012_Asai,si_table_Table S10,scope_tR2_scan,3-lithio-2-methylbenzofuran,[Li]c1c(C)oc2ccccc12,ArLi,octafluorocyclopentene,FC1(F)C(F)=C(F)C(F)(F)C1(F)F,cycloaddition,24.0,0.014,9.9,7.0,38.18,44.19,-0.2851,1.875,0.2521,5.627,1.82,212.03899999999996,3.0564999999999998,0.0,13.0
Photochromic_2012_Asai,si_table_Table S9,scope_tR2_scan,3-lithio-2-methylbenzothiophene,[Li]c1c(C)sc2ccccc12,ArLi,octafluorocyclopentene,FC1(F)C(F)=C(F)C(F)(F)C1(F)F,cycloaddition,24.0,0.014,0.011,0.0,59.77,46.04,-0.257,1.8887,0.2687,6.635,1.82,212.03899999999996,3.0564999999999998,0.0,13.0
Photochromic_2012_Asai,si_table_Table S9,scope_tR2_scan,3-lithio-2-methylbenzothiophene,[Li]c1c(C)sc2ccccc12,ArLi,octafluorocyclopentene,FC1(F)C(F)=C(F)C(F)(F)C1(F)F,cycloaddition,24.0,0.014,0.62,10.0,59.77,46.04,-0.257,1.8887,0.2687,6.635,1.82,212.03899999999996,3.0564999999999998,0.0,13.0
Photochromic_2012_Asai,si_table_Table S9,scope_tR2_scan,3-lithio-2-methylbenzothiophene,[Li]c1c(C)sc2ccccc12,ArLi,octafluorocyclopentene,FC1(F)C(F)=C(F)C(F)(F)C1(F)F,cycloaddition,24.0,0.014,9.9,13.0,59.77,46.04,-0.257,1.8887,0.2687,6.635,1.82,212.03899999999996,3.0564999999999998,0.0,13.0
Photochromic_2012_Asai,si_table_Table S6,scope_tR2_scan,3-lithio-2-methyl-5-phenylthiophene,[Li]c1cc(-c2ccccc2)sc1C,ArLi,octafluorocyclopentene,FC1(F)C(F)(F)C(F)=C(F)C1(F)F,cycloaddition,24.0,0.22,0.011,20.0,33.26,40.16,-0.2532,1.8999,0.2438,7.805000000000001,1.82,212.03899999999996,3.0564999999999998,0.0,13.0
Photochromic_2012_Asai,si_table_Table S6,scope_tR2_scan,3-lithio-2-methyl-5-phenylthiophene,[Li]c1cc(-c2ccccc2)sc1C,ArLi,octafluorocyclopentene,FC1(F)C(F)(F)C(F)=C(F)C1(F)F,cycloaddition,24.0,0.22,0.043,46.0,33.26,40.16,-0.2532,1.8999,0.2438,7.805000000000001,1.82,212.03899999999996,3.0564999999999998,0.0,13.0
Photochromic_2012_Asai,si_table_Table S6,scope_tR2_scan,3-lithio-2-methyl-5-phenylthiophene,[Li]c1cc(-c2ccccc2)sc1C,ArLi,octafluorocyclopentene,FC1(F)C(F)(F)C(F)=C(F)C1(F)F,cycloaddition,24.0,0.22,0.17,77.0,33.26,40.16,-0.2532,1.8999,0.2438,7.805000000000001,1.82,212.03899999999996,3.0564999999999998,0.0,13.0
Photochromic_2012_Asai,si_table_Table S6,scope_tR2_scan,3-lithio-2-methyl-5-phenylthiophene,[Li]c1cc(-c2ccccc2)sc1C,ArLi,octafluorocyclopentene,FC1(F)C(F)(F)C(F)=C(F)C1(F)F,cycloaddition,24.0,0.22,0.62,84.0,33.26,40.16,-0.2532,1.8999,0.2438,7.805000000000001,1.82,212.03899999999996,3.0564999999999998,0.0,13.0
Photochromic_2012_Asai,si_table_Table S6,scope_tR2_scan,3-lithio-2-methyl-5-phenylthiophene,[Li]c1cc(-c2ccccc2)sc1C,ArLi,octafluorocyclopentene,FC1(F)C(F)(F)C(F)=C(F)C1(F)F,cycloaddition,24.0,0.22,2.5,88.0,33.26,40.16,-0.2532,1.8999,0.2438,7.805000000000001,1.82,212.03899999999996,3.0564999999999998,0.0,13.0
Photochromic_2012_Asai,si_table_Table S6,scope_tR2_scan,3-lithio-2-methyl-5-phenylthiophene,[Li]c1cc(-c2ccccc2)sc1C,ArLi,octafluorocyclopentene,FC1(F)C(F)(F)C(F)=C(F)C1(F)F,cycloaddition,24.0,0.22,9.9,84.0,33.26,40.16,-0.2532,1.8999,0.2438,7.805000000000001,1.82,212.03899999999996,3.0564999999999998,0.0,13.0
Photochromic_2012_Asai,si_table_Table S7,scope_tR2_scan,"3-lithio-2,4-dimethyl-5-phenylthiophene",[Li]c1c(C)sc(-c2ccccc2)c1C,ArLi,octafluorocyclopentene,FC1=C(F)C(F)(F)C(F)(F)C1(F)F,cycloaddition,24.0,0.79,0.011,0.0,,42.03,-0.2626,1.9007,0.2753,7.763,2.256,212.03899999999996,3.0564999999999998,0.0,13.0
Photochromic_2012_Asai,si_table_Table S7,scope_tR2_scan,"3-lithio-2,4-dimethyl-5-phenylthiophene",[Li]c1c(C)sc(-c2ccccc2)c1C,ArLi,octafluorocyclopentene,FC1=C(F)C(F)(F)C(F)(F)C1(F)F,cycloaddition,24.0,0.79,0.043,6.0,,42.03,-0.2626,1.9007,0.2753,7.763,2.256,212.03899999999996,3.0564999999999998,0.0,13.0
Photochromic_2012_Asai,si_table_Table S7,scope_tR2_scan,"3-lithio-2,4-dimethyl-5-phenylthiophene",[Li]c1c(C)sc(-c2ccccc2)c1C,ArLi,octafluorocyclopentene,FC1=C(F)C(F)(F)C(F)(F)C1(F)F,cycloaddition,24.0,0.79,0.17,18.0,,42.03,-0.2626,1.9007,0.2753,7.763,2.256,212.03899999999996,3.0564999999999998,0.0,13.0
Photochromic_2012_Asai,si_table_Table S7,scope_tR2_scan,"3-lithio-2,4-dimethyl-5-phenylthiophene",[Li]c1c(C)sc(-c2ccccc2)c1C,ArLi,octafluorocyclopentene,FC1=C(F)C(F)(F)C(F)(F)C1(F)F,cycloaddition,24.0,0.79,0.62,43.0,,42.03,-0.2626,1.9007,0.2753,7.763,2.256,212.03899999999996,3.0564999999999998,0.0,13.0
Photochromic_2012_Asai,si_table_Table S7,scope_tR2_scan,"3-lithio-2,4-dimethyl-5-phenylthiophene",[Li]c1c(C)sc(-c2ccccc2)c1C,ArLi,octafluorocyclopentene,FC1=C(F)C(F)(F)C(F)(F)C1(F)F,cycloaddition,24.0,0.79,2.5,68.0,,42.03,-0.2626,1.9007,0.2753,7.763,2.256,212.03899999999996,3.0564999999999998,0.0,13.0
Photochromic_2012_Asai,si_table_Table S7,scope_tR2_scan,"3-lithio-2,4-dimethyl-5-phenylthiophene",[Li]c1c(C)sc(-c2ccccc2)c1C,ArLi,octafluorocyclopentene,FC1=C(F)C(F)(F)C(F)(F)C1(F)F,cycloaddition,24.0,0.79,9.9,75.0,,42.03,-0.2626,1.9007,0.2753,7.763,2.256,212.03899999999996,3.0564999999999998,0.0,13.0
Photochromic_2012_Asai,si_table_Table S8,scope_tR2_scan,4-lithio-5-methyl-2-phenylthiazole,[Li]c1nc(-c2ccccc2)sc1C,ArLi,octafluorocyclopentene,FC1(F)C(F)=C(F)C(F)(F)C1(F)F,cycloaddition,24.0,0.79,0.011,0.0,,56.78,-0.1798,1.8816,0.237,4.921,1.82,212.03899999999996,3.0564999999999998,0.0,13.0
Photochromic_2012_Asai,si_table_Table S8,scope_tR2_scan,4-lithio-5-methyl-2-phenylthiazole,[Li]c1nc(-c2ccccc2)sc1C,ArLi,octafluorocyclopentene,FC1(F)C(F)=C(F)C(F)(F)C1(F)F,cycloaddition,24.0,0.79,0.043,0.0,,56.78,-0.1798,1.8816,0.237,4.921,1.82,212.03899999999996,3.0564999999999998,0.0,13.0
Photochromic_2012_Asai,si_table_Table S8,scope_tR2_scan,4-lithio-5-methyl-2-phenylthiazole,[Li]c1nc(-c2ccccc2)sc1C,ArLi,octafluorocyclopentene,FC1(F)C(F)=C(F)C(F)(F)C1(F)F,cycloaddition,24.0,0.79,0.17,2.0,,56.78,-0.1798,1.8816,0.237,4.921,1.82,212.03899999999996,3.0564999999999998,0.0,13.0
Photochromic_2012_Asai,si_table_Table S8,scope_tR2_scan,4-lithio-5-methyl-2-phenylthiazole,[Li]c1nc(-c2ccccc2)sc1C,ArLi,octafluorocyclopentene,FC1(F)C(F)=C(F)C(F)(F)C1(F)F,cycloaddition,24.0,0.79,0.62,21.0,,56.78,-0.1798,1.8816,0.237,4.921,1.82,212.03899999999996,3.0564999999999998,0.0,13.0
Photochromic_2012_Asai,si_table_Table S8,scope_tR2_scan,4-lithio-5-methyl-2-phenylthiazole,[Li]c1nc(-c2ccccc2)sc1C,ArLi,octafluorocyclopentene,FC1(F)C(F)=C(F)C(F)(F)C1(F)F,cycloaddition,24.0,0.79,2.5,59.0,,56.78,-0.1798,1.8816,0.237,4.921,1.82,212.03899999999996,3.0564999999999998,0.0,13.0
Photochromic_2012_Asai,si_table_Table S8,scope_tR2_scan,4-lithio-5-methyl-2-phenylthiazole,[Li]c1nc(-c2ccccc2)sc1C,ArLi,octafluorocyclopentene,FC1(F)C(F)=C(F)C(F)(F)C1(F)F,cycloaddition,24.0,0.79,9.9,67.0,,56.78,-0.1798,1.8816,0.237,4.921,1.82,212.03899999999996,3.0564999999999998,0.0,13.0
ThreeComp_2014_Nagaki,si_table_Table S-4,scope_electrophile,2-arylphenyllithium,[Li]c1ccccc1-c1ccccc1,ArLi,methyl triflate,,alkylation,,,0.31,73.0,,51.65,-0.2229,1.9044,0.3156,4.83,1.906,,,,
ThreeComp_2014_Nagaki,si_table_Table S-4,scope_electrophile,2-arylphenyllithium,[Li]c1ccccc1-c1ccccc1,ArLi,TMSOTf,,silylation,,,0.31,53.0,,51.65,-0.2229,1.9044,0.3156,4.83,1.906,,,,
ThreeComp_2014_Nagaki,si_table_Table S-4,scope_electrophile,2-arylphenyllithium,[Li]c1ccccc1-c1ccccc1,ArLi,phenyl isocyanate,,isocyanate,,,0.31,63.0,,51.65,-0.2229,1.9044,0.3156,4.83,1.906,,,,
ThreeComp_2014_Nagaki,si_table_Table S-4,scope_electrophile,2-arylphenyllithium,[Li]c1ccccc1-c1ccccc1,ArLi,benzaldehyde,,aldehyde,,,0.31,69.0,,51.65,-0.2229,1.9044,0.3156,4.83,1.906,,,,
ThreeComp_2014_Nagaki,si_table_Table S-4,scope_electrophile,2-arylphenyllithium,[Li]c1ccccc1-c1ccccc1,ArLi,chlorotributylstannane,,stannylation,,,0.31,58.0,,51.65,-0.2229,1.9044,0.3156,4.83,1.906,,,,
ThreeComp_2014_Nagaki,si_table_Table S-4,scope_electrophile,2-arylphenyllithium,[Li]c1ccccc1-c1ccccc1,ArLi,diethyl oxalate,CCOC(=O)C(=O)OCC,acylation,,,0.31,62.0,,51.65,-0.2229,1.9044,0.3156,4.83,1.906,146.14199999999997,0.11260000000000003,52.60000000000001,10.0
ThreeComp_2014_Nagaki,si_table_Table S-4,scope_electrophile,2-arylphenyllithium,[Li]c1ccccc1-c1ccccc1,ArLi,HCO2Me,,acylation,,,0.31,54.0,,51.65,-0.2229,1.9044,0.3156,4.83,1.906,,,,
ThreeComp_2014_Nagaki,si_table_Table S-4,scope_electrophile,2-arylphenyllithium,[Li]c1ccccc1-c1ccccc1,ArLi,iodine,,halogenation,,,0.31,51.0,,51.65,-0.2229,1.9044,0.3156,4.83,1.906,,,,
ThreeComp_2014_Nagaki,si_table_Table S-4,scope_electrophile,2-arylphenyllithium,[Li]c1ccccc1-c1ccccc1,ArLi,CBr4,,halogenation,,,0.31,63.0,,51.65,-0.2229,1.9044,0.3156,4.83,1.906,,,,
ThreeComp_2014_Nagaki,si_table_Table S-4,scope_electrophile,2-arylphenyllithium,[Li]c1ccccc1-c1ccccc1,ArLi,C2Cl6,,halogenation,,,0.31,64.0,,51.65,-0.2229,1.9044,0.3156,4.83,1.906,,,,
ThreeComp_2014_Nagaki,si_table_Table S-4,scope_electrophile,2-arylphenyllithium,[Li]c1ccccc1-c1ccccc1,ArLi,NFSI,,halogenation,,,0.31,71.0,,51.65,-0.2229,1.9044,0.3156,4.83,1.906,,,,
ThreeComp_2014_Nagaki,si_table_Table S-4,scope_electrophile,2-arylphenyllithium,[Li]c1ccccc1-c1ccccc1,ArLi,methyl triflate,,alkylation,,,0.31,63.0,,51.65,-0.2229,1.9044,0.3156,4.83,1.906,,,,
ThreeComp_2014_Nagaki,si_table_Table S-4,scope_electrophile,2-arylphenyllithium,[Li]c1ccccc1-c1ccccc1,ArLi,methyl triflate,,alkylation,,,0.31,70.0,,51.65,-0.2229,1.9044,0.3156,4.83,1.906,,,,
ThreeComp_2014_Nagaki,si_table_Table S-4,scope_electrophile,2-arylphenyllithium,[Li]c1ccccc1-c1ccccc1,ArLi,intramolecular cyclization,,cyclization,,,0.16,71.0,,51.65,-0.2229,1.9044,0.3156,4.83,1.906,,,,
ThreeComp_2014_Nagaki,si_table_Table S-4,scope_electrophile,2-arylphenyllithium,[Li]c1ccccc1-c1ccccc1,ArLi,methyl triflate,,alkylation,,,1.18,50.0,,51.65,-0.2229,1.9044,0.3156,4.83,1.906,,,,
ThreeComp_2014_Nagaki,si_table_Table S-4,scope_electrophile,2-arylphenyllithium,[Li]c1ccccc1-c1ccccc1,ArLi,iodomethane,,alkylation,,,2.36,50.0,,51.65,-0.2229,1.9044,0.3156,4.83,1.906,,,,
ThreeComp_2014_Nagaki,si_table_Table S-4,scope_electrophile,2-arylphenyllithium,[Li]c1ccccc1-c1ccccc1,ArLi,methyl triflate,,alkylation,,,0.31,58.0,,51.65,-0.2229,1.9044,0.3156,4.83,1.906,,,,
tBuEsters_2016_Degennaro,si_table_Table 1,scope_tR2_scan,aryllithium / heteroaryllithium,[Li]c1ccc(Cl)s1,ArLi,di-tert-butyl dicarbonate,CC(C)(C)OC(=O)OC(=O)OC(C)(C)C,acylation,-40.0,0.41,6.7,90.0,,44.32,-0.2207,1.8929,0.2159,7.792,1.82,218.24899999999997,2.8732000000000015,61.83,15.0
tBuEsters_2016_Degennaro,si_table_Table 1,scope_tR2_scan,aryllithium / heteroaryllithium,[Li]c1ccc2c(ccn2C)c1,ArLi,di-tert-butyl dicarbonate,CC(C)(C)OC(=O)OC(=O)OC(C)(C)C,acylation,0.0,0.41,6.7,65.0,,41.73,-0.2401,1.8936,0.2218,3.883,1.8841,218.24899999999997,2.8732000000000015,61.83,15.0
tBuEsters_2016_Degennaro,si_table_Table 2,scope_tR2_scan,lithium acetylide,[Li]C#Cc1ccccc1,carbanion,di-tert-butyl dicarbonate,CC(C)(C)OC(=O)OC(=O)OC(C)(C)C,acylation,0.0,0.7000000000000001,17.1,50.0,,43.18,-0.2883,1.8484,0.1723,6.599,1.82,218.24899999999997,2.8732000000000015,61.83,15.0
tBuEsters_2016_Degennaro,si_table_Table 2,scope_tR2_scan,lithium acetylide,[Li]C#Cc1ccc(OC)cc1,carbanion,di-tert-butyl dicarbonate,CC(C)(C)OC(=O)OC(=O)OC(C)(C)C,acylation,0.0,0.7000000000000001,17.1,70.0,,42.53,-0.2902,1.8495,0.1724,6.305,1.8282,218.24899999999997,2.8732000000000015,61.83,15.0
tBuEsters_2016_Degennaro,si_table_Table 1,scope_tR2_scan,aryllithium / heteroaryllithium,[Li]c1ccc(Cl)cc1,ArLi,di-tert-butyl dicarbonate,CC(C)(C)OC(=O)OC(=O)OC(C)(C)C,acylation,0.0,0.7000000000000001,17.1,90.0,,38.64,-0.232,1.9069,0.2213,8.262,1.82,218.24899999999997,2.8732000000000015,61.83,15.0
tBuEsters_2016_Degennaro,si_table_Table 1,scope_tR2_scan,aryllithium / heteroaryllithium,[Li]c1ccc(OC)cc1,ArLi,di-tert-butyl dicarbonate,CC(C)(C)OC(=O)OC(=O)OC(C)(C)C,acylation,0.0,0.7000000000000001,17.1,65.0,,40.02,-0.2409,1.8984,0.2215,5.775,1.8278,218.24899999999997,2.8732000000000015,61.83,15.0
tBuEsters_2016_Degennaro,si_table_Table 1,scope_tR2_scan,aryllithium / heteroaryllithium,[Li]c1ccc(F)cc1,ArLi,di-tert-butyl dicarbonate,CC(C)(C)OC(=O)OC(=O)OC(C)(C)C,acylation,0.0,0.7000000000000001,17.1,75.0,,38.72,-0.2349,1.9053,0.2215,8.214,1.82,218.24899999999997,2.8732000000000015,61.83,15.0
tBuEsters_2016_Degennaro,si_table_Table 1,scope_tR2_scan,aryllithium / heteroaryllithium,[Li]c1ccc(C(F)(F)F)cc1,ArLi,di-tert-butyl dicarbonate,CC(C)(C)OC(=O)OC(=O)OC(C)(C)C,acylation,0.0,0.7000000000000001,17.1,65.0,,38.87,-0.223,1.9106,0.2215,10.354,2.0591,218.24899999999997,2.8732000000000015,61.83,15.0
tBuEsters_2016_Degennaro,si_table_Table 1,scope_tR2_scan,aryllithium / heteroaryllithium,[Li]c1cccc(Cl)c1,ArLi,di-tert-butyl dicarbonate,CC(C)(C)OC(=O)OC(=O)OC(C)(C)C,acylation,0.0,0.7000000000000001,17.1,50.0,,39.02,-0.227,1.9082,0.2215,7.48,1.82,218.24899999999997,2.8732000000000015,61.83,15.0
tBuEsters_2016_Degennaro,si_table_Table 1,scope_tR2_scan,aryllithium / heteroaryllithium,[Li]c1cccnc1,ArLi,di-tert-butyl dicarbonate,CC(C)(C)OC(=O)OC(=O)OC(C)(C)C,acylation,0.0,0.7000000000000001,17.38,75.0,,37.21,-0.2447,1.905,0.2208,7.05,1.82,218.24899999999997,2.8732000000000015,61.83,15.0
tBuEsters_2016_Degennaro,si_table_Table 1,scope_tR2_scan,aryllithium / heteroaryllithium,[Li]c1cc(C)cc(C)c1,ArLi,di-tert-butyl dicarbonate,CC(C)(C)OC(=O)OC(=O)OC(C)(C)C,acylation,0.0,2.04,20.9,80.0,,41.76,-0.2328,1.897,0.2217,5.396,1.9119,218.24899999999997,2.8732000000000015,61.83,15.0
tBuEsters_2016_Degennaro,si_table_Table 1,scope_tR2_scan,aryllithium / heteroaryllithium,[Li]c1ccc(C(F)(F)F)cc1C,ArLi,di-tert-butyl dicarbonate,CC(C)(C)OC(=O)OC(=O)OC(C)(C)C,acylation,0.0,2.04,20.9,60.0,,39.88,-0.2322,1.9161,0.2585,10.433,2.1001,218.24899999999997,2.8732000000000015,61.83,15.0
tBuEsters_2016_Degennaro,si_table_Table 2,scope_tR2_scan,lithium acetylide,[Li]C#Cc1cccs1,carbanion,di-tert-butyl dicarbonate,CC(C)(C)OC(=O)OC(=O)OC(C)(C)C,acylation,0.0,2.94,17.1,87.0,,43.98,-0.2827,1.8487,0.1725,6.6610000000000005,1.82,218.24899999999997,2.8732000000000015,61.83,15.0
tBuEsters_2016_Degennaro,si_table_Table 2,scope_tR2_scan,lithium acetylide,[Li]C#Cc1ccc(N(C)C)cc1,carbanion,di-tert-butyl dicarbonate,CC(C)(C)OC(=O)OC(=O)OC(C)(C)C,acylation,20.0,0.7000000000000001,17.1,95.0,,43.59,-0.296,1.8434,0.1723,3.832,2.0319,218.24899999999997,2.8732000000000015,61.83,15.0
tBuEsters_2016_Degennaro,si_table_Table 2,scope_tR2_scan,lithium acetylide,[Li]C#Cc1ccc(OC)c(OC)c1,carbanion,di-tert-butyl dicarbonate,CC(C)(C)OC(=O)OC(=O)OC(C)(C)C,acylation,20.0,0.7000000000000001,17.1,75.0,,43.55,-0.291,1.846,0.1725,7.059,2.011,218.24899999999997,2.8732000000000015,61.83,15.0
tBuEsters_2016_Degennaro,si_table_Table 2,scope_tR2_scan,lithium acetylide,[Li]C#Cc1c(C)cc(C)cc1C,carbanion,di-tert-butyl dicarbonate,CC(C)(C)OC(=O)OC(=O)OC(C)(C)C,acylation,20.0,0.7000000000000001,17.1,95.0,,43.79,-0.2935,1.8441,0.1726,6.452,1.9882,218.24899999999997,2.8732000000000015,61.83,15.0
