paper_id,paper_doi,quality_flag,data_source_type,intermediate,intermediate_smiles,intermediate_smiles_canonical,substrate1,substrate1_smiles,substrate1_smiles_canonical,organolithium_reagent,electrophile,electrophile_smiles,electrophile_smiles_canonical,electrophile_type,product,product_smiles,product_smiles_canonical,reaction_class,tR_step,tR1_s,T1_C,tR2_s,T2_C,solvent,conc_substrate_M,analysis_subset,intermediate_class,sigma_hammett,Es_taft,delta_ortho,delta_benzyne,dft_charge_Li,dft_charge_C_ipso,dft_HOMO_eV,dft_LUMO_eV,dft_LiC_bond_A,dft_method,dft_LiC_BDE_kJ,dft_wiberg_LiC,dft_dipole_D,dft_Gsolv_kJ,yield_pct,pred_Ea,pred_lnA,pred_t_half_-78C_s,pred_t_half_-40C_s,pred_t_half_0C_s,pred_t_half_25C_s,model
AlkoxycarbonylArLi_2008_Nagaki,10.1002/anie.200803205,clean,si_table_Table S-2,tert-butyl o-lithiobenzoate,CC(C)(C)OC(=O)c1ccccc1[Li],[Li]c1ccccc1C(=O)OC(C)(C)C,tert-butyl o-bromobenzoate,CC(C)(C)OC(=O)c1ccccc1Br,CC(C)(C)OC(=O)c1ccccc1Br,s-BuLi,tert-butyl alcohol,CC(C)(C)O,CC(C)(C)O,quench_probe,tert-butyl benzoate,CC(C)(C)OC(=O)c1ccccc1,CC(C)(C)OC(=O)c1ccccc1,halogen-metal exchange,tR1,0.014,-78.0,,,"THF, hexane/cyclohexane",,kd_clean,ArLi,0.45,-1.54,1.0,0.0,0.4697,-0.2234,-8.614,-6.858,1.941,GFN2-xTB,522.9,0.6048,3.66,-74.1,48.0,47.213336079751166,23.799509170970204,138.86707415212246,1.2101240438688148,0.03418148370698404,0.005980105205363149,DFT-LFER
AlkoxycarbonylArLi_2008_Nagaki,10.1002/anie.200803205,clean,si_table_Table S-3,isopropyl o-lithiobenzoate,CC(C)OC(=O)c1ccccc1[Li],[Li]c1ccccc1C(=O)OC(C)C,isopropyl o-bromobenzoate,CC(C)OC(=O)c1ccccc1Br,CC(C)OC(=O)c1ccccc1Br,s-BuLi,2-propanol,CC(O)C,CC(C)O,quench_probe,isopropyl benzoate,CC(C)OC(=O)c1ccccc1,CC(C)OC(=O)c1ccccc1,halogen-metal exchange,tR1,0.014,-78.0,,,"THF, hexane/cyclohexane",,kd_clean,ArLi,0.45,-0.47,1.0,0.0,0.4711,-0.2219,-8.673,-6.916,1.9459,GFN2-xTB,524.0,0.6065,3.45,-72.16,49.0,47.48341433417372,23.97692960097711,137.35340268118284,1.1648965591726288,0.032239425188139416,0.005584372844417903,DFT-LFER
AlkoxycarbonylArLi_2008_Nagaki,10.1002/anie.200803205,clean,si_table_Table S-5,methyl o-lithiobenzoate,COC(=O)c1ccccc1[Li],[Li]c1ccccc1C(=O)OC,methyl o-bromobenzoate,COC(=O)c1ccccc1Br,COC(=O)c1ccccc1Br,s-BuLi,methanol,CO,CO,quench_probe,methyl benzoate,COC(=O)c1ccccc1,COC(=O)c1ccccc1,halogen-metal exchange,tR1,0.014,-78.0,,,"THF, hexane/cyclohexane",,kd_clean,ArLi,0.45,0.0,1.0,0.0,0.4733,-0.2207,-8.76,-7.023,1.9444,GFN2-xTB,524.2,0.6073,3.182,-64.08,33.0,47.82808563029394,24.203351864033532,135.4456094019466,1.1096242679793882,0.029920402524667256,0.005117143848765132,DFT-LFER
AlkoxycarbonylArLi_2008_Nagaki,10.1002/anie.200803205,clean,si_table_Table S-4,ethyl o-lithiobenzoate,CCOC(=O)c1ccccc1[Li],[Li]c1ccccc1C(=O)OCC,ethyl o-bromobenzoate,CCOC(=O)c1ccccc1Br,CCOC(=O)c1ccccc1Br,s-BuLi,ethanol,CCO,CCO,quench_probe,ethyl benzoate,CCOC(=O)c1ccccc1,CCOC(=O)c1ccccc1,halogen-metal exchange,tR1,0.014,-78.0,,,"THF, hexane/cyclohexane",,kd_clean,ArLi,0.45,-0.07,1.0,0.0,0.4722,-0.2215,-8.721,-6.975,1.9448,GFN2-xTB,523.6,0.6072,3.355,-67.95,33.0,47.60559259212678,24.057191224075467,136.67407761386545,1.1449956536246415,0.03139750773396285,0.005414060721213024,DFT-LFER
AlkoxycarbonylFlow_2010_Nagaki,10.1002/chem.201000876,clean,si_table_Table S-18,methyl m-lithiobenzoate,COC(=O)c1cccc([Li])c1,[Li]c1cccc(C(=O)OC)c1,methyl m-iodobenzoate (7d),COC(=O)c1cccc(I)c1,COC(=O)c1cccc(I)c1,PhLi,methanol,CO,CO,quench_probe,methyl benzoate,COC(=O)c1ccccc1,COC(=O)c1ccccc1,halogen-metal exchange,tR1,0.014,-78.0,,,"THF, hexane, cyclohexane",,kd_clean,ArLi,0.37,0.0,0.0,0.0,0.4242,-0.2292,-8.924,-6.565,1.906,GFN2-xTB,412.2,0.7391,8.509,-85.11,67.0,40.97710057644168,19.7027869561918,178.8573440916622,2.916115544782388,0.13193882015911784,0.0290596709293857,DFT-LFER
AlkoxycarbonylFlow_2010_Nagaki,10.1002/chem.201000876,clean,si_table_Table S-5,isopropyl m-lithiobenzoate,CC(C)OC(=O)c1cc([Li])ccc1,[Li]c1cccc(C(=O)OC(C)C)c1,isopropyl m-bromobenzoate (5b),CC(C)OC(=O)c1cc(Br)ccc1,CC(C)OC(=O)c1cccc(Br)c1,n-BuLi,2-propanol,CC(O)C,CC(C)O,quench_probe,3b,CC(C)OC(=O)c1ccccc1,CC(C)OC(=O)c1ccccc1,halogen-metal exchange,tR1,0.014,-78.0,,,"THF, hexane, cyclohexane",,kd_clean,ArLi,0.37,0.0,0.0,0.0,0.4214,-0.2294,-8.875,-6.479,1.9071,GFN2-xTB,410.7,0.7414,8.546,-93.78,54.0,40.92951536018628,19.671527166142965,179.2030594659448,2.935751988851184,0.13330562398046747,0.02941234241254283,DFT-LFER
AlkoxycarbonylFlow_2010_Nagaki,10.1002/chem.201000876,clean,si_table_Table S-4,tert-butyl m-lithiobenzoate,CC(C)(C)OC(=O)c1cc([Li])ccc1,[Li]c1cccc(C(=O)OC(C)(C)C)c1,tert-butyl m-bromobenzoate (5a),CC(C)(C)OC(=O)c1cc(Br)ccc1,CC(C)(C)OC(=O)c1cccc(Br)c1,n-BuLi,tert-butyl alcohol,CC(C)(C)O,CC(C)(C)O,quench_probe,tert-butyl benzoate,CC(C)(C)OC(=O)c1ccccc1,CC(C)(C)OC(=O)c1ccccc1,halogen-metal exchange,tR1,0.014,-78.0,,,"THF, hexane, cyclohexane",,kd_clean,ArLi,0.37,0.0,0.0,0.0,0.4191,-0.2296,-8.837,-6.417,1.9065,GFN2-xTB,409.5,0.7432,8.359,-95.12,55.0,41.170013615314936,19.82951583476816,177.46261455612878,2.837844776522273,0.12653980276477153,0.027672718302064813,DFT-LFER
AlkoxycarbonylFlow_2010_Nagaki,10.1002/chem.201000876,clean,si_table_Table S-2,tert-butyl p-lithiobenzoate,CC(C)(C)OC(=O)c1ccc([Li])cc1,[Li]c1ccc(C(=O)OC(C)(C)C)cc1,tert-butyl p-bromobenzoate (1a),CC(C)(C)OC(=O)c1ccc(Br)cc1,CC(C)(C)OC(=O)c1ccc(Br)cc1,s-BuLi,tert-butyl alcohol,CC(C)(C)O,CC(C)(C)O,quench_probe,tert-butyl benzoate (3),CC(C)(C)OC(=O)c1ccccc1,CC(C)(C)OC(=O)c1ccccc1,halogen-metal exchange,tR1,0.014,-78.0,,,"THF, hexane, cyclohexane",,kd_clean,ArLi,0.45,0.0,0.0,0.0,0.421,-0.2235,-8.885,-6.398,1.907,GFN2-xTB,411.6,0.7409,7.527,-95.56,50.0,42.2400379375986,20.532438681271692,169.92166452466074,2.4403308955751464,0.10036457030702564,0.021098272168338355,DFT-LFER
AlkoxycarbonylFlow_2010_Nagaki,10.1002/chem.201000876,clean,si_table_Table S-12,isopropyl p-lithiobenzoate,CC(C)OC(=O)c1ccc([Li])cc1,[Li]c1ccc(C(=O)OC(C)C)cc1,isopropyl p-iodobenzoate (4b),CC(C)OC(=O)c1ccc(I)cc1,CC(C)OC(=O)c1ccc(I)cc1,PhLi,2-propanol,CC(O)C,CC(C)O,quench_probe,3b,CC(C)OC(=O)c1ccccc1,CC(C)OC(=O)c1ccccc1,halogen-metal exchange,tR1,0.014,-78.0,,,"THF, hexane, cyclohexane",,kd_clean,ArLi,0.45,0.0,0.0,0.0,0.423,-0.2231,-8.923,-6.456,1.9067,GFN2-xTB,412.7,0.7391,7.785,-94.33,77.0,41.9082275107366,20.314465010120355,172.22515520404602,2.557245334668042,0.10784266000810246,0.022949738781204265,DFT-LFER
AlkoxycarbonylFlow_2010_Nagaki,10.1002/chem.201000876,clean,si_table_Table S-13,ethyl p-lithiobenzoate,CCOC(=O)c1ccc([Li])cc1,[Li]c1ccc(C(=O)OCC)cc1,ethyl p-iodobenzoate (4c),CCOC(=O)c1ccc(I)cc1,CCOC(=O)c1ccc(I)cc1,PhLi,ethanol,CCO,CCO,quench_probe,ethyl benzoate,CCOC(=O)c1ccccc1,CCOC(=O)c1ccccc1,halogen-metal exchange,tR1,0.014,-78.0,,,"THF, hexane, cyclohexane",,kd_clean,ArLi,0.45,0.0,0.0,0.0,0.4242,-0.2228,-8.947,-6.504,1.9065,GFN2-xTB,413.2,0.738,7.86,-89.24,66.0,41.81177099129997,20.251100570832175,172.90061406619824,2.592271233577204,0.11011926727101701,0.023517826474731378,DFT-LFER
AlkoxycarbonylFlow_2010_Nagaki,10.1002/chem.201000876,clean,si_table_Table S-14,methyl p-lithiobenzoate,COC(=O)c1ccc([Li])cc1,[Li]c1ccc(C(=O)OC)cc1,methyl p-iodobenzoate (4d),COC(=O)c1ccc(I)cc1,COC(=O)c1ccc(I)cc1,PhLi,methanol,CO,CO,quench_probe,methyl benzoate,COC(=O)c1ccccc1,COC(=O)c1ccccc1,halogen-metal exchange,tR1,0.014,-78.0,,,"THF, hexane, cyclohexane",,kd_clean,ArLi,0.45,0.0,0.0,0.0,0.4254,-0.2226,-8.971,-6.541,1.9047,GFN2-xTB,414.0,0.737,7.987,-85.78,80.0,41.64843795172062,20.143803453637528,174.05043747650313,2.652679193472675,0.11408445043253902,0.024512038202072182,DFT-LFER
AlkoxycarbonylFlow_2010_Nagaki,10.1002/chem.201000876,clean,si_table_Table S-17,ethyl m-lithiobenzoate,O=C(OCC)c1cc([Li])ccc1,[Li]c1cccc(C(=O)OCC)c1,ethyl m-iodobenzoate (7c),O=C(OCC)c1cc(I)ccc1,CCOC(=O)c1cccc(I)c1,PhLi,ethanol,CCO,CCO,quench_probe,ethyl benzoate,O=C(OCC)c1ccccc1,CCOC(=O)c1ccccc1,halogen-metal exchange,tR1,0.014,-78.0,,,"THF, hexane, cyclohexane",,kd_clean,ArLi,0.37,0.0,0.0,0.0,0.4229,-0.2295,-8.9,-6.521,1.905,GFN2-xTB,411.3,0.7401,8.648,-90.76,70.0,40.79833449375246,19.58535152871104,180.15957686512138,2.9905722954843683,0.13714733510634283,0.030406892927678786,DFT-LFER
AlkylLi_2019_Nagaki_Angew,10.1002/anie.201814088,clean,si_table_Table S1,3-(oxiran-2-yl)propyllithium,[Li]CCCC1CO1,[Li]CCCC1CO1,2-(3-bromopropyl)oxirane,BrCCCC1CO1,BrCCCC1CO1,LiNp,chlorotributylstannane,CCCC[Sn](Cl)(CCCC)CCCC,CCCC[Sn](Cl)(CCCC)CCCC,synthetic,tributyl(3-(oxiran-2-yl)propyl)stannane,CCCC[Sn](CCCC)(CCCC)CCCC1CO1,CCCC[Sn](CCCC)(CCCC)CCCC1CO1,halogen-metal exchange,tR1,0.002,-78.0,,,THF,,kd_valid,oxiranylLi,,0.0,0.0,0.0,0.4016,-0.2957,-8.205,-5.349,1.9226,GFN2-xTB,375.2,0.7948,4.117,-60.35,25.0,46.625594354650644,23.413408520907566,142.21901052593697,1.31470883316082,0.03882165325964161,0.006940912689052466,DFT-LFER
AlkylLi_2019_Nagaki_Angew,10.1002/anie.201814088,clean,si_table_Table S2,primary alkyllithiums bearing an epoxide group,[Li]CCCCC1CO1,[Li]CCCCC1CO1,BrCCCCC1CO1,BrCCCCC1CO1,BrCCCCC1CO1,LiNp,chlorotributylstannane,,,synthetic,CCCC[Sn](CCCC)(CCCC)CCCCC1CO1,CCCC[Sn](CCCC)(CCCC)CCCCC1CO1,CCCC[Sn](CCCC)(CCCC)CCCCC1CO1,halogen-metal exchange,tR1,6.9,-60.0,,,THF,,kd_valid,oxiranylLi,,0.0,0.0,0.0,0.3961,-0.2921,-8.059,-5.126,1.9249,GFN2-xTB,390.1,0.7855,2.888,-58.01,79.0,48.20619518648552,24.451740466043194,133.38319742654306,1.0520016181814935,0.02756781614210479,0.004649427078673645,DFT-LFER
AlkylLi_2019_Nagaki_Angew,10.1002/anie.201814088,clean,si_table_Table S2,primary alkyllithiums bearing an epoxide group,[Li]CCCCCC1CO1,[Li]CCCCCC1CO1,BrCCCCCC1CO1,BrCCCCCC1CO1,BrCCCCCC1CO1,LiNp,chlorotributylstannane,,,synthetic,CCCC[Sn](CCCC)(CCCC)CCCCCC1CO1,CCCC[Sn](CCCC)(CCCC)CCCCCC1CO1,CCCC[Sn](CCCC)(CCCC)CCCCCC1CO1,halogen-metal exchange,tR1,6.9,-60.0,,,THF,,kd_valid,oxiranylLi,,0.0,0.0,0.0,0.3861,-0.2933,-7.911,-5.075,1.9195,GFN2-xTB,369.4,0.813,4.168,-68.15,83.0,46.56000392143373,23.370320702191606,142.59806073765762,1.3269270632925954,0.039377077185173165,0.007057287289404699,DFT-LFER
AlkylLi_2019_Nagaki_Angew,10.1002/anie.201814088,clean,si_table_Table S2,primary alkyllithiums bearing an epoxide group,[Li]CCCCCCC1CO1,[Li]CCCCCCC1CO1,BrCCCCCCC1CO1,BrCCCCCCC1CO1,BrCCCCCCC1CO1,LiNp,chlorotributylstannane,,,synthetic,CCCC[Sn](CCCC)(CCCC)CCCCCCC1CO1,CCCC[Sn](CCCC)(CCCC)CCCCCCC1CO1,CCCC[Sn](CCCC)(CCCC)CCCCCCC1CO1,halogen-metal exchange,tR1,6.9,-60.0,,,THF,,kd_valid,oxiranylLi,,0.0,0.0,0.0,0.3901,-0.2943,-8.118,-5.25,1.928,GFN2-xTB,371.9,0.811,6.096,-72.14,78.0,44.08042832844947,21.74143218289015,157.69346299659057,1.882448958086069,0.06737098604541795,0.013232078588348023,DFT-LFER
AziridinylLi_2009_Nagaki,10.1246/cl.2009.1060,clean,si_table_Table S-1,lithiated 1-tert-butylsulfonyl-2-phenylaziridine,CC(C)(C)S(=O)(=O)N1C[C@]1([Li])c2ccccc2,[Li][C@]1(c2ccccc2)CN1S(=O)(=O)C(C)(C)C,1-tert-butylsulfonyl-2-phenylaziridine (1),CC(C)(C)S(=O)(=O)N1CC1c2ccccc2,CC(C)(C)S(=O)(=O)N1CC1c1ccccc1,n-BuLi,iodomethane,CI,CI,quench_probe,1-tert-butylsulfonyl-2-methyl-2-phenylaziridine (2),CC(C)(C)S(=O)(=O)N1CC1(C)c2ccccc2,CC1(c2ccccc2)CN1S(=O)(=O)C(C)(C)C,deprotonation,tR1,0.377,-48.0,,,THF / n-hexane,,kd_clean,aziridinylLi,,0.0,0.0,0.0,0.5537,-0.168,-8.871,-5.579,2.0174,GFN2-xTB,580.6,0.5065,4.993,-79.93,31.0,45.49898220763082,22.673311870021635,148.87201933246055,1.5411167929690683,0.04954997197620277,0.009235312204833888,DFT-LFER
BenzoThiophenylLi_2011_Asai,10.1246/cl.2011.393,clean,si_table_Table S-1,3-lithio-2-methylbenzothiophene,Cc1sc2ccccc2c1[Li],[Li]c1c(C)sc2ccccc12,3-bromo-2-methylbenzothiophene,Cc1sc2ccccc2c1Br,Cc1sc2ccccc2c1Br,n-BuLi,iodomethane,CI,CI,quench_probe,"2,3-dimethylbenzothiophene",Cc1sc2ccccc2c1C,Cc1sc2ccccc2c1C,halogen-metal exchange,tR1,0.014,-48.0,,,THF / n-hexane,,kd_clean,ArLi,,0.0,0.0,0.0,0.4283,-0.257,-9.195,-5.986,1.8887,GFN2-xTB,444.5,0.6901,6.635,-68.92,70.0,43.38722747543157,21.286053079205768,162.19246377887765,2.0757849710589023,0.07828445433933943,0.015774166143055452,DFT-LFER
BenzoThiophenylLi_2011_Asai,10.1246/cl.2011.393,clean,si_table_Table S-2,2-methylbenzofuran-3-yllithium,Cc1oc2ccccc2c1[Li],[Li]c1c(C)oc2ccccc12,3-bromo-2-methylbenzofuran,Cc1oc2ccccc2c1Br,Cc1oc2ccccc2c1Br,n-BuLi,methanol,CO,CO,quench_probe,2-methylbenzofuran,Cc1oc2ccccc2c1,Cc1cc2ccccc2o1,halogen-metal exchange,tR1,0.014,-48.0,,,THF / n-hexane,,kd_clean,ArLi,,0.0,0.0,0.0,0.4184,-0.2851,-9.14,-5.748,1.875,GFN2-xTB,459.9,0.7407,5.627,-69.1,22.0,44.68360309665986,22.137671143238897,153.88040862268616,1.7289332684470393,0.05912050731601814,0.011355890732124967,DFT-LFER
BenzylLi_2015_Nagaki,10.1039/c5ob00958h,clean,si_table_Table S-3,p-formylbenzyllithium,O=Cc1ccc(C[Li])cc1,[Li]Cc1ccc(C=O)cc1,p-formylbenzyl chloride,O=Cc1ccc(CCl)cc1,O=Cc1ccc(CCl)cc1,LiNp,methanol,CO,CO,quench_probe,protonated product,O=Cc1ccc(C)cc1,Cc1ccc(C=O)cc1,halogen-metal exchange,tR1,0.00131,-78.0,,,THF,,kd_clean,benzylLi,,0.0,0.0,0.0,0.5015,-0.2499,-9.094,-7.034,1.9785,GFN2-xTB,363.5,0.5309,8.455,-78.1,68.0,41.04654927043605,19.74840935247929,178.3539831633193,2.8876924353366205,0.1299691374415456,0.028552536730546123,DFT-LFER
BenzylLi_2015_Nagaki,10.1039/c5ob00958h,clean,si_table_Table S-2,p-propanoylbenzyllithium,CCC(=O)c1ccc(C[Li])cc1,[Li]Cc1ccc(C(=O)CC)cc1,p-propanoylbenzyl chloride,CCC(=O)c1ccc(CCl)cc1,CCC(=O)c1ccc(CCl)cc1,LiNp,methanol,CO,CO,quench_probe,1-(p-tolyl)propan-1-one,CCC(=O)c1ccc(C)cc1,CCC(=O)c1ccc(C)cc1,halogen-metal exchange,tR1,0.00131,-78.0,,,THF,,kd_clean,benzylLi,,0.0,0.0,0.0,0.4906,-0.253,-8.918,-6.812,1.9742,GFN2-xTB,361.2,0.5503,7.335,-83.09,80.0,42.486966627356374,20.69465164584943,168.22745676920349,2.3568075551271304,0.09513805371371935,0.019818059910858717,DFT-LFER
BiaryLi_2009_Nagaki,10.3762/bjoc.5.16,clean,si_table_Table S-2,2-bromo-2'-lithiobiphenyl,Brc1ccccc1-c2ccccc2[Li],[Li]c1ccccc1-c1ccccc1Br,23,Brc1ccccc1-c2ccccc2Br,Brc1ccccc1-c1ccccc1Br,n-BuLi,methanol,CO,CO,quench_probe,2,Brc1ccccc1-c1ccccc1,Brc1ccccc1-c1ccccc1,halogen-metal exchange,tR1,0.057,-78.0,,,THF,,kd_clean,ArLi,-0.01,0.0,0.0,0.0,0.4303,-0.2221,-8.963,-6.862,1.8957,GFN2-xTB,433.4,0.7295,6.322,-71.07,19.0,43.78977268321377,21.5504940058351,159.56447558596722,1.9612191259803324,0.07174836978905867,0.014243868936592723,DFT-LFER
BiaryLi_2009_Nagaki,10.3762/bjoc.5.16,clean,si_table_Table S-5,"monolithiated 4,4'-dibromobiphenyl",[Li]c1ccc(cc1)c2ccc(Br)cc2,[Li]c1ccc(-c2ccc(Br)cc2)cc1,"4,4’-dibromobiphenyl (17)",Brc1ccc(cc1)c2ccc(Br)cc2,Brc1ccc(-c2ccc(Br)cc2)cc1,n-BuLi,methanol,CO,CO,quench_probe,"4-bromobiphenyl (18), biphenyl (3)",Brc1ccc(cc1)c2ccccc2,Brc1ccc(-c2ccccc2)cc1,halogen-metal exchange,tR1,0.057,-78.0,,,THF,,kd_clean,ArLi,-0.01,0.0,0.0,0.0,0.413,-0.2294,-8.9,-6.493,1.9059,GFN2-xTB,410.9,0.7496,10.947,-83.58,29.0,37.84162065128835,17.643020249730725,203.12646695793018,4.537907041360289,0.26019355150891504,0.06434178782025073,DFT-LFER
C1Carbenoid_2026_Okamoto,10.1002/asia.70525,clean,si_table_Table S 2,lithium carbenoid,[Li]CSCc1ccccc1,[Li]CSCc1ccccc1,1a,ClCSCc1ccccc1,ClCSCc1ccccc1,LiNp,methanol,CO,CO,quench_probe,2a,CSCc1ccccc1,CSCc1ccccc1,halogen-metal exchange,tR1,0.002,-78.0,,,THF,,kd_clean,carbenoid,,0.0,0.0,0.0,0.4641,-0.223,-8.444,-6.225,1.9412,GFN2-xTB,370.4,0.6792,5.3,-68.34,63.0,45.10415352140355,22.413940098535356,151.2765268337144,1.629367886896236,0.05397356275321334,0.01020752538530641,DFT-LFER
CHLiIF_2020_Nagaki,10.1002/anie.202003831,clean,si_table_Table S4,fluoroiodomethyllithium,FC(I)[Li],[Li]C(F)I,fluoroiodomethane (1),FCI,FCI,LDA,chlorotributylstannane,CCCC[Sn](Cl)(CCCC)CCCC,CCCC[Sn](Cl)(CCCC)CCCC,synthetic,,CCCC[Sn](CCCC)(CCCC)C(F)I,CCCC[Sn](CCCC)(CCCC)C(F)I,deprotonation,tR1,0.0059,-78.0,,,THF/Et2O,,kd_valid,ArLi,,0.0,0.0,0.0,0.5943,-0.1104,-9.599,-6.732,2.0024,GFN2-xTB,490.1,0.2653,5.961,-53.33,35.0,44.2540500634354,21.85548817360887,156.58630601067264,1.836913590491426,0.064884655794309,0.012662314283654162,DFT-LFER
CHLiIF_2020_Nagaki,10.1002/anie.202003831,clean,si_table_Table S1,fluoromethyllithium,FC[Li],[Li]CF,fluoroiodomethane (1),FCI,FCI,MeLi,N-methoxy-N-methyl-3-phenylpropanamide,O=C(N(OC)C)CCc1ccccc1,CON(C)C(=O)CCc1ccccc1,synthetic,fluoromethyl ketone,O=C(CF)CCc1ccccc1,O=C(CF)CCc1ccccc1,halogen-metal exchange,tR1,0.0037,,,,THF/Et2O,,kd_valid,ArLi,,0.0,0.0,0.0,0.4727,-0.1694,-8.825,-5.496,1.9058,GFN2-xTB,473.8,0.6066,4.287,-44.91,60.0,46.40695957726095,23.26978245852103,143.48644469971575,1.3558796754903832,0.04070416608377684,0.007336472611811183,DFT-LFER
CyanoArLi_2010_Nagaki,10.1039/b919325c,clean,si_table_Table S-3,m-cyanophenyllithium,N#Cc1cccc([Li])c1,[Li]c1cccc(C#N)c1,m-bromobenzonitrile,N#Cc1cccc(Br)c1,N#Cc1cccc(Br)c1,n-BuLi,methanol,CO,CO,quench_probe,benzonitrile,N#Cc1ccccc1,N#Cc1ccccc1,halogen-metal exchange,tR1,0.014,-78.0,,,THF/hexane,,kd_clean,ArLi,0.56,0.0,0.0,0.0,0.4289,-0.2284,-9.14,-6.505,1.9116,GFN2-xTB,418.4,0.7328,9.332,-74.72,3.0,39.91865103649041,19.007467842402846,186.7071309471656,3.3856002733461117,0.1659321701607247,0.038003298385477634,DFT-LFER
CyanoArLi_2010_Nagaki,10.1039/b919325c,clean,si_table_Table S-2,o-cyanophenyllithium,N#Cc1ccccc1[Li],[Li]c1ccccc1C#N,o-bromobenzonitrile,N#Cc1ccccc1Br,N#Cc1ccccc1Br,n-BuLi,methanol,CO,CO,quench_probe,benzonitrile,N#Cc1ccccc1,N#Cc1ccccc1,halogen-metal exchange,tR1,0.014,-78.0,,,THF/hexane,,kd_clean,ArLi,0.66,0.0,0.0,0.0,0.4438,-0.2137,-9.263,-6.818,1.9765,GFN2-xTB,476.6,0.6512,2.068,-57.29,6.0,49.26078646565933,25.14452500226062,127.79533305452725,0.9066126543039528,0.021938517440002758,0.0035587183567398185,DFT-LFER
CyanoArLi_2010_Nagaki,10.1039/b919325c,clean,si_table_Table S-4,p-cyanophenyllithium,N#Cc1ccc([Li])cc1,[Li]c1ccc(C#N)cc1,p-bromobenzonitrile,N#Cc1ccc(Br)cc1,N#Cc1ccc(Br)cc1,n-BuLi,methanol,CO,CO,quench_probe,benzonitrile,N#Cc1ccccc1,N#Cc1ccccc1,halogen-metal exchange,tR1,0.014,-78.0,,,THF/hexane,,kd_clean,ArLi,0.66,0.0,0.0,0.0,0.4272,-0.2239,-9.157,-6.49,1.9132,GFN2-xTB,419.1,0.7365,10.704,-75.28,2.0,38.15413977426302,17.848321033024426,200.56662836942866,4.34223703959113,0.24316491411768384,0.05944100654311966,DFT-LFER
DibromoBenzArLi_2007_Nagaki,10.1002/asia.200700231,clean,si_table_Table S-6,o-bromophenyllithium,[Li]c1ccccc1Br,[Li]c1ccccc1Br,o-dibromobenzene,Brc1ccccc1Br,Brc1ccccc1Br,n-BuLi,methanol,CO,CO,quench_probe,bromobenzene,Brc1ccccc1,Brc1ccccc1,halogen-metal exchange,tR1,0.1,-85.0,,,THF/hexane,,kd_clean,ArLi,0.23,0.0,0.0,1.0,0.4765,-0.2368,-9.314,-5.991,1.9147,GFN2-xTB,477.7,0.6507,2.958,-56.67,24.0,48.116169101678004,24.392600322707562,133.87138140139243,1.0654438912322963,0.028110607874374593,0.004756756422984678,DFT-LFER
DibromoBenzArLi_2007_Nagaki,10.1002/asia.200700231,clean,si_table_Table S-2,p-bromophenyllithium,[Li]c1ccc(Br)cc1,[Li]c1ccc(Br)cc1,p-dibromobenzene,Brc1ccc(Br)cc1,Brc1ccc(Br)cc1,n-BuLi,methanol,CO,CO,quench_probe,bromobenzene,Brc1ccccc1,Brc1ccccc1,halogen-metal exchange,tR1,0.049,-78.0,,,THF / hexane,,kd_clean,ArLi,0.23,0.0,0.0,0.0,0.4279,-0.2311,-9.158,-5.906,1.9095,GFN2-xTB,420.9,0.7364,10.151,-68.68,11.0,38.86534584424243,18.31552816537593,194.86074974498513,3.9278196495857784,0.20845134982706637,0.04963471370926926,DFT-LFER
DibromoBenzArLi_2007_Nagaki,10.1002/asia.200700231,clean,si_table_Table S-5,m-bromophenyllithium,[Li]c1cccc(Br)c1,[Li]c1cccc(Br)c1,m-dibromobenzene,Brc1cccc(Br)c1,Brc1cccc(Br)c1,n-BuLi,methanol,CO,CO,quench_probe,bromobenzene,Brc1ccccc1,Brc1ccccc1,halogen-metal exchange,tR1,0.049,-78.0,,,THF/hexane,,kd_clean,ArLi,0.37,0.0,0.0,0.0,0.4358,-0.2293,-9.177,-5.95,1.9094,GFN2-xTB,420.6,0.7264,8.948,-68.66,17.0,40.41250841600595,19.331893771558324,183.00255650131533,3.1578135787502988,0.1491002114009615,0.033531253164376246,DFT-LFER
FuncAlkylLi_2019_Nagaki,10.1002/chem.201902867,clean,si_table_Table S3,functional alkyllithiums,[Li]CCC[Si](C)(C)C,[Li]CCC[Si](C)(C)C,C[Si](C)(C)CCCBr,C[Si](C)(C)CCCBr,C[Si](C)(C)CCCBr,LiNp,phenyl isocyanate,,,synthetic,C[Si](C)(C)CCCC(=O)Nc1ccccc1,C[Si](C)(C)CCCC(=O)Nc1ccccc1,C[Si](C)(C)CCCC(=O)Nc1ccccc1,halogen-metal exchange,tR1,0.0069,-78.0,,,THF,,kd_valid,alkylLi,,0.0,0.0,0.0,0.3938,-0.2882,-7.874,-5.009,1.9119,GFN2-xTB,388.5,0.7783,3.993,-58.78,78.0,46.78506913345253,23.51817106053069,141.30159601275255,1.285469013103607,0.03750367214779764,0.006665904932794492,DFT-LFER
FuncAlkylLi_2019_Nagaki,10.1002/chem.201902867,clean,si_table_Table S3,functional alkyllithiums,[Li]CCOC,[Li]CCOC,COCCCl,COCCCl,COCCCl,LiNp,PhMe2SiCl,,,synthetic,COCC[Si](C)(C)Ph,COCC[Si](C)(C)c1ccccc1,COCC[Si](C)(C)c1ccccc1,halogen-metal exchange,tR1,0.78,-78.0,,,THF,,kd_valid,alkylLi,,0.0,0.0,0.0,0.4112,-0.3062,-8.408,-5.487,1.9243,GFN2-xTB,388.2,0.7925,5.768,-58.53,68.0,44.502264840119,22.018545997377117,155.01696813343676,1.7737211996642286,0.06148863731285079,0.011890106448483984,DFT-LFER
FuncAlkylLi_2019_Nagaki,10.1002/chem.201902867,clean,si_table_Table S3,functional alkyllithiums,[Li]CCOC1CCCCC1,[Li]CCOC1CCCCC1,C1CCCCC1OCCCl,C1CCCCC1OCCCl,ClCCOC1CCCCC1,LiNp,benzaldehyde,,,synthetic,C1CCCCC1OCCC(O)Ph,OC(CCC1CCCCC1O)c1ccccc1,OC(CCC1CCCCC1O)c1ccccc1,halogen-metal exchange,tR1,1.31,-78.0,,,THF,,kd_valid,alkylLi,,0.0,0.0,0.0,0.4231,-0.3001,-7.876,-4.619,1.9604,GFN2-xTB,475.0,0.6594,4.264,-56.14,61.0,46.43653957655485,23.289214219902735,143.31430981978522,1.3502349651446448,0.04044422896912315,0.007281664647079816,DFT-LFER
FuncAlkylLi_2019_Nagaki,10.1002/chem.201902867,clean,si_table_Table S3,functional alkyllithiums,[Li]CCCC=C,[Li]CCCC=C,C=CCCCBr,C=CCCCBr,C=CCCCBr,LiNp,phenyl isocyanate,,,synthetic,C=CCCCC(=O)Nc1ccccc1,C=CCCCC(=O)Nc1ccccc1,C=CCCCC(=O)Nc1ccccc1,halogen-metal exchange,tR1,0.028,-60.0,,,THF,,kd_valid,alkylLi,,0.0,0.0,0.0,0.3962,-0.287,-8.07,-5.556,1.9103,GFN2-xTB,389.2,0.7832,4.121,-46.37,90.0,46.62045000694735,23.41002908414553,142.24870350554875,1.3156630462937753,0.0388649313394523,0.006949970340882564,DFT-LFER
Homocoupling_2011_Nagaki,10.3762/bjoc.7.122,clean,si_table_Table S1,p-Anisyllithium,COc1ccc([Li])cc1,[Li]c1ccc(OC)cc1,p-Bromoanisole,COc1ccc(Br)cc1,COc1ccc(Br)cc1,n-BuLi,methanol,CO,CO,quench_probe,Anisole,COc1ccccc1,COc1ccccc1,halogen-metal exchange,tR1,0.22,-78.0,,,THF,,kd_clean,ArLi,-0.27,0.0,0.0,0.0,0.4014,-0.2409,-8.577,-5.42,1.8984,GFN2-xTB,407.4,0.7627,5.775,-68.87,12.0,44.49326223163824,22.012631983043555,155.0736112858106,1.7759746987939768,0.061608644809115695,0.011917273048274573,DFT-LFER
Homocoupling_2011_Nagaki,10.3762/bjoc.7.122,clean,si_table_Table 1,aryllithium,[Li]c1ccc([N+](=O)[O-])cc1,[Li]c1ccc([N+](=O)[O-])cc1,O=[N+]([O-])c1ccc(I)cc1,O=[N+]([O-])c1ccc(I)cc1,O=[N+]([O-])c1ccc(I)cc1,n-BuLi,aryl halide (homocoupling),,,synthetic,O=[N+]([O-])c1ccc(-c2ccc([N+](=O)[O-])cc2)cc1,O=[N+]([O-])c1ccc(-c2ccc([N+](=O)[O-])cc2)cc1,O=[N+]([O-])c1ccc(-c2ccc([N+](=O)[O-])cc2)cc1,halogen-metal exchange,tR1,0.014,-48.0,,,THF,,kd_valid,ArLi,0.78,0.0,0.0,0.0,0.4503,-0.2167,-9.584,-7.927,1.9221,GFN2-xTB,434.6,0.7145,12.377,-85.23,,36.0025163473633,16.434871607302775,218.86630797884695,5.881692699671324,0.38751015254246846,0.10255819070042829,DFT-LFER
Homocoupling_2011_Nagaki,10.3762/bjoc.7.122,clean,si_table_Table 1,aryllithium,[Li]c1ccccc1[N+](=O)[O-],[Li]c1ccccc1[N+](=O)[O-],O=[N+]([O-])c1ccccc1I,O=[N+]([O-])c1ccccc1I,O=[N+]([O-])c1ccccc1I,n-BuLi,aryl halide (homocoupling),,,synthetic,O=[N+]([O-])c1ccccc1-c1ccccc1[N+](=O)[O-],O=[N+]([O-])c1ccccc1-c1ccccc1[N+](=O)[O-],O=[N+]([O-])c1ccccc1-c1ccccc1[N+](=O)[O-],halogen-metal exchange,tR1,0.014,-48.0,,,THF,,kd_valid,ArLi,0.78,0.0,0.0,0.0,0.493,-0.221,-9.518,-8.534,1.9477,GFN2-xTB,553.6,0.5614,3.5,-59.66,,47.419109987882635,23.934686641451655,137.71229734720936,1.175509273244671,0.03269156947626116,0.005676152170720235,DFT-LFER
Homocoupling_2011_Nagaki,10.3762/bjoc.7.122,clean,si_table_Table 1,aryllithium,[Li]c1ccccc1OC,[Li]c1ccccc1OC,COc1ccccc1Br,COc1ccccc1Br,COc1ccccc1Br,n-BuLi,aryl halide (homocoupling),,,synthetic,COc1ccccc1-c1ccccc1OC,COc1ccccc1-c1ccccc1OC,COc1ccccc1-c1ccccc1OC,halogen-metal exchange,tR1,3.1,0.0,,,THF,,kd_valid,ArLi,-0.27,0.0,0.0,0.0,0.4284,-0.2462,-8.558,-5.015,1.9124,GFN2-xTB,473.3,0.6598,5.311,-59.65,76.0,45.09000656521952,22.404646647439755,151.36339881015542,1.6326220807941916,0.05413918980773627,0.01024419851542719,DFT-LFER
Homocoupling_2011_Nagaki,10.3762/bjoc.7.122,clean,si_table_Table 1,aryllithium,[Li]c1cccc(OC)c1,[Li]c1cccc(OC)c1,COc1cccc(Br)c1,COc1cccc(Br)c1,COc1cccc(Br)c1,n-BuLi,aryl halide (homocoupling),,,synthetic,COc1cccc(-c2cccc(OC)c2)c1,COc1cccc(-c2cccc(OC)c2)c1,COc1cccc(-c2cccc(OC)c2)c1,halogen-metal exchange,tR1,3.1,24.0,,,THF,,kd_valid,ArLi,0.12,0.0,0.0,0.0,0.4078,-0.2298,-8.549,-5.441,1.8971,GFN2-xTB,405.4,0.7533,4.694,-69.24,69.0,45.883522198451516,22.925924767983844,146.56691329340202,1.459762304223319,0.04559040989704738,0.008377519246473801,DFT-LFER
NitroArLi_2009_Nagaki,10.1002/anie.200904316,clean,si_table_Table S-3,m-nitrophenyllithium,O=[N+]([O-])c1cccc([Li])c1,[Li]c1cccc([N+](=O)[O-])c1,m-iodonitrobenzene (1b),O=[N+]([O-])c1cccc(I)c1,O=[N+]([O-])c1cccc(I)c1,n-BuLi,methanol,CO,CO,quench_probe,2,O=[N+]([O-])c1ccccc1,O=[N+]([O-])c1ccccc1,halogen-metal exchange,tR1,0.014,-78.0,,,"THF, Et2O, cyclohexane",,kd_clean,ArLi,0.71,0.0,0.0,0.0,0.4497,-0.2209,-9.561,-8.082,1.9063,GFN2-xTB,436.7,0.7111,8.883,-80.38,47.0,40.49610406618436,19.386809618941413,182.3827945940662,3.120801756590339,0.14642500041585438,0.032828139809400615,DFT-LFER
OxiranylLi_2010_Nagaki,10.1002/chem.201000815,clean,si_table_Table S-8,lithiated 2-(2-naphthyl)ethylene oxide,[Li]C1(CO1)c2ccc3ccccc3c2,[Li]C1(c2ccc3ccccc3c2)CO1,2-(2-naphthyl)ethylene oxide,O1CC1c2ccc3ccccc3c2,c1ccc2cc(C3CO3)ccc2c1,s-BuLi,iodomethane,CI,CI,quench_probe,methylated 2-(2-naphthyl)ethylene oxide,CC1(CO1)c2ccc3ccccc3c2,CC1(c2ccc3ccccc3c2)CO1,deprotonation,tR1,0.357,-78.0,,,THF/hexane,,kd_clean,ArLi,,0.0,0.0,0.0,0.5085,-0.1381,-8.822,-6.474,1.8992,GFN2-xTB,451.4,0.4623,5.584,-72.85,24.0,44.73890483447019,22.174000088430784,153.53545924837516,1.71550090581957,0.05841662450312502,0.011197800581456807,DFT-LFER
OxiranylLi_2010_Nagaki,10.1002/chem.201000815,clean,si_table_Table S-6,lithium oxiranyl anion,Clc1ccc(C2([Li])CO2)cc1,[Li]C1(c2ccc(Cl)cc2)CO1,4-chlorostyrene oxide (4),Clc1ccc(C2CO2)cc1,Clc1ccc(C2CO2)cc1,s-BuLi,iodomethane,CI,CI,quench_probe,,Clc1ccc(C2(C)CO2)cc1,CC1(c2ccc(Cl)cc2)CO1,deprotonation,tR1,0.357,-78.0,,,THF/hexane,,kd_clean,oxiranylLi,,0.0,0.0,0.0,0.5165,-0.1381,-9.082,-6.246,1.8998,GFN2-xTB,458.7,0.4709,7.178,-69.94,56.0,42.68888227471038,20.827294538759354,166.8546504551615,2.290638801489452,0.09106721018375724,0.018829167541851915,DFT-LFER
OxiranylLi_2010_Nagaki,10.1002/chem.201000815,clean,si_table_Table S-10,oxiranyllithium,[Li]C1(C)OC1c1ccccc1,[Li]C1(C)OC1c1ccccc1,"(2S*,3R*)-2-methyl-3-phenyloxirane (c-8)",CC1OC1c1ccccc1,CC1OC1c1ccccc1,s-BuLi,iodomethane,CI,CI,quench_probe,c-9,CC1OC1(C)c1ccccc1,CC1OC1(C)c1ccccc1,deprotonation,tR1,0.357,-78.0,,,THF/hexane,,kd_clean,oxiranylLi,,0.0,0.0,0.0,0.4921,-0.1484,-8.743,-5.777,1.8798,GFN2-xTB,464.3,0.539,4.592,-67.46,35.0,46.014703064885325,23.012100405415765,145.7887487064941,1.4330033399776059,0.0443133512885159,0.008103506834157987,DFT-LFER
OxiranylLi_2010_Nagaki,10.1002/chem.201000815,clean,si_table_Table S-3,lithium oxiranyl anion,[Li]C1OC1c1ccccc1,[Li]C1OC1c1ccccc1,styrene oxide (1),O1CC1c2ccccc2,c1ccc(C2CO2)cc1,s-BuLi,iodomethane,CI,CI,quench_probe,3,CC1(c2ccccc2)CO1,CC1(c2ccccc2)CO1,deprotonation,tR1,0.357,-78.0,,,THF/hexane,,kd_clean,oxiranylLi,,0.0,0.0,0.0,0.4727,-0.1795,-8.66,-6.219,1.8829,GFN2-xTB,489.1,0.5754,4.283,-61.63,20.0,46.412103924964235,23.273161895283064,143.45649335413552,1.3548962943756542,0.04065883992243579,0.007326911245169354,DFT-LFER
OxiranylLi_2010_Nagaki,10.1002/chem.201000815,clean,si_table_Table S-7,lithium 4-methylstyrene oxide,[Li]C1(c2ccc(C)cc2)CO1,[Li]C1(c2ccc(C)cc2)CO1,4-methylstyrene oxide (6),CC1=CC=C(C2CO2)C=C1,Cc1ccc(C2CO2)cc1,s-BuLi,iodomethane,CI,CI,quench_probe,7,CC1(c2ccc(C)cc2)CO1,Cc1ccc(C2(C)CO2)cc1,deprotonation,tR1,0.357,-78.0,,,THF/hexane,,kd_clean,carbanion,,0.0,0.0,0.0,0.5036,-0.1418,-8.699,-5.906,1.8958,GFN2-xTB,451.8,0.4738,4.647,-66.56,9.0,45.943968283965134,22.96563314993777,146.20783259565587,1.4473706755770483,0.044997452250046525,0.0082501261328242,DFT-LFER
OxiranylLi_2010_Nagaki,10.1002/chem.201000815,clean,si_table_Table S-12,"lithium (2R*,3S*)-2,3-diphenyloxiran-2-ide",O1[C@H](c2ccccc2)[C@@]([Li])1c3ccccc3,[Li][C@@]1(c2ccccc2)O[C@@H]1c1ccccc1,"(2R*,3S*)-2,3-diphenyloxirane (c-10)",O1[C@H](c2ccccc2)[C@@H]1c3ccccc3,c1ccc([C@H]2O[C@H]2c2ccccc2)cc1,s-BuLi,iodomethane,CI,CI,quench_probe,c-11/t-11,CC1(c2ccccc2)OC1c1ccccc1,CC1(c2ccccc2)OC1c1ccccc1,deprotonation,tR1,0.0112,-48.0,,,THF/hexane,,kd_clean,oxiranylLi,,0.0,0.0,0.0,0.5059,-0.1426,-8.807,-6.031,1.9055,GFN2-xTB,451.6,0.4548,5.307,-76.05,41.0,45.095150912922804,22.408026084201794,151.33180322999084,1.631437986253382,0.05407890306344929,0.010230847611915296,DFT-LFER
OxiranylLi_2010_Nagaki,10.1002/chem.201000815,clean,si_table_Table S-15,oxiranyllithium intermediate,CC1(c2ccccc2)O[C@]1([Li])c3ccccc3,[Li][C@]1(c2ccccc2)OC1(C)c1ccccc1,"(2S*,3S*)-2-methyl-2,3-diphenyloxirane (t-11)",CC1(c2ccccc2)OC1c3ccccc3,CC1(c2ccccc2)OC1c1ccccc1,s-BuLi,iodomethane,CI,CI,quench_probe,"c-16/t-16, 1,2-diphenyl-propan-1-one, 4-methyl-2,3-diphenyl-2-hexene",CC1(c2ccccc2)OC1(C)c1ccccc1,CC1(c2ccccc2)OC1(C)c1ccccc1,deprotonation,tR1,0.0112,-48.0,,,THF/hexane,,kd_clean,oxiranylLi,,0.0,0.0,0.0,0.4872,-0.146,-8.719,-5.85,1.8958,GFN2-xTB,458.1,0.4706,5.491,-81.12,0.0,44.85851091857161,22.252571993148127,152.79204838883078,1.686805371153492,0.056922803825601956,0.010863371452187943,DFT-LFER
OxiranylLi_2010_Nagaki,10.1002/chem.201000815,clean,si_table_Table 1,α-phenyloxiranyllithium,[Li]C1(c2ccccc2)CO1,[Li]C1(c2ccccc2)CO1,styrene oxide (1),O1CC1c2ccccc2,c1ccc(C2CO2)cc1,s-BuLi,iodomethane,,,quench_probe,CC1(c2ccccc2)CO1,CC1(c2ccccc2)CO1,CC1(c2ccccc2)CO1,deprotonation,tR1,,,,,THF/hexane,,scope,carbanion,,0.0,0.0,0.0,0.5078,-0.142,-8.754,-5.966,1.9035,GFN2-xTB,456.5,0.4477,4.792,-61.53,88.0,45.757485679720986,22.843128567313954,147.31847376200184,1.4859424536479435,0.04685204153627507,0.00864950981692236,DFT-LFER
PerfluoroalkylLi_2011_Nagaki,10.1039/c1ob06350b,clean,si_table_Table S-1,tridecafluorohexyllithium,FC(F)(F)C(F)(F)C(F)(F)C(F)(F)C(F)(F)C(F)(F)[Li],[Li]C(F)(F)C(F)(F)C(F)(F)C(F)(F)C(F)(F)C(F)(F)F,tridecafluorohexyl iodide,FC(F)(F)C(F)(F)C(F)(F)C(F)(F)C(F)(F)C(F)(F)I,FC(F)(F)C(F)(F)C(F)(F)C(F)(F)C(F)(F)C(F)(F)I,n-BuLi,chlorotributylstannane,CCCC[Sn](Cl)(CCCC)CCCC,CCCC[Sn](Cl)(CCCC)CCCC,synthetic,tributyl(tridecafluorohexyl)stannane,CCCC[Sn](CCCC)(CCCC)C(F)(F)C(F)(F)C(F)(F)C(F)(F)C(F)(F)C(F)(F)F,CCCC[Sn](CCCC)(CCCC)C(F)(F)C(F)(F)C(F)(F)C(F)(F)C(F)(F)C(F)(F)F,halogen-metal exchange,tR1,0.147,-78.0,,,THF,,kd_valid,ArLi,,0.0,0.0,0.0,0.6088,0.0221,-11.107,-7.089,2.0188,GFN2-xTB,609.9,0.2511,7.323,-46.89,75.0,42.50239967046623,20.70478995613554,168.1221314122472,2.351683296160043,0.09482058429469581,0.01974067630914789,DFT-LFER
Photochromic_2012_Asai,10.1002/cssc.201100376,clean,si_table_Table S8,4-lithio-5-methyl-2-phenylthiazole,Cc1c([Li])nc(-c2ccccc2)s1,[Li]c1nc(-c2ccccc2)sc1C,4-bromo-5-methyl-2-phenylthiazole (1c),Cc1c(Br)nc(-c2ccccc2)s1,Cc1sc(-c2ccccc2)nc1Br,n-BuLi,octafluorocyclopentene,FC1(F)C(F)=C(F)C(F)(F)C1(F)F,FC1=C(F)C(F)(F)C(F)(F)C1(F)F,synthetic,"1,2-bis(5-methyl-2-phenyl-4-thiazolyl)perfluorocyclopentene (4cc)",Cc1c(C2=C(c3nc(-c4ccccc4)sc3C)C(F)(F)C(F)(F)C2(F)F)nc(-c5ccccc5)s1,Cc1sc(-c2ccccc2)nc1C1=C(c2nc(-c3ccccc3)sc2C)C(F)(F)C(F)(F)C1(F)F,halogen-metal exchange,tR1+tR2,3.1,-48.0,0.011,,THF,,kd_and_trapping,ArLi,,0.0,0.0,0.0,0.4227,-0.1798,-9.007,-6.888,1.8816,GFN2-xTB,483.0,0.6019,4.921,-77.43,0.0,45.59158046628998,22.734141731738287,148.31365115630146,1.5211212347184841,0.04856614146833596,0.009021046553829392,DFT-LFER
Photochromic_2012_Asai,10.1002/cssc.201100376,clean,si_table_Table S6,3-lithio-2-methyl-5-phenylthiophene,Cc1sc(-c2ccccc2)cc1[Li],[Li]c1cc(-c2ccccc2)sc1C,3-bromo-2-methyl-5-phenylthiophene (1a),Cc1sc(-c2ccccc2)cc1Br,Cc1sc(-c2ccccc2)cc1Br,n-BuLi,octafluorocyclopentene,FC1(F)C(F)(F)C(F)=C(F)C1(F)F,FC1=C(F)C(F)(F)C(F)(F)C1(F)F,synthetic,"1,2-bis(2-methyl-5-phenyl-3-thienyl)perfluorocyclopentene (4aa)",Cc1sc(-c2ccccc2)cc1C1=C(c2cc(-c3ccccc3)sc2C)C(F)(F)C(F)(F)C1(F)F,Cc1sc(-c2ccccc2)cc1C1=C(c2cc(-c3ccccc3)sc2C)C(F)(F)C(F)(F)C1(F)F,halogen-metal exchange,tR1+tR2,6.3,-48.0,0.011,,THF / n-hexane,,kd_and_trapping,ArLi,,0.0,0.0,0.0,0.4182,-0.2532,-9.082,-6.253,1.8999,GFN2-xTB,434.4,0.7259,7.805,-79.94,0.0,41.88250577222017,20.297567826310175,172.40501912784967,2.5665390342131755,0.10844511256100026,0.023099873201246287,DFT-LFER
Photochromic_2012_Asai,10.1002/cssc.201100376,clean,si_table_Table S7,"3-lithio-2,4-dimethyl-5-phenylthiophene",Cc1sc(-c2ccccc2)c(C)c1[Li],[Li]c1c(C)sc(-c2ccccc2)c1C,"3-bromo-2,4-dimethyl-5-phenylthiophene (1b)",Cc1sc(-c2ccccc2)c(C)c1Br,Cc1sc(-c2ccccc2)c(C)c1Br,n-BuLi,octafluorocyclopentene,FC1=C(F)C(F)(F)C(F)(F)C1(F)F,FC1=C(F)C(F)(F)C(F)(F)C1(F)F,synthetic,"1,2-bis(2,4-dimethyl-5-phenyl-3-thienyl)perfluorocyclopentene (4bb)",Cc1sc(-c2ccccc2)c(C)c1C1=C(c2c(C)c(-c3ccccc3)sc2C)C(F)(F)C(F)(F)C1(F)F,Cc1sc(-c2ccccc2)c(C)c1C1=C(c2c(C)sc(-c3ccccc3)c2C)C(F)(F)C(F)(F)C1(F)F,halogen-metal exchange,tR1+tR2,6.3,-48.0,0.011,,THF,,kd_and_trapping,ArLi,,0.0,0.0,0.0,0.4156,-0.2626,-8.98,-6.058,1.9007,GFN2-xTB,434.7,0.7128,7.763,-79.06,0.0,41.93652142310468,20.333051912311554,172.02752161091,2.5470611301887964,0.10718382709018363,0.022785717698026182,DFT-LFER
ProtGroupFree_2011_Kim,10.1038/ncomms1264,clean,si_table_Supplementary Table S1,acyl-substituted aryllithium,[Li]c1ccccc1C(=O)CCCC,[Li]c1ccccc1C(=O)CCCC,1,O=C(CCCC)c1ccccc1I,CCCCC(=O)c1ccccc1I,n-BuLi,methanol,CO,CO,quench_probe,3,O=C(CCCC)c1ccccc1,CCCCC(=O)c1ccccc1,halogen-metal exchange,tR2,,,0.003,,THF,,k2_trapping,ArLi,0.5,0.0,0.0,0.0,0.451,-0.2173,-8.665,-7.247,1.9746,GFN2-xTB,527.2,0.5854,2.117,-63.75,91.0,49.197768206294064,25.103126901925677,128.12256621963584,0.9147063618449184,0.022240000202627057,0.003616026873256396,DFT-LFER
ProtGroupFree_2011_Kim,10.1038/ncomms1264,clean,si_table_Supplementary Table S2,p-lithioacetophenone,CC(=O)c1ccc([Li])cc1,[Li]c1ccc(C(C)=O)cc1,p-iodoacetophenone,CC(=O)c1ccc(I)cc1,CC(=O)c1ccc(I)cc1,n-BuLi,methanol,CO,CO,quench_probe,acetophenone,CC(=O)c1ccccc1,CC(=O)c1ccccc1,halogen-metal exchange,tR1,0.0013,,,,THF,,kd_clean,ArLi,0.5,0.0,0.0,0.0,0.4222,-0.2229,-8.972,-6.776,1.9067,GFN2-xTB,413.6,0.7395,9.086,-79.83,75.0,40.23502842024256,19.215303203268075,184.32534965914542,3.2378542226712916,0.15494303790097197,0.03507434301703637,DFT-LFER
ProtGroupFree_2011_Kim,10.1038/ncomms1264,clean,si_table_Table 1,acyl-substituted aryllithium,[Li]c1ccccc1C(=O)CC,[Li]c1ccccc1C(=O)CC,14,O=C(CC)c1ccccc1I,CCC(=O)c1ccccc1I,MesLi,methanol,,,quench_probe,15,O=C(CC)c1ccccc1,CCC(=O)c1ccccc1,halogen-metal exchange,tR1,,,,,THF,,scope,ArLi,0.5,0.0,0.0,0.0,0.466,-0.2163,-8.677,-7.318,1.9601,GFN2-xTB,522.2,0.596,1.968,-62.31,83.0,49.3893951582415,25.229010921311527,127.13010127280603,0.8903164187740941,0.021335867887763107,0.003444564900817119,DFT-LFER
ProtGroupFree_2011_Kim,10.1038/ncomms1264,clean,si_table_Table 1,acyl-substituted aryllithium,[Li]c1ccccc1C(C)=O,[Li]c1ccccc1C(C)=O,18,O=C(C)c1ccccc1I,CC(=O)c1ccccc1I,MesLi,methanol,,,quench_probe,7,O=C(C)c1ccccc1,CC(=O)c1ccccc1,halogen-metal exchange,tR1,,,,,THF,,scope,ArLi,0.5,0.0,0.0,0.0,0.4664,-0.2159,-8.694,-7.364,1.9615,GFN2-xTB,522.5,0.5946,1.774,-58.91,77.0,49.63889602185091,25.392913604270284,125.84941080236885,0.8595323722762109,0.020213532044488478,0.0032334446680040018,DFT-LFER
ProtGroupFree_2011_Kim,10.1038/ncomms1264,clean,si_table_Table 1,acyl-substituted aryllithium,[Li]c1ccc(C(=O)C(C)(C)C)cc1,[Li]c1ccc(C(=O)C(C)(C)C)cc1,20,O=C(C(C)(C)C)c1ccc(I)cc1,CC(C)(C)C(=O)c1ccc(I)cc1,MesLi,phenyl isocyanate,,,synthetic,21,O=C(C(C)(C)C)c1ccc(C(=O)Nc2ccccc2)cc1,CC(C)(C)C(=O)c1ccc(C(=O)Nc2ccccc2)cc1,halogen-metal exchange,tR1,,,,,THF,,scope,ArLi,0.5,0.0,0.0,0.0,0.4169,-0.2275,-8.845,-6.486,1.9045,GFN2-xTB,409.4,0.7457,8.225,-85.2,87.0,41.34234926337505,19.942726966296373,176.22585652425278,2.7697012616133816,0.1219037945107929,0.026489784895041127,DFT-LFER
ProtGroupFree_2011_Kim,10.1038/ncomms1264,clean,si_table_Table 1,acyl-substituted aryllithium,[Li]c1ccc(C(=O)C2CCCCC2)cc1,[Li]c1ccc(C(=O)C2CCCCC2)cc1,22,O=C(C1CCCCC1)c2ccc(I)cc2,O=C(c1ccc(I)cc1)C1CCCCC1,MesLi,methanol,,,quench_probe,23,O=C(C1CCCCC1)c2ccccc2,O=C(c1ccccc1)C1CCCCC1,halogen-metal exchange,tR1,,,,,THF,,scope,ArLi,0.5,0.0,0.0,0.0,0.4212,-0.2235,-8.94,-6.734,1.9081,GFN2-xTB,412.2,0.7407,8.732,-89.29,78.0,40.69030319198344,19.51438335670828,180.95112943404305,3.036486235020705,0.1403940884305643,0.031251136223650576,DFT-LFER
ProtGroupFree_2011_Kim,10.1038/ncomms1264,clean,si_table_Table 1,acyl-substituted aryllithium,[Li]c1ccc(C(=O)c2ccccc2)cc1,[Li]c1ccc(C(=O)c2ccccc2)cc1,26,O=C(c1ccccc1)c2ccc(I)cc2,O=C(c1ccccc1)c1ccc(I)cc1,MesLi,phenyl isocyanate,,,synthetic,27,O=C(c1ccccc1)c2ccc(C(=O)Nc3ccccc3)cc2,O=C(Nc1ccccc1)c1ccc(C(=O)c2ccccc2)cc1,halogen-metal exchange,tR1,,,,,THF,,scope,ArLi,0.5,0.0,0.0,0.0,0.4185,-0.2203,-8.993,-7.116,1.9004,GFN2-xTB,413.4,0.7377,8.122,-92.1,71.0,41.47481621673468,20.029747462918806,175.2810761106449,2.7184366263811786,0.11845607908370678,0.025615002801589497,DFT-LFER
ProtGroupFree_2011_Kim,10.1038/ncomms1264,clean,si_table_Table 1,acyl-substituted aryllithium,[Li]c1ccc(C(=O)CCCC)cc1,[Li]c1ccc(C(=O)CCCC)cc1,28,O=C(CCCC)c1ccc(I)cc1,CCCCC(=O)c1ccc(I)cc1,MesLi,methanol,,,quench_probe,3,O=C(CCCC)c1ccccc1,CCCCC(=O)c1ccccc1,halogen-metal exchange,tR1,,,,,THF,,scope,ArLi,0.5,0.0,0.0,0.0,0.4216,-0.2231,-8.952,-6.729,1.9061,GFN2-xTB,412.7,0.7403,8.864,-89.58,67.0,40.52053971777497,19.402861943561085,182.20203017041578,3.1100650791689146,0.1456521202995506,0.032625412957896525,DFT-LFER
ProtGroupFree_2011_Kim,10.1038/ncomms1264,clean,si_table_Table 1,acyl-substituted aryllithium,[Li]c1ccc(C(=O)CCCC)s1,[Li]c1ccc(C(=O)CCCC)s1,31,O=C(CCCC)c1sc(I)cc1,CCCCC(=O)c1ccc(I)s1,MesLi,methanol,,,quench_probe,32,O=C(CCCC)c1sccc1,CCCCC(=O)c1cccs1,halogen-metal exchange,tR1,,,,,THF,,scope,ArLi,,0.0,0.0,0.0,0.4969,-0.208,-9.839,-7.002,1.8847,GFN2-xTB,471.8,0.6847,6.292,-91.51,74.0,43.82835529098842,21.575839781550375,159.31483895011223,1.9505761137496673,0.0711513179836486,0.014105230739488358,DFT-LFER
PyridineLi_2011_Nagaki,10.1039/c0gc00852d,clean,si_table_Table S-2,"2,3-dibromo-4-lithiopyridine",[Li]c1ccnc(Br)c1Br,[Li]c1ccnc(Br)c1Br,"2,3-dibromopyridine (1)",Brc1cccnc1Br,Brc1cccnc1Br,n-BuLi,iodomethane,CI,CI,quench_probe,2,Cc1ccnc(Br)c1Br,Cc1ccnc(Br)c1Br,deprotonation,tR1,0.014,-78.0,,,THF/hexane,,kd_clean,ArLi,,0.0,0.0,0.0,0.5154,-0.2231,-9.842,-6.956,1.9309,GFN2-xTB,479.1,0.6024,7.725,-69.7,91.0,41.9853927262859,20.365156561550897,171.6866885229611,2.529565669626081,0.10605530915614907,0.02250516486152975,DFT-LFER
PyridineLi_2011_Nagaki,10.1039/c0gc00852d,clean,si_table_Table 2,lithiobromopyridine,[Li]c1cccnc1Br,[Li]c1cccnc1Br,Brc1cccnc1Br,Brc1cccnc1Br,Brc1cccnc1Br,n-BuLi,iodomethane,,,quench_probe,Cc1cccnc1Br,Cc1cccnc1Br,Cc1cccnc1Br,halogen-metal exchange,tR1,,,,,THF/hexane,,scope,ArLi,,0.0,0.0,0.0,0.4889,-0.2479,-9.454,-6.503,1.9204,GFN2-xTB,484.5,0.6318,4.216,-61.22,87.0,46.49827174899429,23.329767461047172,142.9557367028587,1.3385302824569778,0.03990708616037982,0.007168598144654488,DFT-LFER
PyridineLi_2011_Nagaki,10.1039/c0gc00852d,clean,si_table_Table 2,lithiobromopyridine,[Li]c1ccc(Br)nc1,[Li]c1ccc(Br)nc1,Brc1ccc(Br)nc1,Brc1ccc(Br)nc1,Brc1ccc(Br)nc1,n-BuLi,iodomethane,,,quench_probe,Cc1ccc(Br)nc1,Cc1ccc(Br)nc1,Cc1ccc(Br)nc1,halogen-metal exchange,tR1,,,,,THF/hexane,,scope,ArLi,,0.0,0.0,0.0,0.4458,-0.2458,-9.294,-6.381,1.9115,GFN2-xTB,423.5,0.7171,11.483,-74.01,84.0,37.15227805904791,17.19017572361787,208.8889645836391,5.001248421527598,0.3020899276850286,0.07662785803126433,DFT-LFER
PyridineLi_2011_Nagaki,10.1039/c0gc00852d,clean,si_table_Table 2,lithiobromopyridine,[Li]c1cccc(Br)n1,[Li]c1cccc(Br)n1,Brc1cccc(Br)n1,Brc1cccc(Br)n1,Brc1cccc(Br)n1,n-BuLi,iodomethane,,,quench_probe,Cc1cccc(Br)n1,Cc1cccc(Br)n1,Cc1cccc(Br)n1,halogen-metal exchange,tR1,,,,,THF/hexane,,scope,ArLi,,0.0,0.0,0.0,0.4581,-0.1447,-9.156,-6.617,1.8981,GFN2-xTB,463.8,0.5963,4.645,-64.06,94.0,45.94654045781678,22.96732286831879,146.19257209534186,1.446845711901954,0.044972391794542474,0.008244748330512069,DFT-LFER
PyridineLi_2011_Nagaki,10.1039/c0gc00852d,clean,si_table_Table 3,dilithiopyridine,[Li]c1cccnc1[Li],[Li]c1cccnc1[Li],Brc1cccnc1Br,Brc1cccnc1Br,Brc1cccnc1Br,n-BuLi,iodomethane,,,quench_probe,Cc1cccnc1C(O)c2ccccc2,Cc1cccnc1C(O)c2ccccc2,Cc1cccnc1C(O)c1ccccc1,halogen-metal exchange,tR1,,,,,THF/hexane,,scope,ArLi,,0.0,0.0,0.0,0.306,-0.2244,-7.657,-5.693,1.904,GFN2-xTB,381.3,0.6484,6.257,-92.48,,43.87336833339218,21.60540985321819,159.02408978147898,1.9382322422719391,0.07046103407558284,0.013945190732508205,DFT-LFER
PyridineLi_2011_Nagaki,10.1039/c0gc00852d,clean,si_table_Table 3,dilithiopyridine,[Li]c1ccc([Li])nc1,[Li]c1ccc([Li])nc1,Brc1ccc(Br)nc1,Brc1ccc(Br)nc1,Brc1ccc(Br)nc1,n-BuLi,iodomethane,,,quench_probe,Cc1ccc(C(O)c2ccccc2)nc1,Cc1ccc(C(O)c2ccccc2)nc1,Cc1ccc(C(O)c2ccccc2)nc1,halogen-metal exchange,tR1,,,,,THF/hexane,,scope,ArLi,,0.0,0.0,0.0,0.373,-0.2484,-7.391,-5.184,1.8823,GFN2-xTB,354.4,0.7689,2.759,-98.6,,48.372100399916526,24.560727301618865,132.4882026514601,1.0276721079707472,0.026594833929650008,0.004457937881163152,DFT-LFER
PyridineLi_2011_Nagaki,10.1039/c0gc00852d,clean,si_table_Table 3,dilithiopyridine,[Li]c1cccc([Li])n1,[Li]c1cccc([Li])n1,Brc1cccc(Br)n1,Brc1cccc(Br)n1,Brc1cccc(Br)n1,n-BuLi,iodomethane,,,quench_probe,Cc1cccc(C(O)c2ccccc2)n1,Cc1cccc(C(O)c2ccccc2)n1,Cc1cccc(C(O)c2ccccc2)n1,halogen-metal exchange,tR1,,,,,THF/hexane,,scope,ArLi,,0.0,0.0,0.0,0.3576,-0.1465,-7.78,-5.763,1.8582,GFN2-xTB,366.9,0.7028,8.221,-96.11,67.0,41.347493611078335,19.94610640305841,176.1890711572449,2.7676924757577237,0.12176804842901033,0.026455261690355964,DFT-LFER
PyridylKetone_2020_Sun,10.1007/s41981-020-00120-7,clean,si_table_Table S1,2-pyridyllithium,[Li]c1ccccn1,[Li]c1ccccn1,2-bromopyridine,Brc1ccccn1,Brc1ccccn1,n-BuLi,,,,synthetic,pyridine,c1ccncc1,c1ccncc1,halogen-metal exchange,tR1,0.78,-78.0,,,THF,,kd_valid,ArLi,,0.0,0.0,0.0,0.402,-0.1481,-8.447,-5.887,1.8783,GFN2-xTB,438.9,0.6378,3.539,-57.02,35.0,47.36895259777559,23.9017371330218,137.99288605937934,1.1838542652282513,0.033048639526883056,0.005748785917868541,DFT-LFER
SilyloxiranylLi_2009_Nagaki,10.1246/cl.2009.486,clean,si_table_Table S-1,1-triphenylsilyloxiranyllithium,[Li]C1([Si](c2ccccc2)(c3ccccc3)c4ccccc4)CO1,[Li]C1([Si](c2ccccc2)(c2ccccc2)c2ccccc2)CO1,Epoxyethyltriphenylsilane (1),O1CC1[Si](c2ccccc2)(c3ccccc3)c4ccccc4,c1ccc([Si](c2ccccc2)(c2ccccc2)C2CO2)cc1,n-BuLi,chlorotrimethylsilane,C[Si](C)(C)Cl,C[Si](C)(C)Cl,synthetic,1-trimethylsilyl-1-triphenylsilylepoxyethane (2),C[Si](C)(C)C1(CO1)[Si](c2ccccc2)(c3ccccc3)c4ccccc4,C[Si](C)(C)C1([Si](c2ccccc2)(c2ccccc2)c2ccccc2)CO1,deprotonation,tR1,0.0118,-27.0,,,THF/n-hexane,,kd_valid,oxiranylLi,,0.0,0.0,0.0,0.5304,-0.2375,-8.539,-6.119,1.9299,GFN2-xTB,435.2,0.4125,5.214,-93.45,19.0,45.214756997024224,22.486597988919137,150.59906236044603,1.6041485892432854,0.05269600591214907,0.009925297121562685,DFT-LFER
TAC101_2011_Nagaki,10.1039/c1ra00377a,clean,si_table_Table S-2,"3,5-dibromophenyllithium",[Li]c1cc(Br)cc(Br)c1,[Li]c1cc(Br)cc(Br)c1,"1,3,5-tribromobenzene",Brc1cc(Br)cc(Br)c1,Brc1cc(Br)cc(Br)c1,n-BuLi,trimethylsilyl triflate,C[Si](C)(C)OS(=O)(=O)C(F)(F)F,C[Si](C)(C)OS(=O)(=O)C(F)(F)F,synthetic,"1,3-dibromo-5-(trimethylsilyl)benzene",C[Si](C)(C)c1cc(Br)cc(Br)c1,C[Si](C)(C)c1cc(Br)cc(Br)c1,halogen-metal exchange,tR1,0.22,,,,THF/hexane/Et2O,,kd_valid,ArLi,0.74,0.0,0.0,0.0,0.4687,-0.2274,-9.757,-6.449,1.9204,GFN2-xTB,438.2,0.6927,10.2,-77.2,88.0,38.80232758487717,18.27413006504099,195.35971084450642,3.9628849262135484,0.21131592301395005,0.05043401602129847,DFT-LFER
ThreeComp_2014_Nagaki,10.1021/ja5071762,clean,si_table_Table S-4,2-arylphenyllithium,c1ccc([Li])c(-c2ccccc2)c1,[Li]c1ccccc1-c1ccccc1,Clc1ccc(Br)cc1,Clc1ccc(Br)cc1,Clc1ccc(Br)cc1,"BuLi, PhLi",methyl triflate,,,synthetic,Cc1ccccc1-c2ccc(Cl)cc2,Cc1ccccc1-c2ccc(Cl)cc2,Cc1ccccc1-c1ccc(Cl)cc1,halogen-metal exchange,tR2,,,0.31,0.0,THF,,k2_trapping,ArLi,-0.01,0.0,0.0,0.0,0.4119,-0.2229,-8.69,-6.33,1.9044,GFN2-xTB,433.3,0.7238,4.83,-64.58,73.0,45.70861437653976,22.81102391807461,147.6109309743583,1.496219809918394,0.047350586772157345,0.00875733593276605,DFT-LFER
ThreeComp_2014_Nagaki,10.1021/ja5071762,clean,si_table_Table S-3,2-iodophenyllithium,[Li]c1ccccc1I,[Li]c1ccccc1I,"1,2-diiodobenzene",Ic1ccccc1I,Ic1ccccc1I,PhLi,benzaldehyde,O=Cc1ccccc1,O=Cc1ccccc1,synthetic,(2-iodophenyl)(phenyl)methanol,OC(c1ccccc1)c1ccccc1I,OC(c1ccccc1)c1ccccc1I,halogen-metal exchange,tR1,0.01,-78.0,,,THF,,kd_valid,ArLi,0.35,0.0,0.0,1.0,0.4634,-0.2364,-9.286,-6.278,1.9224,GFN2-xTB,471.5,0.6535,3.514,-61.65,76.0,47.40110477092114,23.922858612784527,137.81295579613922,1.1784981216585417,0.03281930240594298,0.005702119627895543,DFT-LFER
VinylLi_2012_Nagaki,10.1556/JFC-D-12-00004,clean,si_table_Table S-2,(E)-β-styryllithium,[Li]/C=C/c1ccccc1,[Li]/C=C/c1ccccc1,(E)-β-bromostyrene,Br/C=C/c1ccccc1,Br/C=C/c1ccccc1,s-BuLi,benzaldehyde,O=Cc1ccccc1,O=Cc1ccccc1,synthetic,3,OC(c1ccccc1)/C=C/c1ccccc1,OC(/C=C/c1ccccc1)c1ccccc1,halogen-metal exchange,tR1,0.055,0.0,,,THF/hexane,,kd_valid,vinylLi,,0.0,0.0,0.0,0.3918,-0.2663,-8.721,-5.927,1.8878,GFN2-xTB,418.5,0.7815,5.664,-64.57,95.0,44.63601788040445,22.10641135319006,154.17784579716576,1.74057550309212,0.059732958869110765,0.011493707118167268,DFT-LFER
VinylLi_2012_Nagaki,10.1556/JFC-D-12-00004,clean,si_table_Table 3,Vinyllithium,[Li]C=C1CCCCC1,[Li]C=C1CCCCC1,Br\C=C1/CCCCC1,Br\C=C1/CCCCC1,BrC=C1CCCCC1,n-BuLi,benzaldehyde,O=Cc1ccccc1,O=Cc1ccccc1,synthetic,OC(c1ccccc1)\C=C2/CCCCC2,OC(c1ccccc1)\C=C2/CCCCC2,OC(C=C1CCCCC1)c1ccccc1,halogen-metal exchange,tR1,,-28.0,,,THF/hexane,,scope,vinylLi,,0.0,0.0,0.0,0.3721,-0.2928,-8.348,-5.05,1.8802,GFN2-xTB,417.0,0.7854,4.319,-53.85,63.0,46.36580479563465,23.24274696442474,143.72628069452384,1.3637724624701089,0.04106859916730567,0.007413414096488173,DFT-LFER
VinylLi_2012_Nagaki,10.1556/JFC-D-12-00004,clean,si_table_Table 3,Vinyllithium,[Li]C(=C(c1ccccc1)c1ccc(OC)cc1)c1ccc(C#N)cc1,[Li]C(=C(c1ccccc1)c1ccc(OC)cc1)c1ccc(C#N)cc1,COc1ccc(C(=C(Br)c2ccc(C#N)cc2)c3ccccc3)cc1,COc1ccc(C(=C(Br)c2ccc(C#N)cc2)c3ccccc3)cc1,COc1ccc(C(=C(Br)c2ccc(C#N)cc2)c2ccccc2)cc1,n-BuLi,4-(trifluoromethyl)benzaldehyde,O=Cc1ccc(C(F)(F)F)cc1,O=Cc1ccc(C(F)(F)F)cc1,synthetic,COc1ccc(C(=C(C(O)c2ccc(C(F)(F)F)cc2)c3ccc(C#N)cc3)c4ccccc4)cc1,COc1ccc(C(=C(C(O)c2ccc(C(F)(F)F)cc2)c3ccc(C#N)cc3)c4ccccc4)cc1,COc1ccc(C(=C(c2ccc(C#N)cc2)C(O)c2ccc(C(F)(F)F)cc2)c2ccccc2)cc1,halogen-metal exchange,tR1,,-28.0,,,THF/hexane,,scope,vinylLi,,0.0,0.0,0.0,0.4454,-0.2153,-9.186,-6.988,1.9247,GFN2-xTB,429.0,0.61,11.298,-109.72,,37.390204140324926,17.346474673862048,206.88179942527196,4.83621108668402,0.2869173860591862,0.07214264810947263,DFT-LFER
VinylLi_2012_Nagaki,10.1556/JFC-D-12-00004,clean,si_table_Table 3,Vinyllithium,[Li]/C=C/c1ccc(OC)cc1,[Li]/C=C/c1ccc(OC)cc1,COc1ccc(\C=C\Br)cc1,COc1ccc(\C=C\Br)cc1,COc1ccc(/C=C/Br)cc1,n-BuLi,benzaldehyde,O=Cc1ccccc1,O=Cc1ccccc1,synthetic,COc1ccc(\C=C\C(O)c2ccccc2)cc1,COc1ccc(\C=C\C(O)c2ccccc2)cc1,COc1ccc(/C=C/C(O)c2ccccc2)cc1,halogen-metal exchange,tR1,,0.0,,,THF/hexane,,scope,vinylLi,,0.0,0.0,0.0,0.3878,-0.2688,-8.659,-5.738,1.8873,GFN2-xTB,417.5,0.7863,4.863,-73.56,89.0,45.666173507987644,22.783143564787814,147.8653779570584,1.5052025331479995,0.04778783578415991,0.008852064322333604,DFT-LFER
VinylLi_2012_Nagaki,10.1556/JFC-D-12-00004,clean,si_table_Table 3,Vinyllithium,[Li]C(=C)c1ccccc1,[Li]C(=C)c1ccccc1,C=C(Br)c1ccccc1,C=C(Br)c1ccccc1,C=C(Br)c1ccccc1,n-BuLi,benzaldehyde,O=Cc1ccccc1,O=Cc1ccccc1,synthetic,C=C(c1ccccc1)C(O)c2ccccc2,C=C(c1ccccc1)C(O)c2ccccc2,C=C(c1ccccc1)C(O)c1ccccc1,halogen-metal exchange,tR1,,0.0,,,THF/hexane,,scope,vinylLi,,0.0,0.0,0.0,0.3932,-0.2337,-8.495,-5.983,1.8999,GFN2-xTB,409.1,0.7263,4.674,-59.22,93.0,45.90924393696795,22.942821951794024,146.41400533133628,1.4544763560721652,0.0453371383739559,0.008323070722774011,DFT-LFER
VinylLi_2012_Nagaki,10.1556/JFC-D-12-00004,clean,si_table_Table 3,Vinyllithium,[Li]/C=C/C,[Li]/C=C/C,C\C=C\Br,C\C=C\Br,C/C=C/Br,n-BuLi,benzaldehyde,O=Cc1ccccc1,O=Cc1ccccc1,synthetic,C\C=C\C(O)c1ccccc1,C\C=C\C(O)c1ccccc1,C/C=C/C(O)c1ccccc1,halogen-metal exchange,tR1,,0.0,,,THF/hexane,,scope,vinylLi,,0.0,0.0,0.0,0.3697,-0.2788,-8.409,-5.207,1.8794,GFN2-xTB,412.6,0.8046,4.597,-48.83,72.0,46.008272630256215,23.007876109463222,145.82679755186763,1.4343035467284948,0.044375110119006654,0.008116727486063855,DFT-LFER
VinylLi_2012_Nagaki,10.1556/JFC-D-12-00004,clean,si_table_Table 3,Vinyllithium,[Li]/C=C\C,[Li]/C=C\C,C\C=C/Br,C\C=C/Br,C/C=C\Br,n-BuLi,benzaldehyde,O=Cc1ccccc1,O=Cc1ccccc1,synthetic,C\C=C/C(O)c1ccccc1,C\C=C/C(O)c1ccccc1,C/C=C\C(O)c1ccccc1,halogen-metal exchange,tR1,,0.0,,,THF/hexane,,scope,vinylLi,,0.0,0.0,0.0,0.3811,-0.2801,-8.332,-5.037,1.8901,GFN2-xTB,418.0,0.782,4.871,-44.89,43.0,45.65588481258107,22.77638469126374,147.92712809827196,1.5073882722481668,0.04789444219501229,0.008875182674505773,DFT-LFER
tBuEsters_2016_Degennaro,10.1039/c6cc04588j,clean,si_table_Table 1,aryllithium / heteroaryllithium,[Li]c1ccc(Cl)s1,[Li]c1ccc(Cl)s1,Clc1ccc(Br)s1,Clc1ccc(Br)s1,Clc1ccc(Br)s1,HexLi,di-tert-butyl dicarbonate,CC(C)(C)OC(=O)OC(=O)OC(C)(C)C,CC(C)(C)OC(=O)OC(=O)OC(C)(C)C,synthetic,CC(C)(C)OC(=O)c1ccc(Cl)s1,CC(C)(C)OC(=O)c1ccc(Cl)s1,CC(C)(C)OC(=O)c1ccc(Cl)s1,halogen-metal exchange,tR1+tR2,0.41,-40.0,6.7,,"2-MeTHF, hexane",,kd_and_trapping,ArLi,,0.0,0.0,0.0,0.4835,-0.2207,-9.528,-6.314,1.8929,GFN2-xTB,467.7,0.7105,7.792,-70.96,90.0,41.89922490225585,20.308550995786792,172.28808622267186,2.5604942951796215,0.10805313674305261,0.023002174507618472,DFT-LFER
tBuEsters_2016_Degennaro,10.1039/c6cc04588j,clean,si_table_Table 1,aryllithium / heteroaryllithium,[Li]c1ccc2c(ccn2C)c1,[Li]c1ccc2c(ccn2C)c1,Cn1ccc2cc(Br)ccc21,Cn1ccc2cc(Br)ccc21,Cn1ccc2cc(Br)ccc21,HexLi,di-tert-butyl dicarbonate,CC(C)(C)OC(=O)OC(=O)OC(C)(C)C,CC(C)(C)OC(=O)OC(=O)OC(C)(C)C,synthetic,Cn1ccc2cc(C(=O)OC(C)(C)C)ccc21,Cn1ccc2cc(C(=O)OC(C)(C)C)ccc21,Cn1ccc2cc(C(=O)OC(C)(C)C)ccc21,halogen-metal exchange,tR1+tR2,0.41,0.0,6.7,,"2-MeTHF, hexane",,kd_and_trapping,ArLi,-0.77,0.0,0.0,0.0,0.3873,-0.2401,-8.288,-5.194,1.8936,GFN2-xTB,397.1,0.7729,3.883,-71.51,65.0,46.92653869529292,23.611105571486686,140.49271522308538,1.2600752423715922,0.03637199605437399,0.006431080477775904,DFT-LFER
tBuEsters_2016_Degennaro,10.1039/c6cc04588j,clean,si_table_Table 2,lithium acetylide,[Li]C#Cc1ccccc1,[Li]C#Cc1ccccc1,c1ccc(C#C)cc1,c1ccc(C#C)cc1,C#Cc1ccccc1,HexLi,di-tert-butyl dicarbonate,CC(C)(C)OC(=O)OC(=O)OC(C)(C)C,CC(C)(C)OC(=O)OC(=O)OC(C)(C)C,synthetic,c1ccc(C#CC(=O)OC(C)(C)C)cc1,c1ccc(C#CC(=O)OC(C)(C)C)cc1,CC(C)(C)OC(=O)C#Cc1ccccc1,deprotonation,tR1+tR2,0.7,0.0,17.1,,2-MeTHF / hexane,,kd_and_trapping,carbanion,,0.0,0.0,0.0,0.3863,-0.2883,-9.301,-5.71,1.8484,GFN2-xTB,519.9,0.8288,6.599,-70.93,50.0,43.433526604761155,21.316468010064092,161.88801372824972,2.062274640825595,0.07750337634920709,0.015590106500522134,DFT-LFER
tBuEsters_2016_Degennaro,10.1039/c6cc04588j,clean,si_table_Table 2,lithium acetylide,[Li]C#Cc1ccc(OC)cc1,[Li]C#Cc1ccc(OC)cc1,COc1ccc(C#C)cc1,COc1ccc(C#C)cc1,C#Cc1ccc(OC)cc1,HexLi,di-tert-butyl dicarbonate,CC(C)(C)OC(=O)OC(=O)OC(C)(C)C,CC(C)(C)OC(=O)OC(=O)OC(C)(C)C,synthetic,COc1ccc(C#CC(=O)OC(C)(C)C)cc1,COc1ccc(C#CC(=O)OC(C)(C)C)cc1,COc1ccc(C#CC(=O)OC(C)(C)C)cc1,deprotonation,tR1+tR2,0.7,0.0,17.1,,2-MeTHF / hexane,,kd_and_trapping,carbanion,,0.0,0.0,0.0,0.3835,-0.2902,-9.079,-5.53,1.8495,GFN2-xTB,517.8,0.832,6.305,-79.82,70.0,43.81163616095274,21.564856612073758,159.4229668384927,1.9551809760197825,0.07140942799234777,0.014165140841296796,DFT-LFER
tBuEsters_2016_Degennaro,10.1039/c6cc04588j,clean,si_table_Table 1,aryllithium / heteroaryllithium,[Li]c1ccc(Cl)cc1,[Li]c1ccc(Cl)cc1,Clc1ccc(Br)cc1,Clc1ccc(Br)cc1,Clc1ccc(Br)cc1,HexLi,di-tert-butyl dicarbonate,CC(C)(C)OC(=O)OC(=O)OC(C)(C)C,CC(C)(C)OC(=O)OC(=O)OC(C)(C)C,synthetic,CC(C)(C)OC(=O)c1ccc(Cl)cc1,CC(C)(C)OC(=O)c1ccc(Cl)cc1,CC(C)(C)OC(=O)c1ccc(Cl)cc1,halogen-metal exchange,tR1+tR2,0.7,0.0,17.1,,"2-MeTHF, hexane",,kd_and_trapping,ArLi,0.23,0.0,0.0,0.0,0.4238,-0.232,-9.004,-5.795,1.9069,GFN2-xTB,417.5,0.7406,8.262,-68.09,90.0,41.29476404711964,19.911467176247534,176.5664854665864,2.7883517859412867,0.12316664173023467,0.026811267947968634,DFT-LFER
tBuEsters_2016_Degennaro,10.1039/c6cc04588j,clean,si_table_Table 1,aryllithium / heteroaryllithium,[Li]c1ccc(F)cc1,[Li]c1ccc(F)cc1,Fc1ccc(Br)cc1,Fc1ccc(Br)cc1,Fc1ccc(Br)cc1,HexLi,di-tert-butyl dicarbonate,CC(C)(C)OC(=O)OC(=O)OC(C)(C)C,CC(C)(C)OC(=O)OC(=O)OC(C)(C)C,synthetic,CC(C)(C)OC(=O)c1ccc(F)cc1,CC(C)(C)OC(=O)c1ccc(F)cc1,CC(C)(C)OC(=O)c1ccc(F)cc1,halogen-metal exchange,tR1+tR2,0.7,0.0,17.1,,"2-MeTHF, hexane",,kd_and_trapping,ArLi,0.06,0.0,0.0,0.0,0.4204,-0.2349,-8.962,-5.739,1.9053,GFN2-xTB,418.5,0.7444,8.214,-65.61,75.0,41.356496219559084,19.95202041739197,176.12471524058367,2.7641806055774776,0.12153085641379345,0.026394954310992664,DFT-LFER
tBuEsters_2016_Degennaro,10.1039/c6cc04588j,clean,si_table_Table 1,aryllithium / heteroaryllithium,[Li]c1ccc(C(F)(F)F)cc1,[Li]c1ccc(C(F)(F)F)cc1,FC(F)(F)c1ccc(Br)cc1,FC(F)(F)c1ccc(Br)cc1,FC(F)(F)c1ccc(Br)cc1,HexLi,di-tert-butyl dicarbonate,CC(C)(C)OC(=O)OC(=O)OC(C)(C)C,CC(C)(C)OC(=O)OC(=O)OC(C)(C)C,synthetic,CC(C)(C)OC(=O)c1ccc(C(F)(F)F)cc1,CC(C)(C)OC(=O)c1ccc(C(F)(F)F)cc1,CC(C)(C)OC(=O)c1ccc(C(F)(F)F)cc1,halogen-metal exchange,tR1+tR2,0.7,0.0,17.1,,"2-MeTHF, hexane",,kd_and_trapping,ArLi,0.54,0.0,0.0,0.0,0.4406,-0.223,-9.311,-6.074,1.9106,GFN2-xTB,425.7,0.7251,10.354,-70.19,65.0,38.604270198300625,18.144021749702596,196.93620723122785,4.075141079194146,0.22057766983121468,0.053030874862205125,DFT-LFER
tBuEsters_2016_Degennaro,10.1039/c6cc04588j,clean,si_table_Table 1,aryllithium / heteroaryllithium,[Li]c1cccc(Cl)c1,[Li]c1cccc(Cl)c1,Clc1cccc(Br)c1,Clc1cccc(Br)c1,Clc1cccc(Br)c1,HexLi,di-tert-butyl dicarbonate,CC(C)(C)OC(=O)OC(=O)OC(C)(C)C,CC(C)(C)OC(=O)OC(=O)OC(C)(C)C,synthetic,CC(C)(C)OC(=O)c1cccc(Cl)c1,CC(C)(C)OC(=O)c1cccc(Cl)c1,CC(C)(C)OC(=O)c1cccc(Cl)c1,halogen-metal exchange,tR1+tR2,0.7,0.0,17.1,,"2-MeTHF, hexane",,kd_and_trapping,ArLi,0.37,0.0,0.0,0.0,0.4295,-0.227,-9.008,-5.828,1.9082,GFN2-xTB,416.6,0.7335,7.48,-67.59,50.0,42.30048402311222,20.572147063225618,169.5053659993752,2.419615417346602,0.09905920938603602,0.020777440367768914,DFT-LFER
tBuEsters_2016_Degennaro,10.1039/c6cc04588j,clean,si_table_Table 1,aryllithium / heteroaryllithium,[Li]c1cccnc1,[Li]c1cccnc1,Brc1cccnc1,Brc1cccnc1,Brc1cccnc1,HexLi,di-tert-butyl dicarbonate,CC(C)(C)OC(=O)OC(=O)OC(C)(C)C,CC(C)(C)OC(=O)OC(=O)OC(C)(C)C,synthetic,CC(C)(C)OC(=O)c1cccnc1,CC(C)(C)OC(=O)c1cccnc1,CC(C)(C)OC(=O)c1cccnc1,halogen-metal exchange,tR1+tR2,0.7,0.0,17.38,,"2-MeTHF, hexane",,kd_and_trapping,ArLi,,0.0,0.0,0.0,0.414,-0.2447,-8.509,-5.656,1.905,GFN2-xTB,399.1,0.7438,7.05,-64.31,75.0,42.85350140121556,20.93543651514451,165.74371386481346,2.2380693961286475,0.08787754606629786,0.018059564953727094,DFT-LFER
tBuEsters_2016_Degennaro,10.1039/c6cc04588j,clean,si_table_Table 1,aryllithium / heteroaryllithium,[Li]c1cc(C)cc(C)c1,[Li]c1cc(C)cc(C)c1,Cc1cc(Br)cc(C)c1,Cc1cc(Br)cc(C)c1,Cc1cc(C)cc(Br)c1,HexLi,di-tert-butyl dicarbonate,CC(C)(C)OC(=O)OC(=O)OC(C)(C)C,CC(C)(C)OC(=O)OC(=O)OC(C)(C)C,synthetic,Cc1cc(C(=O)OC(C)(C)C)cc(C)c1,Cc1cc(C(=O)OC(C)(C)C)cc(C)c1,Cc1cc(C)cc(C(=O)OC(C)(C)C)c1,halogen-metal exchange,tR1+tR2,2.04,0.0,20.9,,"2-MeTHF, hexane",,kd_and_trapping,ArLi,-0.14,0.0,0.0,0.0,0.3941,-0.2328,-8.4,-5.317,1.897,GFN2-xTB,397.8,0.7641,5.396,-65.81,80.0,44.98068917652467,22.332833616246486,152.03636657439253,1.6579882593637503,0.055436291525777386,0.010532060504883485,DFT-LFER
tBuEsters_2016_Degennaro,10.1039/c6cc04588j,clean,si_table_Table 1,aryllithium / heteroaryllithium,[Li]c1ccc(C(F)(F)F)cc1C,[Li]c1ccc(C(F)(F)F)cc1C,Cc1cc(C(F)(F)F)ccc1Br,Cc1cc(C(F)(F)F)ccc1Br,Cc1cc(C(F)(F)F)ccc1Br,HexLi,di-tert-butyl dicarbonate,CC(C)(C)OC(=O)OC(=O)OC(C)(C)C,CC(C)(C)OC(=O)OC(=O)OC(C)(C)C,synthetic,Cc1cc(C(F)(F)F)ccc1C(=O)OC(C)(C)C,Cc1cc(C(F)(F)F)ccc1C(=O)OC(C)(C)C,Cc1cc(C(F)(F)F)ccc1C(=O)OC(C)(C)C,halogen-metal exchange,tR1+tR2,2.04,0.0,20.9,,"2-MeTHF, hexane",,kd_and_trapping,ArLi,0.37,0.0,0.0,0.0,0.4317,-0.2322,-9.231,-5.964,1.9161,GFN2-xTB,428.7,0.7085,10.433,-71.38,60.0,38.5026693311607,18.077277873652378,197.74985994862922,4.133955427044673,0.22548525338137262,0.05441449420290914,DFT-LFER
tBuEsters_2016_Degennaro,10.1039/c6cc04588j,clean,si_table_Table 2,lithium acetylide,[Li]C#Cc1cccs1,[Li]C#Cc1cccs1,c1cc(C#C)sc1,c1cc(C#C)sc1,C#Cc1cccs1,HexLi,di-tert-butyl dicarbonate,CC(C)(C)OC(=O)OC(=O)OC(C)(C)C,CC(C)(C)OC(=O)OC(=O)OC(C)(C)C,synthetic,c1cc(C#CC(=O)OC(C)(C)C)sc1,c1cc(C#CC(=O)OC(C)(C)C)sc1,CC(C)(C)OC(=O)C#Cc1cccs1,deprotonation,tR1+tR2,2.94,0.0,17.1,,2-MeTHF / hexane,,kd_and_trapping,carbanion,,0.0,0.0,0.0,0.4043,-0.2827,-9.22,-6.138,1.8487,GFN2-xTB,529.5,0.8134,6.661,-71.86,87.0,43.35378921536021,21.264086740252534,162.4127003889205,2.085597443157829,0.07885345718061819,0.015908448079460433,DFT-LFER
tBuEsters_2016_Degennaro,10.1039/c6cc04588j,clean,si_table_Table 2,lithium acetylide,[Li]C#Cc1ccc(N(C)C)cc1,[Li]C#Cc1ccc(N(C)C)cc1,CN(C)c1ccc(C#C)cc1,CN(C)c1ccc(C#C)cc1,C#Cc1ccc(N(C)C)cc1,HexLi,di-tert-butyl dicarbonate,CC(C)(C)OC(=O)OC(=O)OC(C)(C)C,CC(C)(C)OC(=O)OC(=O)OC(C)(C)C,synthetic,CN(C)c1ccc(C#CC(=O)OC(C)(C)C)cc1,CN(C)c1ccc(C#CC(=O)OC(C)(C)C)cc1,CN(C)c1ccc(C#CC(=O)OC(C)(C)C)cc1,deprotonation,tR1+tR2,0.7,20.0,17.1,,2-MeTHF / hexane,,kd_and_trapping,carbanion,,0.0,0.0,0.0,0.3674,-0.296,-8.429,-5.099,1.8434,GFN2-xTB,500.5,0.8474,3.832,-82.81,95.0,46.99212912850983,23.65419339020265,140.11926138244382,1.2484725780499744,0.03585895958056607,0.006325032021797927,DFT-LFER
tBuEsters_2016_Degennaro,10.1039/c6cc04588j,clean,si_table_Table 2,lithium acetylide,[Li]C#Cc1ccc(OC)c(OC)c1,[Li]C#Cc1ccc(OC)c(OC)c1,COc1ccc(C#C)cc1OC,COc1ccc(C#C)cc1OC,C#Cc1ccc(OC)c(OC)c1,HexLi,di-tert-butyl dicarbonate,CC(C)(C)OC(=O)OC(=O)OC(C)(C)C,CC(C)(C)OC(=O)OC(=O)OC(C)(C)C,synthetic,COc1ccc(C#CC(=O)OC(C)(C)C)cc1OC,COc1ccc(C#CC(=O)OC(C)(C)C)cc1OC,COc1ccc(C#CC(=O)OC(C)(C)C)cc1OC,deprotonation,tR1+tR2,0.7,20.0,17.1,,2-MeTHF / hexane,,kd_and_trapping,carbanion,,0.0,0.0,0.0,0.3838,-0.291,-8.974,-5.514,1.846,GFN2-xTB,514.2,0.8319,7.059,-90.53,75.0,42.841926618883164,20.92783278242993,165.8215842601673,2.241725923670302,0.08809812138304503,0.018112634203697756,DFT-LFER
tBuEsters_2016_Degennaro,10.1039/c6cc04588j,clean,si_table_Table 2,lithium acetylide,[Li]C#Cc1c(C)cc(C)cc1C,[Li]C#Cc1c(C)cc(C)cc1C,Cc1cc(C)c(C#C)c(C)c1,Cc1cc(C)c(C#C)c(C)c1,C#Cc1c(C)cc(C)cc1C,HexLi,di-tert-butyl dicarbonate,CC(C)(C)OC(=O)OC(=O)OC(C)(C)C,CC(C)(C)OC(=O)OC(=O)OC(C)(C)C,synthetic,Cc1cc(C)c(C#CC(=O)OC(C)(C)C)c(C)c1,Cc1cc(C)c(C#CC(=O)OC(C)(C)C)c(C)c1,Cc1cc(C)c(C#CC(=O)OC(C)(C)C)c(C)c1,deprotonation,tR1+tR2,0.7,20.0,17.1,,2-MeTHF / hexane,,kd_and_trapping,carbanion,,0.0,0.0,0.0,0.3686,-0.2935,-9.007,-5.451,1.8441,GFN2-xTB,515.3,0.8373,6.452,-78.41,95.0,43.62258138285694,21.440662311068927,160.65076235159302,2.0080139802974957,0.07439403049017101,0.014860553634057866,DFT-LFER
