smiles,intermediate_class,Ea_mean,Ea_std,Ea_q025,Ea_q975,lnA_mean,lnA_std,t_half_-78C_median_s,t_half_-78C_q025_s,t_half_-78C_q975_s,log10_t_half_-78C_mean,log10_t_half_-78C_std,t_half_-40C_median_s,t_half_-40C_q025_s,t_half_-40C_q975_s,log10_t_half_-40C_mean,log10_t_half_-40C_std,t_half_0C_median_s,t_half_0C_q025_s,t_half_0C_q975_s,log10_t_half_0C_mean,log10_t_half_0C_std,t_half_25C_median_s,t_half_25C_q025_s,t_half_25C_q975_s,log10_t_half_25C_mean,log10_t_half_25C_std
[Li]c1ccccc1C(=O)OC(C)(C)C,ArLi,39.73914875904892,3.8784933352718043,32.92933710432245,48.19568696151839,18.72028047635501,2.7954952574801886,209.28252627692848,0.6004900459615741,118058.17020762066,2.347836751264641,1.3383775188008087,3.9557153744533764,0.014790429900580621,1370.5960010199826,0.6141426469124934,1.2619453091856245,0.20000931706676484,0.0008499618871534429,51.940255508288395,-0.6896730875088156,1.216865927052306,0.046179187439900814,0.00021623479078792477,11.44334052473444,-1.3269040083547161,1.1991376089292842
[Li]c1ccccc1C(=O)OC(C)C,ArLi,39.80692169714573,4.056332226906458,32.80589374664699,48.52160058248224,18.725147892003065,2.8501938826327446,225.45019989544687,0.48965735951383105,148712.80219550018,2.363863894002172,1.375623600750562,4.210711382959641,0.012030056627049803,1721.8170356444746,0.6272130694664713,1.293374102300203,0.20930385797010476,0.0007746546214132164,61.17387434693047,-0.6788262511618388,1.2445835326363335,0.0481890695324029,0.00019006437357275911,12.79312196650751,-1.3171439343844003,1.22529801270272
[Li]c1ccccc1C(=O)OC,ArLi,39.92643584842965,4.106216094191697,32.78267317999208,48.89834644278374,18.8159910870605,2.8950218623828086,222.22034404276963,0.5519700675181511,121578.24965126293,2.356401993205686,1.338100405365677,4.010422667296558,0.013020440613181037,1351.893245396499,0.6145371420504453,1.2615556336549842,0.19790698910572752,0.0007749198639666699,51.2525659329374,-0.6954233604802448,1.2182600598927469,0.045963870368359194,0.00019138766083011042,10.92073888097926,-1.3356574942321955,1.202035729394785
[Li]c1ccccc1C(=O)OCC,ArLi,39.8715371476853,4.052468305791391,32.76607092428921,48.51801727196563,18.736648781180353,2.8299692236919705,227.89350441529652,0.5294846346347246,111039.41800127969,2.376164979347992,1.3428790080412532,4.1782001980595815,0.012851977343591165,1293.6487589965575,0.6366951858824402,1.2629661101626792,0.21512089819841415,0.0007229009109850715,49.284269134021145,-0.6714641258310092,1.2164135029410539,0.05001667135598134,0.00018323486174672097,10.307199726154938,-1.3108179400310573,1.198379360623674
[Li]c1cccc(C(=O)OC)c1,ArLi,37.78903119456685,3.6751054776795744,30.511114244304554,45.36163784671319,17.94389221577244,2.7101752318162005,141.70788084599465,0.3518426248468024,74161.41206543,2.1630226646083233,1.318571779641612,3.159102757202307,0.011431303849162635,1139.8338033042462,0.5144060576337779,1.2446027913678852,0.18469369056041773,0.0007945327151537036,51.86743893608666,-0.7254275824563301,1.200134781878427,0.04638630968996044,0.00020683140620408934,12.430255680289562,-1.33138769730416,1.1822731199447996
[Li]c1cccc(C(=O)OC(C)C)c1,ArLi,37.708918392627616,3.6411837279012826,30.596886401651783,45.23800025505237,17.989457484350993,2.654151742402729,129.42048142680233,0.34435691121648726,50583.420018435194,2.1217898281375294,1.3120959195896449,2.9888284937495397,0.01142874415189234,787.9549695826411,0.4766682908044431,1.236108484128499,0.1746939559585379,0.0007630668183439308,37.78601811790303,-0.7605369001376907,1.189787315897792,0.04359790766743287,0.00021089957394665164,8.442964119022943,-1.365212378647163,1.1709218694154486
[Li]c1cccc(C(=O)OC(C)(C)C)c1,ArLi,37.83303010019251,3.5702669545243397,30.790750863237832,45.09020095855659,17.97068900004061,2.645860738403299,143.5764608472033,0.4556606889632269,63031.86123331675,2.163162319837911,1.2845908459623208,3.1469593248488605,0.013155870796970653,938.8466796778362,0.5126261789613276,1.2131903464542522,0.18289656642406166,0.0009152441537998563,44.96799545224428,-0.7286510367272383,1.1703314656773278,0.045638058249784466,0.00024057973496333107,10.449929407773475,-1.335316689162651,1.1531400521736397
[Li]c1ccc(C(=O)OC(C)(C)C)cc1,ArLi,38.12898754973503,3.332405223306763,31.488309302118584,45.11893645019092,18.071431648123138,2.606235325681983,160.50952559226062,0.42704289221276176,57638.01846097348,2.1986303753340177,1.2918482486775413,3.56959565616339,0.012105723914726347,851.3581203417488,0.535182541544179,1.2235735975899036,0.20172921818304063,0.0008171474003736271,39.32847225079885,-0.715804846392223,1.181450669201301,0.049709036110915976,0.0002199899856122754,8.835410020432285,-1.327216278342106,1.164049221443027
[Li]c1ccc(C(=O)OC(C)C)cc1,ArLi,38.03955000465433,3.459011523656347,31.335176610917856,45.19295901741155,18.095062475818782,2.63436196525868,147.1789555025032,0.3000166327014946,74000.91906893777,2.1644275568122255,1.3236428044867896,3.280470977879175,0.009315889221928364,1075.6916237115315,0.5048816018863335,1.2501455630967766,0.18517419057043935,0.0007119058518514561,47.13616703624861,-0.7431713981186289,1.204411826599628,0.04500932004593752,0.00019025354928056215,10.526246099345025,-1.3531486682661158,1.185375367686378
[Li]c1ccc(C(=O)OCC)cc1,ArLi,38.00891715675724,3.4822040246786434,31.038878823002527,45.34435139960333,18.07687900924728,2.6378138513677154,144.05338529576437,0.30223203820060357,57045.03237527108,2.1641249276377117,1.3267701843580901,3.1883620412480744,0.01022122759812346,893.4076075519505,0.5059153875434682,1.2525125695164492,0.18555152050413123,0.0006860091909800251,42.60632651602844,-0.7411325685608179,1.2062987851867946,0.04609959502034436,0.00018261083642825144,9.283389365644073,-1.3506186304544001,1.1870626738243666
[Li]c1ccc(C(=O)OC)cc1,ArLi,37.92379757230032,3.4985848839328404,30.890785013213105,45.15231529921746,18.027545465391647,2.629426326500137,140.9184753080903,0.295434500249075,54453.335330825474,2.1627659376416415,1.31297117845409,3.273321197048232,0.009222143038200311,863.834514251991,0.5082698973667483,1.2392832480745046,0.18807215161970697,0.0006533596425903534,38.76528335005898,-0.735985340297713,1.1937678252301105,0.04582792646261333,0.0001750777377848281,8.740447336799003,-1.3441064803729046,1.174965745886229
[Li]c1cccc(C(=O)OCC)c1,ArLi,37.71464057566416,3.7186914461345446,30.62307305732632,45.393418770314334,17.950276691105,2.703619848037442,137.84537714452676,0.3327419362989434,69617.36820796152,2.1403375084640546,1.3089504765853057,3.1310624374349167,0.011741971192615466,1057.6285087467456,0.49496633027794906,1.2343562139086468,0.18218922912554675,0.0008017301178450123,47.28304331182386,-0.7424266017837422,1.1898067468014277,0.04535274750031794,0.00022140053034732705,10.179669018647678,-1.3471938374666688,1.172044960183952
[Li]CCCC1CO1,oxiranylLi,39.50667341414094,3.7381793297918775,32.78816601936106,47.38410672430419,18.624726416625716,2.7515701447028027,208.72948150151848,0.5350499237268398,100919.49357200635,2.327107811615264,1.3329744146674678,3.9547529122222596,0.013387378665210269,1249.0677055374194,0.603555875564656,1.2583246237297085,0.19997164264542228,0.0007819487088761157,49.56896644248334,-0.6926324933488038,1.2136513610183495,0.047278187026204746,0.00019190519100108515,10.26144266405842,-1.3261355920662559,1.1957935147715606
[Li]CCCCC1CO1,oxiranylLi,40.00639964739191,4.268886214980164,32.500774650521564,48.97807242713065,18.799152173468727,2.9374512608927326,236.35000327313782,0.44398335502343483,155538.47617687687,2.3851192480393038,1.3734009813368837,4.396428506226377,0.011286392303470972,1606.5296919718378,0.6397658277739633,1.2907093073256464,0.22047713799243374,0.0006940566618933567,56.340061306526735,-0.6728182352135259,1.2433648924842757,0.04941936958887438,0.00016867474524408994,11.90095558373332,-1.3143346159898406,1.2253950306984596
[Li]CCCCCC1CO1,oxiranylLi,39.54040100151896,3.6796926430480648,32.838631691494285,47.32651116952806,18.64169965288802,2.731604099647294,206.21460442193612,0.5275949682998203,82885.33470488779,2.328764417565965,1.3173167232108856,3.9492004401921967,0.01311994639456695,1099.766741547226,0.6037410529312712,1.2447980044443119,0.2013083865100071,0.0008139931174439346,43.50840995834501,-0.6935538962809806,1.2015604184409001,0.04707980370400641,0.00019929069885193045,9.304803216600364,-1.3275978284645222,1.1843377969240512
[Li]CCCCCCC1CO1,oxiranylLi,38.70586404862068,3.4232727695363505,31.97748334558098,46.12017940498128,18.38024326392333,2.5385672724981534,166.95569015520687,0.3853219212557087,65066.49186347832,2.218929873412839,1.3089103695211952,3.4287121231495816,0.011188093990128635,909.3696356959016,0.5303147319103607,1.2318977455546165,0.18889969224127004,0.0007298987968364546,38.57803949151771,-0.7395996003505274,1.1831334945069292,0.04542862453507869,0.00019963580768273244,8.104913691329822,-1.3602614454088584,1.1625083287285605
[Li][C@]1(c2ccccc2)CN1S(=O)(=O)C(C)(C)C,aziridinylLi,39.16074297698486,3.5176376392496533,32.65068750378904,46.91546552199576,18.463593455487185,2.595538822899151,193.84080184378465,0.4847478718821015,91198.12554907301,2.3044904803170656,1.3180639341053388,3.8662318202892307,0.011964504624233449,1219.4402068859085,0.596030401493946,1.2410836641886374,0.20558777323011287,0.0008308084310931951,48.132201671918274,-0.688808213812206,1.1929644345784394,0.04930467725713415,0.00020790853174699597,9.9058741996221,-1.3167641989678105,1.1728648675049795
[Li]c1c(C)sc2ccccc12,ArLi,38.4797456984692,3.2603844750938986,32.194362263540214,45.60612658221496,18.257883721065337,2.539462913283664,157.84879503979107,0.4122636793195776,75887.98326710545,2.2115440076091524,1.2971343704484504,3.419763881201874,0.011638240316155608,982.3137362603038,0.5327936987159578,1.2258328830396885,0.1877548284459089,0.0007386342116602185,42.08028108842199,-0.7297018369180458,1.180694006881307,0.045618906510148535,0.00017944538488392673,9.052719393167854,-1.3467377964456917,1.1615821687643164
[Li]c1c(C)oc2ccccc12,ArLi,38.872563675375716,3.3088305133216216,32.58804503360365,46.081060328026794,18.47689407987134,2.5667507696699365,163.89046838258867,0.36744136384472403,68680.58358320821,2.221576066687003,1.3145693533348612,3.309177253817738,0.011556412991637182,959.6820614913312,0.5256883446404557,1.2417537414718587,0.1790840148895934,0.0007278666680075838,42.57552214494469,-0.749695294414174,1.1955848332047416,0.04324338015700151,0.00019361729332723044,9.223366094715903,-1.3730302253331472,1.176010376226852
[Li]Cc1ccc(C=O)cc1,benzylLi,37.761722169428964,3.625606981314618,30.55354760002576,45.20240273679649,17.88903977560799,2.698717550004396,147.26990710881296,0.32111322708897044,76608.00926006638,2.179534868326765,1.3379457591398634,3.316325038484587,0.010119590792468977,1219.1888986733945,0.5321096682483316,1.2624350019032602,0.19394316256352942,0.0007247456147027288,51.984716525223966,-0.706827980413214,1.2161572530102802,0.048468559226384614,0.00020535168531338622,11.482943879430033,-1.3123501856484971,1.1971940397515095
[Li]Cc1ccc(C(=O)CC)cc1,benzylLi,38.19530662929479,3.373109812663377,31.43072833131626,45.34050120713968,18.137222510179445,2.593541789291428,159.17097662937272,0.31611230910953086,60678.16206070512,2.1878096417541135,1.3079408908609473,3.41094319865423,0.009883377446747405,891.8118020176905,0.5214685150571733,1.2359021131560202,0.1882151629541873,0.0006913108910414771,41.78127306989651,-0.7316947589291953,1.1908700493972828,0.0464038714989064,0.000189787075811395,8.863415090207518,-1.3441696401339622,1.172037542001544
[Li]c1ccccc1-c1ccccc1Br,ArLi,38.632914732080096,3.3196885874272253,32.405262906751005,45.67789344087757,18.23454119226791,2.5456464504492446,173.44068370990547,0.5339579511108278,66909.30588605364,2.262680864162905,1.2962053338189834,3.675584135120055,0.014535422549392791,974.5476456793928,0.5772482719588466,1.223847214598543,0.20162334767640425,0.0009393503542451,41.32209695623277,-0.6902726404706908,1.1782641778321747,0.048805102053699236,0.00024158987189026702,9.21276903926755,-1.3097647181433112,1.1590612023126954
[Li]c1ccc(-c2ccc(Br)cc2)cc1,ArLi,36.76971813438717,4.749716347364047,27.317674982473907,45.845323591000565,17.63263983657256,3.180588798057946,105.20716836886089,0.16952576498310687,78631.82214056281,2.025354536126037,1.414799547777508,2.5490185721609655,0.006493833070561936,1278.1979091142282,0.42120735283335287,1.3288667381259232,0.15945922181134167,0.0005359061676571413,60.98374539590502,-0.7851832858924952,1.2826349685067178,0.04082802324243396,0.00015436579722905933,14.038885258213254,-1.374798365170819,1.2664178466849922
[Li]CSCc1ccccc1,carbenoid,39.03591372011364,3.45205263457356,32.741314602749185,46.880486921162245,18.46954842409095,2.5729428295572885,181.18585170560152,0.44347460620861473,79537.59400103435,2.2684907586893286,1.3162275585794834,3.6658361742541783,0.012724345974189649,1048.1903177893753,0.5654765878296754,1.2398053876050597,0.19137659645411104,0.0007550258038133723,41.456491323240044,-0.7152664604020124,1.1916793436163367,0.04568237878417647,0.00018760629097410583,8.641525128635916,-1.3412207654817085,1.1714271958020823
[Li]C(F)I,ArLi,38.81180431127076,3.3549730909104425,32.648055145928886,46.062482576252364,18.385705713556884,2.572174604327354,172.31868741514415,0.4859115271183168,76364.96084771043,2.244914985941454,1.304371734479736,3.513770669844213,0.012563091894589129,1076.053001049098,0.5516780038987164,1.2318480272908947,0.19090549556123582,0.0008430990673021696,45.18060811843322,-0.7217121597693668,1.1863174341807963,0.04564567761716836,0.0002171838823027435,9.59883285357217,-1.3440727933833483,1.167199313625647
[Li]CF,ArLi,39.52699526010506,3.6783843663362292,32.970603540928785,47.352951485827774,18.611242987235435,2.7256883841465935,211.42953620603026,0.5864631658145545,99658.38455016572,2.338403214714742,1.3269344268881478,4.2244762093356,0.014633945213295932,1215.5908130597559,0.6139647004248472,1.25296064467299,0.21727655439031085,0.0008513126858990614,48.59265732345524,-0.6828904150936083,1.2084365110097426,0.05108723154518929,0.00020860100764458239,10.485746855753954,-1.3167193816019263,1.1905269147705253
[Li]c1cccc(C#N)c1,ArLi,37.43714014926535,3.935277744551803,29.766843376979494,45.24077315254632,17.836585454021733,2.839273953978669,128.87385326238274,0.24534302523936902,81362.86416276533,2.1154334137750075,1.3603527589690039,3.0018584668341886,0.007876493830403293,1240.2003946474604,0.4821687066187639,1.2827282085052414,0.17586186634242126,0.000548963945330347,58.70822423179685,-0.7461196161710691,1.236904728864445,0.04433359246142993,0.00015343737121080347,13.293654893033043,-1.3464370370549568,1.2188656361441113
[Li]c1ccccc1C#N,ArLi,40.414147637797626,4.718153855933426,32.370161270868856,50.43710977218191,18.93095211434293,3.174172713974449,264.65053516867533,0.4917592580267693,207704.15479885865,2.437022682650969,1.4057070618804939,4.813923212267699,0.011610688571211673,2314.946560464086,0.6738804996893243,1.321396504711882,0.23248463442302014,0.0006106717429163812,75.38894716283339,-0.652081510792538,1.2763237917917984,0.0512924278446487,0.00014000535940906966,15.217308905411778,-1.3001362708626503,1.260639925612344
[Li]c1ccc(C#N)cc1,ArLi,36.8348380622805,4.594185657321731,27.819929458021324,45.533050253219244,17.627564643223316,3.1095920165354762,110.14774573863193,0.17342120243185927,66819.18768879284,2.044989557974933,1.3864794726066372,2.697944984458019,0.006793345145009517,1023.5875737068894,0.4380013969917344,1.3038254854659408,0.16743815020455788,0.0005378669794215772,50.08427451928268,-0.7705257843945141,1.259231642600765,0.04300684885633915,0.00014938802424832825,11.760556195470947,-1.3611850841182354,1.2435168648041672
[Li]c1ccccc1Br,ArLi,56.18123765050563,11.31920858098872,34.04522174713068,79.11985638140288,34.127047335276686,6.988738868442649,1.118666298904512,0.0002470596027838214,6768.924020256875,0.057878028051109455,1.8321382215026176,0.004148134765308028,1.2588636903845247e-06,16.371931811132185,-2.39313271403756,1.748927581932358,6.069835362611614e-05,1.7753537663086272e-08,0.21766763086325958,-4.236402736556913,1.7765035129140054,8.064762174544626e-06,1.838932224435758e-09,0.03220893533763426,-5.137288208949978,1.817644437935616
[Li]c1ccc(Br)cc1,ArLi,37.07188745771619,4.3453905659442835,28.415042672614987,45.294935234346845,17.71492703913413,2.9617174071992847,117.40805629957053,0.25317543532917103,59268.65987266122,2.0705004451411266,1.3611553870729478,2.8786081197017808,0.007975037461723048,957.8656013731314,0.4531705644145345,1.2790077873413037,0.17787463530599862,0.0005856929104296379,49.52537341131587,-0.7631340541150732,1.2329269563900898,0.04498588119417801,0.0001588825046493093,11.81668208217277,-1.3575945224409538,1.2158640406414805
[Li]c1cccc(Br)c1,ArLi,37.57288586960467,3.8041253666881274,30.16180486840577,45.11434122953443,17.90024053444447,2.78074042535703,130.92743340561978,0.29536662983557127,62068.60832311415,2.1241239256175404,1.3472300939906088,3.062307369061531,0.009137321156273736,944.9884486733807,0.4849370595225068,1.271007829560959,0.18235336482331224,0.0006690096109864429,46.06276307401811,-0.7478049924383228,1.2254258132545925,0.04586322631829201,0.00018518789688945993,10.447923921151212,-1.3502991426451558,1.207223141915568
[Li]CCC[Si](C)(C)C,alkylLi,39.51223511590273,3.797867266481974,32.65331479981847,47.83870658540555,18.63337763191752,2.797402517446943,211.16535259558688,0.3384702456010719,120506.67574080691,2.3248393579555797,1.3669101155989491,4.051229140931059,0.008950753804289904,1383.2013528372026,0.6010447823453506,1.2897641931062578,0.207624589087457,0.0005503271042715819,53.35297129612273,-0.6953260624009752,1.2431939525816769,0.04802955874243295,0.00014422021150611267,10.850607875886796,-1.3289183449194348,1.2244084921148546
[Li]CCOC,alkylLi,38.865598130562866,3.3659706513922107,32.57434361140061,46.271149911247136,18.404875740811665,2.568811816148364,173.30383002725,0.48328523115729227,78966.70554509734,2.250988740640575,1.3035635598727258,3.5689416135355683,0.013342385298129289,1097.8690610917915,0.5554049034117142,1.23062240108785,0.19436308029478794,0.0009300661897619547,46.11863482147906,-0.7197502006287188,1.1848340335145031,0.04681294866471136,0.00022892556604370694,9.745481431355383,-1.3429734366404307,1.1656117421515975
[Li]CCOC1CCCCC1,alkylLi,39.503068211837395,3.6769249881928587,32.87844655962399,47.41591076113994,18.581441147197015,2.6934614269839914,220.02031851260114,0.5097194220273761,100730.7263765863,2.3449413473618312,1.3137696260767384,4.186052703864789,0.013450236541551757,1148.945059437765,0.6215466949515083,1.2391724463192122,0.21306934383993356,0.0008343428925097039,46.41429459009964,-0.6745233896092185,1.1942497298034656,0.04935947935049432,0.0002028809100687151,10.12894956048387,-1.307968677667523,1.1761778186778886
[Li]CCCC=C,alkylLi,39.49513657953094,3.7487462720763696,32.74660725038821,47.66938017715231,18.646040356114284,2.760749930255613,202.62386719434699,0.48260799715923675,98821.89430004841,2.3147631778640503,1.3351979986367577,3.815653064438119,0.012108009004977568,1343.3611288441627,0.5917145576309882,1.2606066165796366,0.19849102884338488,0.0007548940746745041,52.585112620103075,-0.7040952952105461,1.2160416495130508,0.04642546349197872,0.00017990750481957507,10.677201808035493,-1.3374133968162898,1.1982574159976378
[Li]c1ccc(OC)cc1,ArLi,38.857144978541875,3.3171383680067184,32.559183385202175,46.02982008742227,18.35940318474677,2.5723125750088363,184.03642973980908,0.5214036425810016,66434.95135904421,2.268474534165557,1.29505900852619,3.6776529673102845,0.013551785660839996,945.5011246219366,0.5732594813792329,1.2246128150806495,0.20077814954263715,0.0008503512538812784,39.033494195648615,-0.7016182802179272,1.1805855356284891,0.04840300475033964,0.0002162419978787803,8.49587799513635,-1.3247059670290497,1.1621727091554974
[Li]c1ccc([N+](=O)[O-])cc1,ArLi,36.205362446541656,5.596167499939217,24.869034281288148,46.47342279946512,17.392732028004946,3.538158062479447,95.1389308478023,0.11697312759556625,82463.22705048411,1.9784819868597001,1.4708550945513321,2.4415484919848103,0.004977231176724755,1299.274172813622,0.3989558676644842,1.3746034120154988,0.15805210334148628,0.0003741897815432585,70.61297263514628,-0.788918626438221,1.327441927929334,0.04130612064479447,0.00010827691352709309,16.721696944741314,-1.3694840681203566,1.3131447673624008
[Li]c1ccccc1[N+](=O)[O-],ArLi,39.79365065010771,3.9140249926441806,32.86611918501465,48.08121330828866,18.699193611714314,2.834312032720336,231.54397315296114,0.5015196965677841,136018.58209636182,2.371583384176764,1.3432074183541396,4.275666950776112,0.013040992976365372,1642.4161988615688,0.6355115336937772,1.267816342592473,0.209391053559412,0.0007659113482333059,66.8588431298215,-0.670092372475976,1.2238213315203796,0.04843029823377111,0.00018295170126082723,14.027903388560592,-1.3081972498939662,1.2067152759241253
[Li]c1ccccc1OC,ArLi,39.08151990652697,3.362725273047269,32.915020135133275,46.564064473643306,18.448244782181252,2.590964884678699,189.81010839357714,0.5337725966733415,97553.34377884644,2.2899503904136065,1.2979269859069327,3.830344037434247,0.014542199777584848,1278.925368290532,0.5849465650450911,1.2271451487402019,0.20621423111327652,0.0008717460459161544,52.68044707354135,-0.6972927926267709,1.18314456682866,0.04878523163995763,0.0002180248027380827,11.305515358460177,-1.3239784085943938,1.1648410480128748
[Li]c1cccc(OC)c1,ArLi,39.26406070945558,3.48377231150754,32.82259706804243,46.789236108499075,18.495056742691865,2.674093409208536,196.75980700797538,0.5566806587670754,101085.43044764128,2.318481590153256,1.3237868515651783,3.9329247081431946,0.015004444366476754,1343.3639521119767,0.605514083535303,1.2521926604771463,0.2036985347573598,0.0008639233339049534,53.09208586017788,-0.6827143196612954,1.208191653457314,0.047697471082617,0.00022388414007726791,11.393657172018052,-1.3123270401989588,1.1900932686601824
[Li]c1cccc([N+](=O)[O-])c1,ArLi,37.597749844423774,3.790327672285817,30.305015765466305,45.33429587070212,17.840264346913557,2.734460972265221,142.28922471821744,0.34799508099004034,78195.65373311023,2.1568266855558984,1.3277436269791012,3.190634440328245,0.011457254382252344,1084.834997790949,0.5165550824219315,1.2510030962497145,0.18478980120587019,0.0008074116949552756,49.36937100957031,-0.7170027404499956,1.2050776443864546,0.045820837876391074,0.0002088814091930275,11.092126743068846,-1.3198955930464027,1.1867333597540073
[Li]C1(c2ccc3ccccc3c2)CO1,ArLi,38.98802058890949,3.3575410218791717,32.58749594184768,46.34535154188585,18.418679447035625,2.592604080959898,187.37609553520957,0.5354315158546628,85986.74687979386,2.2777631421051656,1.3062252315813783,3.784312783229028,0.01363803421152054,1183.905590641496,0.576838397964515,1.2347367159525167,0.2045220916697144,0.0009517246918494019,46.696838167704136,-0.7023333076495117,1.1900575614782876,0.04843846177392888,0.0002366208184665027,10.575655783099982,-1.3275196298948382,1.1713740714834564
[Li]C1(c2ccc(Cl)cc2)CO1,oxiranylLi,38.3061347148323,3.397008652753246,31.769777761204825,45.65078644623281,18.2120632318787,2.5900157952093075,155.2958385500366,0.40263314095701114,60329.77130665534,2.1849724952983958,1.3021691144136358,3.3196040700591967,0.01174156255841438,931.2672614840532,0.5137962877179161,1.2299191370612534,0.18163626060438048,0.0007492021808853425,38.1627490088535,-0.7430031839790708,1.1849299304178365,0.04384121405838076,0.00020118946199705105,8.466962215132963,-1.3572552316609272,1.1661900319520686
[Li]C1(C)OC1c1ccccc1,oxiranylLi,39.28843128384346,3.549402069864686,32.60377838832399,47.17596377841791,18.578373559412817,2.6722493064456367,195.16710026633615,0.5599312958659406,85626.30884591189,2.288820918720532,1.3078212622919867,3.8034906903238554,0.013293109515760345,1081.674917210565,0.5747902005730087,1.236124712930856,0.19492541983604844,0.0008449948487661325,43.96238595524246,-0.7142377853860808,1.1926572920156315,0.04565747305540578,0.00020187934557778353,9.290010100448567,-1.344241296467671,1.1750322859249125
[Li]C1OC1c1ccccc1,oxiranylLi,39.45678308852906,3.648772319380999,32.85896576955867,47.3457300339201,18.589043161533052,2.6703661483328465,207.1234168631847,0.5126681951507239,87749.34666431462,2.3292505233211687,1.3133095697086783,4.150807705195382,0.013160219792022011,1068.8169156829174,0.6078751453015836,1.2380405645879502,0.21143065733650682,0.0007846478604109444,44.06240955328599,-0.6866763543391453,1.192355464600404,0.049063677912033705,0.00020101569259853928,9.110196117873016,-1.3193794445228533,1.1738282310178312
[Li]C1(c2ccc(C)cc2)CO1,carbanion,39.31091897133694,3.5171541556697767,33.10771161979767,46.93550439409326,18.553911155935086,2.69979355729983,196.2161495061583,0.4990431672873937,88425.73184623536,2.3054641685434927,1.3183459177556964,3.793677429830767,0.012428379494809424,1170.4503617333244,0.5904523833010408,1.2481646928008205,0.19944589009103117,0.0007722046041561082,45.05455815772969,-0.6993134091209536,1.2056031003220682,0.04761359160498132,0.00019796356670271877,9.69877170357373,-1.3296775180073952,1.188328794320718
[Li][C@@]1(c2ccccc2)O[C@@H]1c1ccccc1,oxiranylLi,39.031482388232384,3.3645373307260322,32.673556481257535,46.313727850834674,18.41936062576278,2.628470823509475,192.80927680247538,0.48259713204441046,88876.65584009385,2.289100891470375,1.3232601894011973,3.885518545504472,0.01306896975492924,1226.1145739073975,0.5862800456867951,1.2519441883673332,0.2077538887415331,0.0007831223664458777,50.95999479075151,-0.6943176134157432,1.2073266242245557,0.049482938741107194,0.00020816628703616578,10.667667627988623,-1.32020086056432,1.188644524763647
[Li][C@]1(c2ccccc2)OC1(C)c1ccccc1,oxiranylLi,38.98139052429525,3.340902322547178,32.629259954738494,46.14208165328102,18.42941213044482,2.5932894177207624,188.5543515674065,0.49016149395955305,77270.75761519576,2.2713273028615966,1.313227259109994,3.7775537169923776,0.012290672425376526,1037.0913612743584,0.5706918075924527,1.2414207582625048,0.19847487483208576,0.0007602116527942327,42.831282390452365,-0.7082623698954259,1.1963116320617189,0.047265197035293416,0.0001917863448241849,9.03757926995152,-1.3333423767738828,1.1773528095054357
[Li]C1(c2ccccc2)CO1,carbanion,39.25915042393284,3.5672583079844444,32.957215023147164,47.163940730543466,18.575849435886187,2.659266285466471,185.89258245511414,0.46074553786567773,104581.03542165137,2.282079414925905,1.3419424639199315,3.6524751063398893,0.011912882297186136,1259.5496911953264,0.5693261286253799,1.265034173183962,0.18766558033155556,0.0007531600987562066,53.01379975823193,-0.7187411712832777,1.2171445085847896,0.0446820998789495,0.000189354670413704,11.016717106584275,-1.3482751537034179,1.1972094755517422
[Li]C(F)(F)C(F)(F)C(F)(F)C(F)(F)C(F)(F)C(F)(F)F,ArLi,38.2017409935259,3.390220880488419,31.62474582659195,45.56029006954307,18.175182990995758,2.5548974138299427,147.20818960697085,0.3912390339230135,57972.89348184715,2.1730459246184637,1.3037617242787538,3.164936830574562,0.010871277282258741,822.6844105100669,0.5064240868423718,1.2292562383428172,0.17677375895603525,0.0007861862594187951,38.98434442496625,-0.7469502944673162,1.1823561596849703,0.0429904357595082,0.00020946042893280937,8.799848888551688,-1.359528352915987,1.1626216740866409
[Li]c1nc(-c2ccccc2)sc1C,ArLi,39.246920551409936,3.47013869873336,32.871844131774786,46.73377216700454,18.450023858070736,2.5957396470531697,208.44756104204328,0.6779325782050514,95760.95076396802,2.3334511535730926,1.3008600079678376,4.124619265557691,0.01729990414074535,1194.6474243807381,0.6212314181550606,1.227131867710354,0.2126618563473633,0.0009822701896466906,48.77944593533667,-0.6664346275565832,1.1814746044248332,0.05109371779455481,0.00024512368878438763,10.171359472302248,-1.2957724997636726,1.162568993700723
[Li]c1cc(-c2ccccc2)sc1C,ArLi,38.07238628313212,3.369191178589502,31.440421893779046,45.09409216116672,18.062311399903344,2.5771615413098736,152.62050221385908,0.3655714765352433,53946.869159478396,2.187440577188654,1.2940971970270225,3.40571018055924,0.011192750967966037,850.7208546160913,0.526462078683356,1.2226846729922107,0.19589804706709113,0.0008153014459634527,39.88921927182598,-0.7226682583526226,1.1782446257584205,0.047678013981601874,0.00021369483387132177,9.103070602509865,-1.3331720695213685,1.1597429467706366
[Li]c1c(C)sc(-c2ccccc2)c1C,ArLi,38.06860346956087,3.489234191057479,31.185976246893503,45.45792042978485,18.113370604546375,2.605028345742318,140.97066671619243,0.38575399257030907,53360.97873359269,2.16425328657896,1.2955462536781095,3.1513716174328823,0.012004646499028994,813.4752679692783,0.5034398203350755,1.2224936390671166,0.1789757095151109,0.0008239882862153121,36.094939012975004,-0.7455664050375033,1.1775757401871731,0.0443057186361318,0.00022497513793327858,8.151140345085233,-1.3560095574893245,1.1591078141394768
[Li]c1ccccc1C(=O)CCCC,ArLi,40.33697014347501,4.628303896808352,32.5000648774389,50.01749177481626,18.87957884498373,3.1284014911269455,272.20081140793917,0.5145462953599377,197582.23321611967,2.4386754230010754,1.3974277254940626,4.778995989629651,0.012043386877899876,1983.0103951064484,0.6789002514393758,1.3137745450929676,0.22979512345362046,0.000665194146271523,72.95967163166206,-0.6445296154364126,1.2685266336251602,0.052293456323908374,0.00015962727857333705,15.518034563794211,-1.291346807835562,1.252529929223013
[Li]c1ccc(C(C)=O)cc1,ArLi,37.54176101899777,3.8839585955015634,29.722114446443275,45.22499505415493,17.870591802084835,2.7806755663251512,134.48601369325547,0.3066218218793947,69609.2495691974,2.128668901912494,1.336739368329078,2.994128107942197,0.010945568347399667,1129.4844480437664,0.4908399151802821,1.259318446360561,0.17710692262244424,0.0007675618180428641,52.221488982275986,-0.7408809505895992,1.2134912040116745,0.044684997510798186,0.00021462346459342829,12.273194119461214,-1.3428760031098241,1.1954040484345556
[Li]c1ccccc1C(=O)CC,ArLi,40.41704029519015,4.726501785635844,32.24884600516343,50.090679394990694,18.985595921417488,3.1828033400623954,250.09707637871426,0.39342565511541744,148857.08709916484,2.4140654671349027,1.41117386606278,4.3662209411447055,0.009260204815329345,1751.0655946451416,0.650797086626911,1.3266100161042929,0.20603021929986629,0.0005486404175302664,59.75145055408888,-0.6752598300706208,1.2813301120937992,0.04634941678781765,0.00013037548716243047,13.109320577464356,-1.323360974897113,1.2655394064375225
[Li]c1ccccc1C(C)=O,ArLi,40.49204340075609,4.8488499609494635,32.08299565241571,50.25989062389272,19.011571017288336,3.216457856495129,260.2495991547253,0.48217850367170856,216627.2978363473,2.4228609866527333,1.4235904715220238,4.573514321384527,0.012320105062415293,2277.02493639829,0.6563204564890905,1.3358611279194734,0.22008765714454284,0.0006304407199571694,78.8192085273211,-0.6721972635276138,1.2889641375725518,0.049169269016256956,0.00014931181798778507,15.848167266161788,-1.3215011089533533,1.272666921686966
[Li]c1ccc(C(=O)C(C)(C)C)cc1,ArLi,37.87783125515361,3.5811366778510054,30.674147826396194,45.150684660963655,18.005078933572747,2.648187237283647,143.75975846489695,0.3130476908921222,65500.81024258639,2.1602190533063426,1.3156254506653702,3.1963840909503736,0.009936991606132527,964.2880945807601,0.5077283789118117,1.2405619508209063,0.18399280723700054,0.0007091016123136645,45.89595480603503,-0.7350187336563454,1.1945107718811872,0.04517933051457667,0.00019366816005866386,10.435919854404963,-1.3424027880234133,1.1756249568546562
[Li]c1ccc(C(=O)C2CCCCC2)cc1,ArLi,37.643208164950195,3.675831440709493,30.398083581603046,45.02199451795745,17.927032366897247,2.710226056542791,133.87582569084623,0.36989082917338617,57310.32556991089,2.131311811057667,1.312131144854924,3.070039527304206,0.011103841596026568,888.9228818750274,0.4890570043385339,1.2388747078724307,0.18235836332407812,0.0007794658545186417,42.64907378244534,-0.7459922765895804,1.195054493113126,0.04523816863512107,0.00021439945976313137,9.33849099819514,-1.3496140689935507,1.1775445445515016
[Li]c1ccc(C(=O)c2ccccc2)cc1,ArLi,37.927066583360805,3.52454848406099,31.12843020814558,45.36880508462572,17.995394254314455,2.6390576830875494,152.64227213730862,0.3096553638263792,66498.37864937136,2.1776040595521264,1.3150428549757167,3.4453775484092253,0.010386669273651646,1059.6436125244563,0.5229654026037615,1.241030842305013,0.19793177979558058,0.0006889152507605983,46.436498018442464,-0.7213970891964764,1.1954241362048692,0.04890140645700086,0.00018319894780872018,10.006666662140463,-1.329570648988581,1.1766308463102124
[Li]c1ccc(C(=O)CCCC)cc1,ArLi,37.55691519749752,3.8167197975217104,29.978187854468963,44.9649316619921,17.909373303969538,2.7352357808726526,130.75471541483608,0.25594762109549024,57206.215853894115,2.1158826849853205,1.3398949588415738,3.0523661531770854,0.008844331362639518,926.3601592177979,0.47739256909604977,1.2610744555918911,0.18068357637687765,0.0006167125646251411,41.71354040317035,-0.7548254954560701,1.213533932875917,0.04488473265514974,0.00016872773349523433,9.796319422189493,-1.3570635504416624,1.1943938136575918
[Li]c1ccc(C(=O)CCCC)s1,ArLi,38.68115475015514,3.268963821922537,32.370831650443456,45.62655459171149,18.323529122981615,2.5328040767474733,170.7569267811091,0.440939603132791,64083.165526665405,2.2369464820166622,1.2993366962876165,3.5695406286814686,0.013309840296775994,905.0451491544662,0.5494093295101772,1.2271376085530723,0.19615421267987337,0.0008833206396923639,40.194334364945675,-0.7196943066706005,1.1813068009353669,0.04766336993756738,0.00022194502712513835,8.763218291508158,-1.3399599296278963,1.161855260904014
[Li]c1ccnc(Br)c1Br,ArLi,38.104090093954824,3.4335608627680503,31.469417279513113,45.38889074052589,18.09988685653648,2.644096196121023,151.68250240702844,0.3537001191729492,72773.36194527631,2.1796080407171776,1.3183569546211518,3.2730723481425406,0.01042843935321719,1011.463622709806,0.5172464046353284,1.2467834617377587,0.1858516016188937,0.0007054460665597776,43.467682168930935,-0.7329241139013257,1.2024816425604081,0.04540275560722422,0.0001792113037531358,9.515941172492974,-1.3439363065829062,1.1841300623902329
[Li]c1cccnc1Br,ArLi,39.475857306485324,3.6533195812978043,33.03130061537194,47.396540982275695,18.56330897665279,2.722111454578523,216.87660935588872,0.7204774212235309,89639.44901693628,2.3455324046983406,1.310758531148458,4.1599117126776175,0.016201852372836903,1117.4871195107726,0.623324878526403,1.2391104177073193,0.21316593752421947,0.0008986025998476912,43.60774063184055,-0.6718524338523882,1.1964415302931908,0.050628640668102194,0.00021507959061155287,8.938236980216477,-1.304861385682665,1.1794637586831664
[Li]c1ccc(Br)nc1,ArLi,36.506774771923055,5.096941083226726,26.342765409883157,45.87513543614951,17.49214123629892,3.276393975809668,106.27181142168953,0.13217558802815357,59228.22108557606,2.0159892748089816,1.423469401145491,2.710461452040739,0.005193573393804491,1016.919005624368,0.4233134836200038,1.331195457923642,0.17081835097508058,0.00043087487026423967,55.55030872395998,-0.7744501536740561,1.2829941449168516,0.044737065900819065,0.0001197813228002013,13.25643334091482,-1.3598488456812468,1.2668213867567772
[Li]c1cccc(Br)n1,ArLi,39.33503738223582,3.559315581194983,32.84513046804218,47.05321989143105,18.579988659178927,2.6986581642413148,200.32665273760085,0.45708039169857495,89855.00298285585,2.3005947175625137,1.3422858075511146,3.9619364175482614,0.011548592246928602,1163.6076825636637,0.5845307218906124,1.268118400834331,0.2036932606200844,0.0007174045358568119,43.22541389244891,-0.7060263799731076,1.2224132347765346,0.0479857228393931,0.0001920335619878098,9.184007116241904,-1.3367772358751837,1.2035709723576589
[Li]c1cccnc1[Li],ArLi,38.677919420944136,3.2639043945840402,32.33196622014846,45.875245450581446,18.3485170654514,2.5561098712527492,164.12880000200954,0.4674475529090429,74050.17935198273,2.2252283438807288,1.2849155439559843,3.3947923657087795,0.012820878295561878,1083.5496906305661,0.5378323386145321,1.2159942066337952,0.18603813743129005,0.0008122446657624689,44.34080368199026,-0.7311651485101368,1.17291556664688,0.04458651665001888,0.00020735768679326714,9.278554682703687,-1.3513788918505625,1.154892992023342
[Li]c1ccc([Li])nc1,ArLi,40.08981235330296,4.299176662962207,32.58772717399898,49.185919816892245,18.839645266702405,2.9996841897031565,233.52923173827077,0.5028405514228539,156187.4828713692,2.3898607104270857,1.380383654117218,4.266955053823747,0.012347182857294203,1632.155847589015,0.6408682560862328,1.3003256646045116,0.21071030281102,0.0006577783642057313,61.108831160366684,-0.674452523761421,1.2553090122185389,0.04807411637386904,0.00016127777539580036,12.939287779064603,-1.3173064559714676,1.2385674434749054
[Li]c1cccc([Li])n1,ArLi,37.8567973535462,3.5963412701595616,30.98767847801136,45.1968809579018,18.037986339736168,2.6704633944234044,135.82171563193629,0.32758427036940596,68436.63133768097,2.1402973256943727,1.3331464246314249,3.084577248461742,0.009701090618580035,1027.7416500252557,0.4887242942878539,1.257145373183601,0.18045849394753657,0.0007154165955782923,48.91339159388824,-0.7533327095908016,1.210288644647527,0.04369936556022065,0.00018999538731950182,10.555504374015658,-1.3603794781098117,1.1909753677219577
[Li]c1ccccn1,ArLi,39.78328509992944,3.9488413814261354,32.778772316913575,48.20085477433766,18.71118339187594,2.8491830614377096,222.46780056227135,0.565529814451488,132424.08786123863,2.3636017034313217,1.3520501813471533,4.1383598279405005,0.013567382783005193,1621.2412940542447,0.627982069309118,1.2756291279761383,0.20819421858302606,0.0008042453274148553,62.05258752031269,-0.6772817498723532,1.230982078730923,0.04822566580805897,0.00018654304917799637,12.68340732998543,-1.3152204121274262,1.2136035727916195
[Li]C1([Si](c2ccccc2)(c2ccccc2)c2ccccc2)CO1,oxiranylLi,39.10016682295794,3.431882806325554,32.50664830994602,46.582018766182685,18.48097405966813,2.6097419982855286,191.3474996324608,0.483009571705376,76159.51209271813,2.2807275353026846,1.30960231301074,3.8911960074877188,0.011972360983056478,966.1820937658925,0.5749102036037557,1.2368411662387113,0.20798176748538377,0.0007953334419297125,42.71094213850242,-0.7079409473198578,1.191625891375681,0.04897293941039353,0.00020344117632376327,9.503628115293052,-1.3349255730070972,1.1728304616767544
[Li]c1cc(Br)cc(Br)c1,ArLi,37.05679615633034,4.345706976292366,28.574638862384305,45.2738148367128,17.711915530280727,3.018946080328258,119.66580781210743,0.20827452765105497,69717.66644270721,2.067768782028108,1.3764212705931993,2.7827326646265957,0.007066107909696407,1167.2874068227175,0.4510972873278065,1.2966633023474303,0.174113293188297,0.0005478028277636186,52.64478501746137,-0.7647121953769486,1.2523420309253301,0.04488181614852365,0.00015561171659859757,12.30127300532262,-1.3589306694936136,1.2360972389802052
[Li]c1ccccc1-c1ccccc1,ArLi,39.251085900405464,3.5088148133640393,33.013835509157055,47.02890657692543,18.53776780529562,2.618459592198656,194.13919812064995,0.5050425106750621,86779.76056536227,2.2964593959360395,1.3213650655965479,3.8962919044142703,0.013735292109749825,1155.0142701497969,0.5840579394388798,1.2457372990910311,0.20579112670143213,0.0008245523606860641,41.7025586101855,-0.7037447686756922,1.1986375681197075,0.04887843799211471,0.00020191302205116034,8.277159943991819,-1.3331494336868288,1.1790277438591221
[Li]c1ccccc1I,ArLi,55.96642246665191,11.297562281808165,33.901703198477,78.80136457701335,33.9987685117837,6.939648997448988,1.1174429067638836,0.0002741907118863494,7183.787776841364,0.056088433741225116,1.8273235988796857,0.004196933645511398,1.355484788530624e-06,12.623829047778369,-2.3855505973419913,1.7400479250761904,6.510815602431815e-05,1.6523887329865665e-08,0.19472683585244271,-4.221772672800394,1.7645699947733964,8.39196530489213e-06,1.8261228728775006e-09,0.02969992573951655,-5.119213509822711,1.8043500342849612
[Li]/C=C/c1ccccc1,vinylLi,38.95759316978045,3.3976012756016107,32.51278874626839,46.422314162988734,18.387414538551678,2.539834365843799,186.29255827659978,0.5375268760064208,93302.18024119151,2.283196698851215,1.301430342541022,3.8324182514686935,0.014768357372965167,1252.0094568435964,0.5835994073310149,1.2260254200576324,0.20230493404654637,0.000922735111149684,45.62417660200054,-0.6945739943671726,1.1784571262860482,0.04804667690527446,0.00024179083672415893,9.334132746396913,-1.3192724024795583,1.1584047941163746
[Li]C=C1CCCCC1,vinylLi,39.38698472492383,3.6684107530642214,32.6919752470645,47.19052227724797,18.570560762804476,2.7316548970618353,208.33028723090897,0.43411991374294195,103971.45678465895,2.3185941394251306,1.3527797128209376,4.0367333955094855,0.01090793651140664,1296.6513246841182,0.6002638445352703,1.2765568960378795,0.20772414720116905,0.0006454635122493681,52.564727300048574,-0.6919976159992577,1.229887990268972,0.049120707499391604,0.00015347386344948785,11.359699010322363,-1.3235814654115192,1.2107827928061048
[Li]C(=C(c1ccccc1)c1ccc(OC)cc1)c1ccc(C#N)cc1,vinylLi,36.647672759268374,4.912207638904532,26.6598987349349,45.729728953880716,17.56448990325204,3.2845274113469203,110.6872186227153,0.15079406224731776,71245.89481070015,2.0222833364723076,1.4259886429558408,2.7434805487087077,0.005879513807824469,1299.4122901936435,0.42346060913588596,1.3408219400517762,0.16687495080878081,0.00047058508282840823,64.7178616636293,-0.7789257998728621,1.2965742315408546,0.0428164793327184,0.00012071552655689685,15.330782847579513,-1.3665838395768488,1.2817833224863096
[Li]/C=C/c1ccc(OC)cc1,vinylLi,39.2629851136541,3.4400926066177164,33.15577549297248,46.7808398528755,18.485777699660783,2.6241423997326088,204.40110663485768,0.519404597814663,101781.1994851096,2.3222235186089812,1.3153125056402333,4.044917445946519,0.013744475053461023,1318.2252586403285,0.6093029368537376,1.2426131276614507,0.21284803406077638,0.0008373186451169469,51.82796432915725,-0.6788901767412051,1.1974621448650842,0.05012692117185416,0.00021187489871124767,10.682233890733938,-1.3084856497301809,1.1787022315503186
[Li]C(=C)c1ccccc1,vinylLi,39.362630823000366,3.507791742753109,33.008191381619426,46.91094055327338,18.550215328415362,2.6690474198140195,200.09317632028805,0.47590454050162756,84124.85447153621,2.320911149773898,1.3091865075720455,3.9186888945101783,0.01300851158159305,1092.3024798831777,0.6036433390464109,1.2382808217873804,0.20183507738812495,0.0007947450645497383,44.620838655032465,-0.6878190857383859,1.195138214846059,0.047296010750117724,0.00019047158941681264,9.5267334788636,-1.319012411955423,1.1775748827713433
[Li]/C=C/C,vinylLi,39.39574772430093,3.537550503373144,33.034739717866316,47.22956824645823,18.56931060470608,2.6509076804879914,195.07609286321951,0.5486368454234849,117028.3175557113,2.3214827008354297,1.3245421966115005,3.8585383421583717,0.013007460664819259,1462.9641444671781,0.6027701038371714,1.249869853178382,0.19955752275061733,0.0007631588673288325,56.3708799433065,-0.6897788650317165,1.2037387872481253,0.04781183341247594,0.00019304770171722942,11.732095655252678,-1.321503232153512,1.184681016525863
[Li]/C=C\C,vinylLi,39.231140053313105,3.520989891368845,32.692417838911624,46.83943923420375,18.547184588744333,2.609500914562355,194.88438662706352,0.5090042589867299,71446.37384007931,2.2870307597457695,1.3018451596036729,3.8156471176621114,0.014028801636322004,911.9398915814976,0.5754994778394146,1.2274876286902876,0.19991126839525253,0.0008631443584004549,39.305194622709514,-0.711648819949635,1.181683328664892,0.047253917723377684,0.00021570787430947046,8.217492782579487,-1.34073364644116,1.1628209812621746
[Li]c1ccc(Cl)s1,ArLi,38.02105132804443,3.4826736138032612,31.27640085719679,45.36960147045415,18.025204134390997,2.591295873415673,152.12946014860637,0.4784778914895204,65182.618421073494,2.1898150394153553,1.297162331044943,3.336810540799598,0.013748606993045816,978.1069947069733,0.5310761235826098,1.2232134988279164,0.19260512441115873,0.0009188301666937188,44.103633200260816,-0.7163699468231252,1.1774988010075111,0.04682807367798325,0.00024862830606334695,10.150538577388822,-1.3260505843275214,1.1586047119175338
[Li]c1ccc2c(ccn2C)c1,ArLi,39.57186644342194,3.8498535481114273,32.76931197784332,47.93229413587009,18.723740907082924,2.758522223519222,193.1774755974478,0.4364277113646341,103670.48540274773,2.3015568254843752,1.353527523358039,3.711711644921871,0.010857193291733415,1299.7252027613563,0.575160722559569,1.273770883093839,0.1910096529999583,0.0006518058846856657,50.652004509576734,-0.7231665874234781,1.2255916018346804,0.04467520284842304,0.00016172129716808756,10.370247458533278,-1.357715078792226,1.2061634525273839
[Li]C#Cc1ccccc1,carbanion,38.538894920558384,3.298624080297569,32.25779992710129,45.65819709995492,18.20204979355207,2.514496214634419,170.91758686223932,0.6032040393810981,60155.41266303667,2.2516250665768207,1.277705129534784,3.6065381095852214,0.016297751945292684,915.5286078001793,0.5702942631130254,1.2060108995430792,0.19589006776850343,0.0010462543521683424,40.18046407133679,-0.6941419201907675,1.1609627482052585,0.047006774497240014,0.0002815144562041433,8.852819501374807,-1.3121263578422842,1.1420347184908992
[Li]C#Cc1ccc(OC)cc1,carbanion,38.674182634127305,3.299261969138614,32.383378186379844,45.81363902509571,18.292914019418152,2.5662306425718344,173.86621775863824,0.45683372066353756,74053.5307089684,2.248376200319725,1.307079799674243,3.5391833696210684,0.013659398079902973,1034.3124648601763,0.5611432193123735,1.2353353994760776,0.19592869355853046,0.0009000135942067753,44.899496998627384,-0.7077316662568994,1.1900317186786535,0.04750843337515058,0.00022922130359684015,9.403126319624313,-1.327885488935241,1.1708966803824108
[Li]c1ccc(Cl)cc1,ArLi,37.864397217279866,3.637502436778081,30.955390998444127,45.52078199740658,18.006318297393218,2.675068816157674,148.8968276543004,0.3233975159562866,58811.25419708472,2.156084865538045,1.3164321562545809,3.200889378434833,0.010414901526280836,873.095179185662,0.5041802759738805,1.2414479693046152,0.18045376785804684,0.0007606496933022086,39.91532424645568,-0.7381260745119583,1.1958814728745357,0.04507448318510099,0.00019089754021333542,9.075856661761975,-1.345294709460335,1.1773766668331522
[Li]c1ccc(F)cc1,ArLi,37.83897877297032,3.5496635452787957,30.81717575899727,45.15967340677448,18.00124064199612,2.611803262149591,139.68432841254247,0.3513840539502046,66835.94219745492,2.1514862136984676,1.297851404062283,3.127506782267636,0.01170691704717394,951.2163171867752,0.5006905509336285,1.22328385278437,0.1780584776406026,0.0007702828054165561,40.876079260626014,-0.7407818368562237,1.1775574900200214,0.044340165823486224,0.00021372755322908595,9.19747745912523,-1.3475428783060062,1.158816424384283
[Li]c1ccc(C(F)(F)F)cc1,ArLi,37.01269218118493,4.484916829397663,28.314084946827883,45.55343391569407,17.670095238087875,2.996123648178336,121.32361874406108,0.2415999222770135,67818.00592992471,2.074125629039767,1.3546578422590527,2.925959049562092,0.008852579721019141,1200.4184845270345,0.45937825209426963,1.270964053015647,0.18005366522411287,0.0006717781964412708,58.17627915269141,-0.754984207749131,1.224962296870267,0.04643539424122175,0.00018664689947529338,13.795140991658174,-1.3484954594523193,1.2083754016968844
[Li]c1cccc(Cl)c1,ArLi,38.13623478141654,3.382065452623072,31.58121584392082,45.32904445627011,18.06788585316397,2.5999451346689315,159.65618402475488,0.40674258183856754,80547.20559835494,2.202110187986795,1.321211245046506,3.45000588387097,0.012248790275783343,1242.4355393110113,0.5383461802669288,1.247833434856055,0.19303509728928175,0.0008600042589681421,53.73954642242519,-0.712878984647401,1.2016676087646643,0.047636664092021774,0.00022932786322993692,12.412892884883705,-1.3244066284503866,1.1822416820127086
[Li]c1cccnc1,ArLi,38.364105786636,3.295317504137793,32.1662915888977,45.52261265617956,18.106077711590697,2.581812841500382,179.8967107762576,0.5213627637131637,61558.57474341491,2.246518754396489,1.2839328319386019,3.8102375769084067,0.014299193467647568,921.6991191497729,0.5728134512377814,1.2159665192098303,0.209257803245197,0.0009369072769086768,39.80167661232075,-0.6858880137811371,1.1738944456120215,0.051298849693962305,0.0002390657500884753,9.065506982563065,-1.3010696475417463,1.1564567092627271
[Li]c1cc(C)cc(C)c1,ArLi,38.96254582156017,3.375926017644413,32.43427021293395,46.42872262957263,18.442075108489515,2.595382083161127,181.32921501691663,0.4577309596829276,78983.25272553673,2.2607836096781093,1.3090736768317528,3.6166718694891546,0.011650777872863033,973.6903864105556,0.5609702495339068,1.2369491290086119,0.19372047601377496,0.0007312543846530656,40.910277990308224,-0.7173656454616748,1.1918581855682213,0.04644640929289279,0.00019340815213706242,8.673467796995908,-1.342143471049089,1.1729990029257746
[Li]c1ccc(C(F)(F)F)cc1C,ArLi,36.910222736116005,4.479093812700273,27.752175248823423,45.39036512723129,17.671366823784506,3.0728530271661674,114.74517147950141,0.1655640554378281,66710.01885933639,2.046145008781691,1.4006527023366206,2.769728857357664,0.006644880450247932,1124.6987233399789,0.4358680515190461,1.3176683577873505,0.17193474226838487,0.0005259409139513511,55.97885791914919,-0.7751324521941827,1.2715807870133111,0.04378506682696095,0.00014087751783842888,12.21692576927064,-1.3670005710956152,1.2547145175812284
[Li]C#Cc1cccs1,carbanion,38.495203490507855,3.2524768890940425,32.27642504676347,45.65009644061189,18.239158114713,2.5216912389790975,164.57627808405263,0.5173053621023443,74624.19443206396,2.2238140798251096,1.289230639762008,3.488652821352397,0.013576301468728518,1010.4346830128881,0.544389396070838,1.2179057658336074,0.1889125666156562,0.0009385138854931462,43.09019079527727,-0.7186132997089857,1.172749830704799,0.04585488132888796,0.00023397235262946815,9.032699673120215,-1.3358971302495402,1.1536320185362163
[Li]C#Cc1ccc(N(C)C)cc1,carbanion,39.68568571151066,3.8319513373765233,32.89171757786823,48.08531520458082,18.666935705095536,2.7823310369078578,225.58876411129887,0.5363386872556101,119810.91097355752,2.356693438213225,1.3441455671720168,4.381400288266482,0.012957905156049944,1315.2551880618817,0.6253317585156611,1.267559643919174,0.2218869477869595,0.0007763556401998835,50.52524518182054,-0.6767298879403228,1.2219280009737674,0.05226722132600568,0.0001837118168276276,10.814744292510245,-1.3131035104273527,1.2037807586008558
[Li]C#Cc1ccc(OC)c(OC)c1,carbanion,38.35422324669306,3.3231803405518296,31.88875574764943,45.56188911587495,18.205289281111583,2.5630330370359933,158.841964343979,0.41415410163656496,55977.818550004675,2.200786420977356,1.2928677779356001,3.3749534364096574,0.01186543564098695,826.1774461066547,0.527512261961644,1.2219136533058352,0.18694788918727867,0.0008976805526629792,35.70969907285837,-0.7308649633219999,1.1775303496418021,0.04557568849260398,0.0002372461093513352,8.23744473001636,-1.3458881271549734,1.1589558472650112
[Li]C#Cc1c(C)cc(C)cc1C,carbanion,38.618953384535025,3.2473969098718696,32.39043137166299,45.70431243977581,18.25761483251792,2.531963289240757,170.0871170257666,0.5454721229678836,76574.36941384236,2.2489230236832873,1.2871014249068573,3.58401713330319,0.014642786688422787,962.5868135655471,0.5640995211724801,1.2168079160834022,0.1942022477064278,0.0009501726152481646,44.20814318742,-0.7029633284859255,1.1724767041077215,0.047031655226710704,0.00025226550163447473,9.538883662647683,-1.3222315311478774,1.1537737008733648
