smi,name,subclass,T_C,tmax,log_tmax,k_f,k_d,censored,model,q_C,d_LiC,%Vbur,BDE,Gsolv,HOMO,eta,fukui,B1,B5,L,vol,dipole,q_Li
[Li]/C=C/c1ccccc1,(E)-β-styryllithium,other,0.0,0.000863431,-3.0637723628059375,13724.8,0.0979396,False,competing,-0.2663,1.8878,0.2219,418.5,-64.57000000000001,-8.721,2.7939999999999996,-0.095,1.82,6.1889,4.1078,145.03,5.664,0.3918
[Li]/C=C/c1ccccc1,(E)-β-styryllithium,other,20.0,0.0129432,-1.8879583380002316,763.567,0.0389876,False,competing,-0.2663,1.8878,0.2219,418.5,-64.57000000000001,-8.721,2.7939999999999996,-0.095,1.82,6.1889,4.1078,145.03,5.664,0.3918
[Li]C(F)(F)C(F)(F)C(F)(F)C(F)(F)C(F)(F)C(F)(F)F,tridecafluorohexyllithium,other,-78.0,0.337379,-0.4718819533650172,15.7327,0.0800466,False,competing,0.0221,2.0188,0.3632,609.9,-46.89,-11.107,4.017999999999999,-0.1126,1.82,7.1142,4.2388,214.55,7.323,0.6088
[Li]C(F)(F)C(F)(F)C(F)(F)C(F)(F)C(F)(F)C(F)(F)F,tridecafluorohexyllithium,other,-68.0,0.217115,-0.6633101710541477,19.9186,0.280237,False,competing,0.0221,2.0188,0.3632,609.9,-46.89,-11.107,4.017999999999999,-0.1126,1.82,7.1142,4.2388,214.55,7.323,0.6088
[Li]C(F)(F)C(F)(F)C(F)(F)C(F)(F)C(F)(F)C(F)(F)F,tridecafluorohexyllithium,other,-58.0,0.177348,-0.7511737048174201,17.1075,0.979459,False,competing,0.0221,2.0188,0.3632,609.9,-46.89,-11.107,4.017999999999999,-0.1126,1.82,7.1142,4.2388,214.55,7.323,0.6088
[Li]C(F)(F)C(F)(F)C(F)(F)C(F)(F)C(F)(F)C(F)(F)F,tridecafluorohexyllithium,other,-48.0,0.0140132,-1.8534626795856084,307.942,4.37529,False,competing,0.0221,2.0188,0.3632,609.9,-46.89,-11.107,4.017999999999999,-0.1126,1.82,7.1142,4.2388,214.55,7.323,0.6088
[Li]C(F)I,fluoroiodomethyllithium,other,-78.0,0.10968734992529501,-0.9598434560572576,85.0292,,True,formation_only,-0.1104,2.0024,0.3268,490.1,-53.33,-9.599,2.867,-0.052,1.82,4.2062,4.2224,97.09,5.961,0.5943
[Li]C(F)I,fluoroiodomethyllithium,other,-60.0,0.049839,-1.3024306802100194,175.573,0.0278491,False,competing,-0.1104,2.0024,0.3268,490.1,-53.33,-9.599,2.867,-0.052,1.82,4.2062,4.2224,97.09,5.961,0.5943
[Li]C(F)I,fluoroiodomethyllithium,other,-40.0,0.0395489,-1.402865591321138,136.639,0.630234,False,competing,-0.1104,2.0024,0.3268,490.1,-53.33,-9.599,2.867,-0.052,1.82,4.2062,4.2224,97.09,5.961,0.5943
[Li]C(F)I,fluoroiodomethyllithium,other,-20.0,0.0178307,-1.7488316068992444,272.06,2.21325,False,competing,-0.1104,2.0024,0.3268,490.1,-53.33,-9.599,2.867,-0.052,1.82,4.2062,4.2224,97.09,5.961,0.5943
[Li]C1(C)OC1c1ccccc1,oxiranyllithium,oxiranylLi,-78.0,7.5504567816052885,0.8779732260304917,0.582746,,True,formation_only,-0.1484,1.8798,0.2868,464.3,-67.46000000000001,-8.743,2.966,-0.094,1.82,6.0129,4.0998,169.23,4.5920000000000005,0.4921
[Li]C1(C)OC1c1ccccc1,oxiranyllithium,oxiranylLi,-68.0,26.785055481430536,1.427892550289023,0.106126,,True,formation_only,-0.1484,1.8798,0.2868,464.3,-67.46000000000001,-8.743,2.966,-0.094,1.82,6.0129,4.0998,169.23,4.5920000000000005,0.4921
[Li]C1(C)OC1c1ccccc1,oxiranyllithium,oxiranylLi,-58.0,3.9443395403207893,0.5959742932216595,1.31491,,True,formation_only,-0.1484,1.8798,0.2868,464.3,-67.46000000000001,-8.743,2.966,-0.094,1.82,6.0129,4.0998,169.23,4.5920000000000005,0.4921
[Li]C1(C)OC1c1ccccc1,oxiranyllithium,oxiranylLi,-48.0,1.9801583857525644,0.2966999293056234,3.03393,,True,formation_only,-0.1484,1.8798,0.2868,464.3,-67.46000000000001,-8.743,2.966,-0.094,1.82,6.0129,4.0998,169.23,4.5920000000000005,0.4921
[Li]C1(C)OC1c1ccccc1,oxiranyllithium,oxiranylLi,-38.0,1.79531,0.2541394499422963,2.67149,0.0230009,False,competing,-0.1484,1.8798,0.2868,464.3,-67.46000000000001,-8.743,2.966,-0.094,1.82,6.0129,4.0998,169.23,4.5920000000000005,0.4921
[Li]C1(C)OC1c1ccccc1,oxiranyllithium,oxiranylLi,-28.0,0.256795,-0.5904134365749504,28.7699,0.0178803,False,competing,-0.1484,1.8798,0.2868,464.3,-67.46000000000001,-8.743,2.966,-0.094,1.82,6.0129,4.0998,169.23,4.5920000000000005,0.4921
[Li]C1(C)OC1c1ccccc1,oxiranyllithium,oxiranylLi,-18.0,0.148455,-0.8284051706793124,43.7339,0.0669078,False,competing,-0.1484,1.8798,0.2868,464.3,-67.46000000000001,-8.743,2.966,-0.094,1.82,6.0129,4.0998,169.23,4.5920000000000005,0.4921
[Li]C1(C)OC1c1ccccc1,oxiranyllithium,oxiranylLi,0.0,0.0483405,-1.3156888618696605,101.783,0.770949,False,competing,-0.1484,1.8798,0.2868,464.3,-67.46000000000001,-8.743,2.966,-0.094,1.82,6.0129,4.0998,169.23,4.5920000000000005,0.4921
[Li]C1(C)OC1c1ccccc1,oxiranyllithium,oxiranylLi,24.0,0.0306284,-1.5138756897530241,86.104,7.83193,False,competing,-0.1484,1.8798,0.2868,464.3,-67.46000000000001,-8.743,2.966,-0.094,1.82,6.0129,4.0998,169.23,4.5920000000000005,0.4921
[Li]C1([Si](c2ccccc2)(c2ccccc2)c2ccccc2)CO1,1-triphenylsilyloxiranyllithium,oxiranylLi,-27.0,6.882710926858819,0.8377595296138178,0.655681,,True,formation_only,-0.2375,1.9299,0.3765,435.2000000000001,-93.45,-8.539,2.42,-0.0731,2.6715,7.4684,4.5803,322.98,5.214,0.5304
[Li]C1([Si](c2ccccc2)(c2ccccc2)c2ccccc2)CO1,1-triphenylsilyloxiranyllithium,oxiranylLi,-10.0,3.384252627407402,0.5294627747552613,1.58681,,True,formation_only,-0.2375,1.9299,0.3765,435.2000000000001,-93.45,-8.539,2.42,-0.0731,2.6715,7.4684,4.5803,322.98,5.214,0.5304
[Li]C1([Si](c2ccccc2)(c2ccccc2)c2ccccc2)CO1,1-triphenylsilyloxiranyllithium,oxiranylLi,0.0,2.15361,0.33316705913690664,2.85028,0.00623522,False,competing,-0.2375,1.9299,0.3765,435.2000000000001,-93.45,-8.539,2.42,-0.0731,2.6715,7.4684,4.5803,322.98,5.214,0.5304
[Li]C1([Si](c2ccccc2)(c2ccccc2)c2ccccc2)CO1,1-triphenylsilyloxiranyllithium,oxiranylLi,24.0,0.0817191,-1.0876764250448037,84.4581,0.0855557,False,competing,-0.2375,1.9299,0.3765,435.2000000000001,-93.45,-8.539,2.42,-0.0731,2.6715,7.4684,4.5803,322.98,5.214,0.5304
[Li]C1(c2ccc(C)cc2)CO1,lithium 4-methylstyrene oxide,oxiranylLi,-78.0,14.745442009003005,1.1686577954835309,0.242687,,True,formation_only,-0.1418,1.8958,0.3156,451.8,-66.56,-8.699,2.793,-0.0755,1.82,6.9968,4.1158,169.35,4.647,0.5036
[Li]C1(c2ccc(C)cc2)CO1,lithium 4-methylstyrene oxide,oxiranylLi,-68.0,4.39827,0.6432818862141508,0.574445,0.0597066,False,competing,-0.1418,1.8958,0.3156,451.8,-66.56,-8.699,2.793,-0.0755,1.82,6.9968,4.1158,169.35,4.647,0.5036
[Li]C1(c2ccc(C)cc2)CO1,lithium 4-methylstyrene oxide,oxiranylLi,-58.0,1.29884,0.11355565500152819,2.01777,0.18719,False,competing,-0.1418,1.8958,0.3156,451.8,-66.56,-8.699,2.793,-0.0755,1.82,6.9968,4.1158,169.35,4.647,0.5036
[Li]C1(c2ccc(C)cc2)CO1,lithium 4-methylstyrene oxide,oxiranylLi,-48.0,0.0193307,-1.7137524190892455,297.714,0.960491,False,competing,-0.1418,1.8958,0.3156,451.8,-66.56,-8.699,2.793,-0.0755,1.82,6.9968,4.1158,169.35,4.647,0.5036
[Li]C1(c2ccc(C)cc2)CO1,lithium 4-methylstyrene oxide,oxiranylLi,-38.0,0.00880427,-2.0553066474326265,633.477,2.44851,False,competing,-0.1418,1.8958,0.3156,451.8,-66.56,-8.699,2.793,-0.0755,1.82,6.9968,4.1158,169.35,4.647,0.5036
[Li]C1(c2ccc(Cl)cc2)CO1,lithium oxiranyl anion,oxiranylLi,-78.0,2.0823842348704336,0.3185608671955443,2.85641,,True,formation_only,-0.1381,1.8998,0.3076,458.7000000000001,-69.94,-9.082,2.8360000000000003,-0.0736,1.8527,6.6822,4.1198,168.06,7.178,0.5165000000000001
[Li]C1(c2ccc(Cl)cc2)CO1,lithium oxiranyl anion,oxiranylLi,-68.0,1.35526,0.13202262047489452,4.36697,0.0119368,False,competing,-0.1381,1.8998,0.3076,458.7000000000001,-69.94,-9.082,2.8360000000000003,-0.0736,1.8527,6.6822,4.1198,168.06,7.178,0.5165000000000001
[Li]C1(c2ccc(Cl)cc2)CO1,lithium oxiranyl anion,oxiranylLi,-58.0,0.675892,-0.1701226939270005,6.95919,0.0659385,False,competing,-0.1381,1.8998,0.3076,458.7000000000001,-69.94,-9.082,2.8360000000000003,-0.0736,1.8527,6.6822,4.1198,168.06,7.178,0.5165000000000001
[Li]C1(c2ccc(Cl)cc2)CO1,lithium oxiranyl anion,oxiranylLi,-48.0,0.442561,-0.35402686024849667,7.90366,0.26948,False,competing,-0.1381,1.8998,0.3076,458.7000000000001,-69.94,-9.082,2.8360000000000003,-0.0736,1.8527,6.6822,4.1198,168.06,7.178,0.5165000000000001
[Li]C1(c2ccc(Cl)cc2)CO1,lithium oxiranyl anion,oxiranylLi,-38.0,0.00961132,-2.0172169630756267,617.792,1.65577,False,competing,-0.1381,1.8998,0.3076,458.7000000000001,-69.94,-9.082,2.8360000000000003,-0.0736,1.8527,6.6822,4.1198,168.06,7.178,0.5165000000000001
[Li]C1(c2ccc3ccccc3c2)CO1,lithiated 2-(2-naphthyl)ethylene oxide,oxiranylLi,-78.0,8.32930821276576,0.9206089327567791,0.51386,,True,formation_only,-0.1381,1.8992,0.3164,451.4,-72.85000000000001,-8.822000000000001,2.3480000000000008,-0.0633,1.82,7.2236,4.1192,196.45,5.5840000000000005,0.5085000000000001
[Li]C1(c2ccc3ccccc3c2)CO1,lithiated 2-(2-naphthyl)ethylene oxide,oxiranylLi,-68.0,1.92885,0.2852984553757464,2.81578,0.0126306,False,competing,-0.1381,1.8992,0.3164,451.4,-72.85000000000001,-8.822000000000001,2.3480000000000008,-0.0633,1.82,7.2236,4.1192,196.45,5.5840000000000005,0.5085000000000001
[Li]C1(c2ccc3ccccc3c2)CO1,lithiated 2-(2-naphthyl)ethylene oxide,oxiranylLi,-58.0,0.993903,-0.002655998520543402,4.0474,0.0783322,False,competing,-0.1381,1.8992,0.3164,451.4,-72.85000000000001,-8.822000000000001,2.3480000000000008,-0.0633,1.82,7.2236,4.1192,196.45,5.5840000000000005,0.5085000000000001
[Li]C1(c2ccc3ccccc3c2)CO1,lithiated 2-(2-naphthyl)ethylene oxide,oxiranylLi,-48.0,0.410006,-0.3872097877977645,8.34208,0.309749,False,competing,-0.1381,1.8992,0.3164,451.4,-72.85000000000001,-8.822000000000001,2.3480000000000008,-0.0633,1.82,7.2236,4.1192,196.45,5.5840000000000005,0.5085000000000001
[Li]C1(c2ccc3ccccc3c2)CO1,lithiated 2-(2-naphthyl)ethylene oxide,oxiranylLi,-38.0,0.00795009,-2.0996279548300545,797.406,1.42366,False,competing,-0.1381,1.8992,0.3164,451.4,-72.85000000000001,-8.822000000000001,2.3480000000000008,-0.0633,1.82,7.2236,4.1192,196.45,5.5840000000000005,0.5085000000000001
[Li]C1OC1c1ccccc1,lithium oxiranyl anion,oxiranylLi,-78.0,11.70666431509627,1.0684331652757224,0.329957,,True,formation_only,-0.1795,1.8829,0.3838,489.1,-61.63,-8.66,2.441,-0.0915,1.82,6.4333,4.7172,149.98,4.283,0.4727
[Li]C1OC1c1ccccc1,lithium oxiranyl anion,oxiranylLi,-68.0,5.63516,0.7509062515499365,0.818731,0.00851706,False,competing,-0.1795,1.8829,0.3838,489.1,-61.63,-8.66,2.441,-0.0915,1.82,6.4333,4.7172,149.98,4.283,0.4727
[Li]C1OC1c1ccccc1,lithium oxiranyl anion,oxiranylLi,-58.0,2.05756,0.3133525084233013,1.7113,0.0568802,False,competing,-0.1795,1.8829,0.3838,489.1,-61.63,-8.66,2.441,-0.0915,1.82,6.4333,4.7172,149.98,4.283,0.4727
[Li]C1OC1c1ccccc1,lithium oxiranyl anion,oxiranylLi,-48.0,0.804441,-0.09450580279435508,3.76473,0.216894,False,competing,-0.1795,1.8829,0.3838,489.1,-61.63,-8.66,2.441,-0.0915,1.82,6.4333,4.7172,149.98,4.283,0.4727
[Li]C1OC1c1ccccc1,lithium oxiranyl anion,oxiranylLi,-38.0,0.00860223,-2.0653889497852442,762.21,1.09299,False,competing,-0.1795,1.8829,0.3838,489.1,-61.63,-8.66,2.441,-0.0915,1.82,6.4333,4.7172,149.98,4.283,0.4727
[Li]CCCC1CO1,3-(oxiran-2-yl)propyllithium,oxiranylLi,-78.0,0.0378731,-1.4216691454259653,260.007,0.0137593,False,competing,-0.2957,1.9226,0.2258,375.2000000000001,-60.35,-8.205,2.856,-0.1009,1.82,5.095,4.1426,131.66,4.117,0.4016
[Li]CCCC1CO1,3-(oxiran-2-yl)propyllithium,oxiranylLi,-60.0,0.0153591,-1.8136342319923509,648.51,0.0306424,False,competing,-0.2957,1.9226,0.2258,375.2000000000001,-60.35,-8.205,2.856,-0.1009,1.82,5.095,4.1426,131.66,4.117,0.4016
[Li]CCCC1CO1,3-(oxiran-2-yl)propyllithium,oxiranylLi,-40.0,0.000976578,-3.0102930635724983,12441.4,0.0657976,False,competing,-0.2957,1.9226,0.2258,375.2000000000001,-60.35,-8.205,2.856,-0.1009,1.82,5.095,4.1426,131.66,4.117,0.4016
[Li]CCCC1CO1,3-(oxiran-2-yl)propyllithium,oxiranylLi,-20.0,0.00554419,-2.256161894821641,1595.85,0.229639,False,competing,-0.2957,1.9226,0.2258,375.2000000000001,-60.35,-8.205,2.856,-0.1009,1.82,5.095,4.1426,131.66,4.117,0.4016
[Li]CCCC1CO1,3-(oxiran-2-yl)propyllithium,oxiranylLi,0.0,0.000571956,-3.2426373797597754,18216.8,0.544003,False,competing,-0.2957,1.9226,0.2258,375.2000000000001,-60.35,-8.205,2.856,-0.1009,1.82,5.095,4.1426,131.66,4.117,0.4016
[Li]CF,fluoromethyllithium,other,-78.0,9.79696e-05,-4.008908665128079,142270.0,0.125852,False,competing,-0.1694,1.9058,0.2315,473.8,-44.91,-8.825000000000001,3.3290000000000006,-0.0946,1.82,2.803,4.1258,67.85,4.287,0.4727
[Li]CF,fluoromethyllithium,other,-60.0,0.0011401,-2.943057054327123,7250.51,1.86759,False,competing,-0.1694,1.9058,0.2315,473.8,-44.91,-8.825000000000001,3.3290000000000006,-0.0946,1.82,2.803,4.1258,67.85,4.287,0.4727
[Li]CF,fluoromethyllithium,other,-40.0,0.0101538,-1.9933713951713004,475.933,3.94647,False,competing,-0.1694,1.9058,0.2315,473.8,-44.91,-8.825000000000001,3.3290000000000006,-0.0946,1.82,2.803,4.1258,67.85,4.287,0.4727
[Li]CF,fluoromethyllithium,other,-20.0,0.00010765,-3.967985965840494,54010.3,164.082,False,competing,-0.1694,1.9058,0.2315,473.8,-44.91,-8.825000000000001,3.3290000000000006,-0.0946,1.82,2.803,4.1258,67.85,4.287,0.4727
[Li]CSCc1ccccc1,lithium carbenoid,other,-78.0,0.020157019351369827,-1.6955736872540992,555.805,,True,formation_only,-0.223,1.9412,0.3142,370.4,-68.34,-8.444,2.2190000000000003,0.0127,1.82,8.8104,4.6735,168.01,5.300000000000001,0.4641
[Li]CSCc1ccccc1,lithium carbenoid,other,-60.0,0.014433364163494368,-1.8406324306973931,801.58,,True,formation_only,-0.223,1.9412,0.3142,370.4,-68.34,-8.444,2.2190000000000003,0.0127,1.82,8.8104,4.6735,168.01,5.300000000000001,0.4641
[Li]CSCc1ccccc1,lithium carbenoid,other,-40.0,0.00634682,-2.19744381838925,1776.41,0.0225487,False,competing,-0.223,1.9412,0.3142,370.4,-68.34,-8.444,2.2190000000000003,0.0127,1.82,8.8104,4.6735,168.01,5.300000000000001,0.4641
[Li]CSCc1ccccc1,lithium carbenoid,other,-20.0,0.000918553,-3.0368957800838383,11585.8,0.276831,False,competing,-0.223,1.9412,0.3142,370.4,-68.34,-8.444,2.2190000000000003,0.0127,1.82,8.8104,4.6735,168.01,5.300000000000001,0.4641
[Li]Cc1ccc(C(=O)CC)cc1,p-propanoylbenzyllithium,other,-78.0,0.000104742,-3.979879137703283,148517.0,0.026054,False,competing,-0.253,1.9742,0.3144,361.2000000000001,-83.09,-8.918000000000001,2.1060000000000008,-0.0572,1.82,9.8095,4.1942,187.87,7.335,0.4906
[Li]Cc1ccc(C(=O)CC)cc1,p-propanoylbenzyllithium,other,-60.0,0.000100405,-3.9982446595182823,155402.0,0.0260086,False,competing,-0.253,1.9742,0.3144,361.2000000000001,-83.09,-8.918000000000001,2.1060000000000008,-0.0572,1.82,9.8095,4.1942,187.87,7.335,0.4906
[Li]Cc1ccc(C(=O)CC)cc1,p-propanoylbenzyllithium,other,-40.0,0.000620943,-3.206948264431515,21919.5,0.0269001,False,competing,-0.253,1.9742,0.3144,361.2000000000001,-83.09,-8.918000000000001,2.1060000000000008,-0.0572,1.82,9.8095,4.1942,187.87,7.335,0.4906
[Li]Cc1ccc(C(=O)CC)cc1,p-propanoylbenzyllithium,other,-20.0,0.000110617,-3.95617812403638,138003.0,0.0323718,False,competing,-0.253,1.9742,0.3144,361.2000000000001,-83.09,-8.918000000000001,2.1060000000000008,-0.0572,1.82,9.8095,4.1942,187.87,7.335,0.4906
[Li]Cc1ccc(C(=O)CC)cc1,p-propanoylbenzyllithium,other,0.0,0.000185577,-3.7314758502726058,77753.0,0.0420919,False,competing,-0.253,1.9742,0.3144,361.2000000000001,-83.09,-8.918000000000001,2.1060000000000008,-0.0572,1.82,9.8095,4.1942,187.87,7.335,0.4906
[Li]Cc1ccc(C=O)cc1,p-formylbenzyllithium,other,-78.0,0.000260445,-3.5842839756981806,57093.8,0.0198936,False,competing,-0.2499,1.9785,0.3163,363.5,-78.10000000000001,-9.094,2.0599999999999996,-0.0616,1.82,7.8537,4.1985,154.14,8.455,0.5015000000000001
[Li]Cc1ccc(C=O)cc1,p-formylbenzyllithium,other,-60.0,0.00012348,-3.9084033791899424,126121.0,0.0217448,False,competing,-0.2499,1.9785,0.3163,363.5,-78.10000000000001,-9.094,2.0599999999999996,-0.0616,1.82,7.8537,4.1985,154.14,8.455,0.5015000000000001
[Li]Cc1ccc(C=O)cc1,p-formylbenzyllithium,other,-40.0,0.000121526,-3.9153307965632735,121945.0,0.0446827,False,competing,-0.2499,1.9785,0.3163,363.5,-78.10000000000001,-9.094,2.0599999999999996,-0.0616,1.82,7.8537,4.1985,154.14,8.455,0.5015000000000001
[Li]Cc1ccc(C=O)cc1,p-formylbenzyllithium,other,-20.0,0.000122082,-3.913348364531323,119318.0,0.0563024,False,competing,-0.2499,1.9785,0.3163,363.5,-78.10000000000001,-9.094,2.0599999999999996,-0.0616,1.82,7.8537,4.1985,154.14,8.455,0.5015000000000001
[Li]Cc1ccc(C=O)cc1,p-formylbenzyllithium,other,0.0,5.08339e-05,-4.293846569748306,217468.0,3.43925,False,competing,-0.2499,1.9785,0.3163,363.5,-78.10000000000001,-9.094,2.0599999999999996,-0.0616,1.82,7.8537,4.1985,154.14,8.455,0.5015000000000001
[Li][C@@]1(c2ccccc2)O[C@@H]1c1ccccc1,"lithium (2R*,3S*)-2,3-diphenyloxiran-2-ide",oxiranylLi,-48.0,0.1739850835707232,-0.7594879839048384,50.6287,,True,formation_only,-0.1426,1.9055,0.3176,451.6,-76.05,-8.807,2.7760000000000007,-0.0764,1.82,5.7256,4.1255,224.7,5.307,0.5059
[Li][C@@]1(c2ccccc2)O[C@@H]1c1ccccc1,"lithium (2R*,3S*)-2,3-diphenyloxiran-2-ide",oxiranylLi,-28.0,0.08186795189320831,-1.0868860743057391,117.914,,True,formation_only,-0.1426,1.9055,0.3176,451.6,-76.05,-8.807,2.7760000000000007,-0.0764,1.82,5.7256,4.1255,224.7,5.307,0.5059
[Li][C@@]1(c2ccccc2)O[C@@H]1c1ccccc1,"lithium (2R*,3S*)-2,3-diphenyloxiran-2-ide",oxiranylLi,0.0,0.0332578,-1.478106482701012,246.174,0.0686402,False,competing,-0.1426,1.9055,0.3176,451.6,-76.05,-8.807,2.7760000000000007,-0.0764,1.82,5.7256,4.1255,224.7,5.307,0.5059
[Li][C@@]1(c2ccccc2)O[C@@H]1c1ccccc1,"lithium (2R*,3S*)-2,3-diphenyloxiran-2-ide",oxiranylLi,24.0,0.0217817,-1.6619082278030468,253.461,1.03768,False,competing,-0.1426,1.9055,0.3176,451.6,-76.05,-8.807,2.7760000000000007,-0.0764,1.82,5.7256,4.1255,224.7,5.307,0.5059
[Li][C@]1(c2ccccc2)CN1S(=O)(=O)C(C)(C)C,lithiated 1-tert-butylsulfonyl-2-phenylaziridine,other,-48.0,4.7729785414198265,0.678789481849188,1.0385,,True,formation_only,-0.168,2.0174000000000003,0.4385,580.6,-79.93,-8.871,3.2920000000000007,-0.0966,2.616,6.8153,4.5793,253.32,4.993,0.5537000000000001
[Li][C@]1(c2ccccc2)CN1S(=O)(=O)C(C)(C)C,lithiated 1-tert-butylsulfonyl-2-phenylaziridine,other,-38.0,2.684998529223714,0.4289440521397829,2.10298,,True,formation_only,-0.168,2.0174000000000003,0.4385,580.6,-79.93,-8.871,3.2920000000000007,-0.0966,2.616,6.8153,4.5793,253.32,4.993,0.5537000000000001
[Li][C@]1(c2ccccc2)CN1S(=O)(=O)C(C)(C)C,lithiated 1-tert-butylsulfonyl-2-phenylaziridine,other,-28.0,1.50928,0.17876981709464687,2.99278,0.0344326,False,competing,-0.168,2.0174000000000003,0.4385,580.6,-79.93,-8.871,3.2920000000000007,-0.0966,2.616,6.8153,4.5793,253.32,4.993,0.5537000000000001
[Li][C@]1(c2ccccc2)CN1S(=O)(=O)C(C)(C)C,lithiated 1-tert-butylsulfonyl-2-phenylaziridine,other,-18.0,0.665457,-0.17688000219691166,6.62547,0.0853269,False,competing,-0.168,2.0174000000000003,0.4385,580.6,-79.93,-8.871,3.2920000000000007,-0.0966,2.616,6.8153,4.5793,253.32,4.993,0.5537000000000001
[Li][C@]1(c2ccccc2)OC1(C)c1ccccc1,oxiranyllithium intermediate,oxiranylLi,-48.0,6.997330217065822,0.844932369562496,0.642066,,True,formation_only,-0.146,1.8958,0.3381,458.1,-81.12,-8.719,2.868999999999999,-0.0785,2.3051,5.9918,4.1158,239.79,5.4910000000000005,0.4872
[Li][C@]1(c2ccccc2)OC1(C)c1ccccc1,oxiranyllithium intermediate,oxiranylLi,-28.0,5.293961823518998,0.7237808051378231,0.912643,,True,formation_only,-0.146,1.8958,0.3381,458.1,-81.12,-8.719,2.868999999999999,-0.0785,2.3051,5.9918,4.1158,239.79,5.4910000000000005,0.4872
[Li][C@]1(c2ccccc2)OC1(C)c1ccccc1,oxiranyllithium intermediate,oxiranylLi,0.0,1.34868,0.12990891726267792,5.49824,0.00332453,False,competing,-0.146,1.8958,0.3381,458.1,-81.12,-8.719,2.868999999999999,-0.0785,2.3051,5.9918,4.1158,239.79,5.4910000000000005,0.4872
[Li][C@]1(c2ccccc2)OC1(C)c1ccccc1,oxiranyllithium intermediate,oxiranylLi,24.0,0.0956599,-1.0192700774622867,77.0049,0.0489119,False,competing,-0.146,1.8958,0.3381,458.1,-81.12,-8.719,2.868999999999999,-0.0785,2.3051,5.9918,4.1158,239.79,5.4910000000000005,0.4872
[Li]c1c(C)oc2ccccc12,2-methylbenzofuran-3-yllithium,m+p ArLi,-48.0,1.7841204265877397,0.2514241655319021,3.43626,,True,formation_only,-0.2851,1.875,0.2876,459.9,-69.10000000000001,-9.14,3.3920000000000003,-0.0736,1.82,6.1123,4.095,159.5,5.627,0.4184
[Li]c1c(C)oc2ccccc12,2-methylbenzofuran-3-yllithium,m+p ArLi,-28.0,0.22398,-0.6497907596900518,27.472,0.059206,False,competing,-0.2851,1.875,0.2876,459.9,-69.10000000000001,-9.14,3.3920000000000003,-0.0736,1.82,6.1123,4.095,159.5,5.627,0.4184
[Li]c1c(C)oc2ccccc12,2-methylbenzofuran-3-yllithium,m+p ArLi,0.0,0.0527512,-1.2777676564577471,85.7055,0.981809,False,competing,-0.2851,1.875,0.2876,459.9,-69.10000000000001,-9.14,3.3920000000000003,-0.0736,1.82,6.1123,4.095,159.5,5.627,0.4184
[Li]c1c(C)oc2ccccc12,2-methylbenzofuran-3-yllithium,m+p ArLi,24.0,0.00258868,-2.5869216316136074,2460.95,4.2577,False,competing,-0.2851,1.875,0.2876,459.9,-69.10000000000001,-9.14,3.3920000000000003,-0.0736,1.82,6.1123,4.095,159.5,5.627,0.4184
[Li]c1c(C)sc(-c2ccccc2)c1C,"3-lithio-2,4-dimethyl-5-phenylthiophene",o-ArLi,-48.0,1.5540638650666003,0.1914688623903043,4.04949,,True,formation_only,-0.2626,1.9007,0.2885,434.7000000000001,-79.06,-8.98,2.9220000000000006,-0.057,2.21,6.6886,4.1207,212.4,7.763,0.4156
[Li]c1c(C)sc(-c2ccccc2)c1C,"3-lithio-2,4-dimethyl-5-phenylthiophene",o-ArLi,-28.0,0.5505024800221262,-0.2592407201845122,13.6214,,True,formation_only,-0.2626,1.9007,0.2885,434.7000000000001,-79.06,-8.98,2.9220000000000006,-0.057,2.21,6.6886,4.1207,212.4,7.763,0.4156
[Li]c1c(C)sc(-c2ccccc2)c1C,"3-lithio-2,4-dimethyl-5-phenylthiophene",o-ArLi,0.0,0.17738080101294207,-0.7510933882548997,49.5367,,True,formation_only,-0.2626,1.9007,0.2885,434.7000000000001,-79.06,-8.98,2.9220000000000006,-0.057,2.21,6.6886,4.1207,212.4,7.763,0.4156
[Li]c1c(C)sc(-c2ccccc2)c1C,"3-lithio-2,4-dimethyl-5-phenylthiophene",o-ArLi,24.0,0.07667304158927692,-1.1153573081114694,126.856,,True,formation_only,-0.2626,1.9007,0.2885,434.7000000000001,-79.06,-8.98,2.9220000000000006,-0.057,2.21,6.6886,4.1207,212.4,7.763,0.4156
[Li]c1c(C)sc2ccccc12,3-lithio-2-methylbenzothiophene,o-ArLi,-48.0,0.00038260702133682123,-3.417247064366597,40489.6,,True,formation_only,-0.257,1.8887,0.2978,444.5,-68.92,-9.195,3.2090000000000005,-0.0696,1.8798,6.2543,4.1087,167.58,6.635,0.4283
[Li]c1c(C)sc2ccccc12,3-lithio-2-methylbenzothiophene,o-ArLi,-28.0,0.00014373637911041208,-3.8424332997337194,115043.0,,True,formation_only,-0.257,1.8887,0.2978,444.5,-68.92,-9.195,3.2090000000000005,-0.0696,1.8798,6.2543,4.1087,167.58,6.635,0.4283
[Li]c1c(C)sc2ccccc12,3-lithio-2-methylbenzothiophene,o-ArLi,0.0,0.203239,-0.6919929506223518,19.7789,0.383973,False,competing,-0.257,1.8887,0.2978,444.5,-68.92,-9.195,3.2090000000000005,-0.0696,1.8798,6.2543,4.1087,167.58,6.635,0.4283
[Li]c1c(C)sc2ccccc12,3-lithio-2-methylbenzothiophene,o-ArLi,24.0,0.0535304,-1.271399511386908,56.8736,3.21748,False,competing,-0.257,1.8887,0.2978,444.5,-68.92,-9.195,3.2090000000000005,-0.0696,1.8798,6.2543,4.1087,167.58,6.635,0.4283
[Li]c1cc(-c2ccccc2)sc1C,3-lithio-2-methyl-5-phenylthiophene,o-ArLi,-48.0,0.29546182619156314,-0.5294986222118208,27.7855,,True,formation_only,-0.2532,1.8999,0.2531,434.4,-79.94,-9.082,2.8290000000000006,-0.061,1.8497,6.2496,4.1199,196.0,7.805000000000001,0.4182
[Li]c1cc(-c2ccccc2)sc1C,3-lithio-2-methyl-5-phenylthiophene,o-ArLi,-28.0,0.12536858767470932,-0.9018112666032928,73.1997,,True,formation_only,-0.2532,1.8999,0.2531,434.4,-79.94,-9.082,2.8290000000000006,-0.061,1.8497,6.2496,4.1199,196.0,7.805000000000001,0.4182
[Li]c1cc(-c2ccccc2)sc1C,3-lithio-2-methyl-5-phenylthiophene,o-ArLi,0.0,0.07677894385376259,-1.1147578661914934,126.661,,True,formation_only,-0.2532,1.8999,0.2531,434.4,-79.94,-9.082,2.8290000000000006,-0.061,1.8497,6.2496,4.1199,196.0,7.805000000000001,0.4182
[Li]c1cc(-c2ccccc2)sc1C,3-lithio-2-methyl-5-phenylthiophene,o-ArLi,24.0,0.06836524433274001,-1.165164629722356,144.139,,True,formation_only,-0.2532,1.8999,0.2531,434.4,-79.94,-9.082,2.8290000000000006,-0.061,1.8497,6.2496,4.1199,196.0,7.805000000000001,0.4182
[Li]c1cc(Br)cc(Br)c1,"3,5-dibromophenyllithium",m+p ArLi,0.0,0.44588,-0.35078200754372857,9.87069,0.128167,False,competing,-0.2274,1.9204,0.229,438.2000000000001,-77.2,-9.757,3.308,-0.1049,1.8501,4.6858,4.1404,157.66,10.2,0.4687
[Li]c1ccc(-c2ccc(Br)cc2)cc1,"monolithiated 4,4'-dibromobiphenyl",o-ArLi,-78.0,1.418012314989671,0.1516800025740114,4.51385,,True,formation_only,-0.2294,1.9059,0.2298,410.9,-83.58,-8.9,2.407,-0.0945,2.1116,3.2391,4.1259,209.25,10.947,0.413
[Li]c1ccc(-c2ccc(Br)cc2)cc1,"monolithiated 4,4'-dibromobiphenyl",o-ArLi,-48.0,0.37397308706805793,-0.4271596506294449,21.2349,,True,formation_only,-0.2294,1.9059,0.2298,410.9,-83.58,-8.9,2.407,-0.0945,2.1116,3.2391,4.1259,209.25,10.947,0.413
[Li]c1ccc(-c2ccc(Br)cc2)cc1,"monolithiated 4,4'-dibromobiphenyl",o-ArLi,0.0,0.01122651890490082,-1.9497548879735696,1055.02,,True,formation_only,-0.2294,1.9059,0.2298,410.9,-83.58,-8.9,2.407,-0.0945,2.1116,3.2391,4.1259,209.25,10.947,0.413
[Li]c1ccc(-c2ccc(Br)cc2)cc1,"monolithiated 4,4'-dibromobiphenyl",o-ArLi,24.0,0.13712747811965517,-0.8628755109288677,66.1892,,True,formation_only,-0.2294,1.9059,0.2298,410.9,-83.58,-8.9,2.407,-0.0945,2.1116,3.2391,4.1259,209.25,10.947,0.413
[Li]c1ccc(Br)cc1,p-bromophenyllithium,m+p ArLi,-78.0,3.651229755513224,0.562439162013576,1.44586,,True,formation_only,-0.2311,1.9095,0.2295,420.9,-68.68,-9.158,3.252,-0.1157,1.85,3.2403,4.1295,137.58,10.151,0.4279
[Li]c1ccc(Br)cc1,p-bromophenyllithium,m+p ArLi,-60.0,0.7995376154290388,-0.09716109941120461,8.84034,,True,formation_only,-0.2311,1.9095,0.2295,420.9,-68.68,-9.158,3.252,-0.1157,1.85,3.2403,4.1295,137.58,10.151,0.4279
[Li]c1ccc(Br)cc1,p-bromophenyllithium,m+p ArLi,-48.0,0.0001412325054541928,-3.8500653364661086,117215.0,,True,formation_only,-0.2311,1.9095,0.2295,420.9,-68.68,-9.158,3.252,-0.1157,1.85,3.2403,4.1295,137.58,10.151,0.4279
[Li]c1ccc(Br)cc1,p-bromophenyllithium,m+p ArLi,-28.0,0.018634134856997185,-1.7296907658054537,605.855,,True,formation_only,-0.2311,1.9095,0.2295,420.9,-68.68,-9.158,3.252,-0.1157,1.85,3.2403,4.1295,137.58,10.151,0.4279
[Li]c1ccc(Br)cc1,p-bromophenyllithium,m+p ArLi,0.0,0.014553445468584626,-1.8370341770662,794.343,,True,formation_only,-0.2311,1.9095,0.2295,420.9,-68.68,-9.158,3.252,-0.1157,1.85,3.2403,4.1295,137.58,10.151,0.4279
[Li]c1ccc(Br)cc1,p-bromophenyllithium,m+p ArLi,20.0,0.020675094244149254,-1.6845525021081516,540.53,,True,formation_only,-0.2311,1.9095,0.2295,420.9,-68.68,-9.158,3.252,-0.1157,1.85,3.2403,4.1295,137.58,10.151,0.4279
[Li]c1ccc(C#N)cc1,p-cyanophenyllithium,m+p ArLi,-78.0,3.220800859869188,0.5079638734898083,1.68573,,True,formation_only,-0.2239,1.9132,0.2292,419.1,-75.28,-9.157,2.667,-0.1141,1.82,3.2413,4.1332,135.64,10.704,0.4272
[Li]c1ccc(C#N)cc1,p-cyanophenyllithium,m+p ArLi,-58.0,1.1816013113171533,0.07247096427536201,5.59756,,True,formation_only,-0.2239,1.9132,0.2292,419.1,-75.28,-9.157,2.667,-0.1141,1.82,3.2413,4.1332,135.64,10.704,0.4272
[Li]c1ccc(C#N)cc1,p-cyanophenyllithium,m+p ArLi,-48.0,0.2976326204554822,-0.5263194719586811,27.5549,,True,formation_only,-0.2239,1.9132,0.2292,419.1,-75.28,-9.157,2.667,-0.1141,1.82,3.2413,4.1332,135.64,10.704,0.4272
[Li]c1ccc(C#N)cc1,p-cyanophenyllithium,m+p ArLi,-28.0,0.028161331332485422,-1.550346817687427,384.771,,True,formation_only,-0.2239,1.9132,0.2292,419.1,-75.28,-9.157,2.667,-0.1141,1.82,3.2413,4.1332,135.64,10.704,0.4272
[Li]c1ccc(C#N)cc1,p-cyanophenyllithium,m+p ArLi,0.0,0.000104302,-3.981707363858837,136305.0,0.0912416,False,competing,-0.2239,1.9132,0.2292,419.1,-75.28,-9.157,2.667,-0.1141,1.82,3.2413,4.1332,135.64,10.704,0.4272
[Li]c1ccc(C#N)cc1,p-cyanophenyllithium,m+p ArLi,20.0,0.00383619,-2.4160998910978053,2642.59,0.104605,False,competing,-0.2239,1.9132,0.2292,419.1,-75.28,-9.157,2.667,-0.1141,1.82,3.2413,4.1332,135.64,10.704,0.4272
[Li]c1ccc(C(=O)OC(C)(C)C)cc1,tert-butyl p-lithiobenzoate,m+p ArLi,-78.0,0.07156696811916109,-1.1452873809558055,136.979,,True,formation_only,-0.2235,1.907,0.2299,411.6,-95.56,-8.885,2.486999999999999,-0.0964,2.4115,4.4076,4.127,214.23,7.527,0.421
[Li]c1ccc(C(=O)OC(C)(C)C)cc1,tert-butyl p-lithiobenzoate,m+p ArLi,-58.0,0.07515588725086274,-1.1240369937807508,129.713,,True,formation_only,-0.2235,1.907,0.2299,411.6,-95.56,-8.885,2.486999999999999,-0.0964,2.4115,4.4076,4.127,214.23,7.527,0.421
[Li]c1ccc(C(=O)OC(C)(C)C)cc1,tert-butyl p-lithiobenzoate,m+p ArLi,-48.0,0.05570316523214534,-1.2541201261225348,180.989,,True,formation_only,-0.2235,1.907,0.2299,411.6,-95.56,-8.885,2.486999999999999,-0.0964,2.4115,4.4076,4.127,214.23,7.527,0.421
[Li]c1ccc(C(=O)OC(C)(C)C)cc1,tert-butyl p-lithiobenzoate,m+p ArLi,-28.0,0.00562081,-2.2502010948967417,2054.8,0.0198092,False,competing,-0.2235,1.907,0.2299,411.6,-95.56,-8.885,2.486999999999999,-0.0964,2.4115,4.4076,4.127,214.23,7.527,0.421
[Li]c1ccc(C(=O)OC(C)(C)C)cc1,tert-butyl p-lithiobenzoate,m+p ArLi,0.0,0.000471918,-3.326133457385621,25877.6,0.128615,False,competing,-0.2235,1.907,0.2299,411.6,-95.56,-8.885,2.486999999999999,-0.0964,2.4115,4.4076,4.127,214.23,7.527,0.421
[Li]c1ccc(C(=O)OC(C)(C)C)cc1,tert-butyl p-lithiobenzoate,m+p ArLi,20.0,0.0021172,-2.6742381146807697,3648.4,1.61784,False,competing,-0.2235,1.907,0.2299,411.6,-95.56,-8.885,2.486999999999999,-0.0964,2.4115,4.4076,4.127,214.23,7.527,0.421
[Li]c1ccc(C(=O)OC(C)C)cc1,isopropyl p-lithiobenzoate,m+p ArLi,-78.0,0.00012242510092484572,-3.912129529285766,136464.0,,True,formation_only,-0.2231,1.9067,0.2299,412.7000000000001,-94.33,-8.923,2.4669999999999996,-0.102,1.9444,4.3915,4.1267,197.34,7.785,0.423
[Li]c1ccc(C(=O)OC(C)C)cc1,isopropyl p-lithiobenzoate,m+p ArLi,-58.0,0.00520634,-2.2834674737023364,1954.54,0.0744456,False,competing,-0.2231,1.9067,0.2299,412.7000000000001,-94.33,-8.923,2.4669999999999996,-0.102,1.9444,4.3915,4.1267,197.34,7.785,0.423
[Li]c1ccc(C(=O)OC(C)C)cc1,isopropyl p-lithiobenzoate,m+p ArLi,-48.0,0.00243522,-2.613461798116662,4125.79,0.17875,False,competing,-0.2231,1.9067,0.2299,412.7000000000001,-94.33,-8.923,2.4669999999999996,-0.102,1.9444,4.3915,4.1267,197.34,7.785,0.423
[Li]c1ccc(C(=O)OC(C)C)cc1,isopropyl p-lithiobenzoate,m+p ArLi,-28.0,0.00323563,-2.4900411465608427,2200.65,1.78929,False,competing,-0.2231,1.9067,0.2299,412.7000000000001,-94.33,-8.923,2.4669999999999996,-0.102,1.9444,4.3915,4.1267,197.34,7.785,0.423
[Li]c1ccc(C(=O)OC(C)C)cc1,isopropyl p-lithiobenzoate,m+p ArLi,0.0,0.00150865,-2.8214115029012268,4449.47,5.45253,False,competing,-0.2231,1.9067,0.2299,412.7000000000001,-94.33,-8.923,2.4669999999999996,-0.102,1.9444,4.3915,4.1267,197.34,7.785,0.423
[Li]c1ccc(C(=O)OC)cc1,methyl p-lithiobenzoate,m+p ArLi,-78.0,0.00104931,-2.979096188259998,12049.3,0.0389065,False,competing,-0.2226,1.9047,0.2302,414.0,-85.78,-8.971,2.4299999999999997,-0.1073,1.8797,3.3171,4.1247,163.24,7.987,0.4254
[Li]c1ccc(C(=O)OC)cc1,methyl p-lithiobenzoate,m+p ArLi,-58.0,0.000356591,-3.4478296221804676,29958.7,0.687159,False,competing,-0.2226,1.9047,0.2302,414.0,-85.78,-8.971,2.4299999999999997,-0.1073,1.8797,3.3171,4.1247,163.24,7.987,0.4254
[Li]c1ccc(C(=O)OC)cc1,methyl p-lithiobenzoate,m+p ArLi,-48.0,0.00118877,-2.9249021633739227,7047.97,1.62251,False,competing,-0.2226,1.9047,0.2302,414.0,-85.78,-8.971,2.4299999999999997,-0.1073,1.8797,3.3171,4.1247,163.24,7.987,0.4254
[Li]c1ccc(C(=O)OC)cc1,methyl p-lithiobenzoate,m+p ArLi,-28.0,0.0173867,-1.7597828393768078,198.283,7.14516,False,competing,-0.2226,1.9047,0.2302,414.0,-85.78,-8.971,2.4299999999999997,-0.1073,1.8797,3.3171,4.1247,163.24,7.987,0.4254
[Li]c1ccc(C(=O)OC)cc1,methyl p-lithiobenzoate,m+p ArLi,0.0,0.0004328895879520918,-3.363622859900248,35481.5,,True,formation_only,-0.2226,1.9047,0.2302,414.0,-85.78,-8.971,2.4299999999999997,-0.1073,1.8797,3.3171,4.1247,163.24,7.987,0.4254
[Li]c1ccc(C(=O)OCC)cc1,ethyl p-lithiobenzoate,m+p ArLi,-78.0,0.05735500278009193,-1.2414286948502542,175.211,,True,formation_only,-0.2228,1.9065,0.2301,413.2000000000001,-89.24,-8.947000000000001,2.4430000000000014,-0.1035,1.82,3.8095,4.1265,180.37,7.86,0.4242
[Li]c1ccc(C(=O)OCC)cc1,ethyl p-lithiobenzoate,m+p ArLi,-58.0,0.00118703,-2.9255383049124553,8907.79,0.227891,False,competing,-0.2228,1.9065,0.2301,413.2000000000001,-89.24,-8.947000000000001,2.4430000000000014,-0.1035,1.82,3.8095,4.1265,180.37,7.86,0.4242
[Li]c1ccc(C(=O)OCC)cc1,ethyl p-lithiobenzoate,m+p ArLi,-48.0,0.00338534,-2.470397707271711,2425.5,0.660268,False,competing,-0.2228,1.9065,0.2301,413.2000000000001,-89.24,-8.947000000000001,2.4430000000000014,-0.1035,1.82,3.8095,4.1265,180.37,7.86,0.4242
[Li]c1ccc(C(=O)OCC)cc1,ethyl p-lithiobenzoate,m+p ArLi,-28.0,0.0185163,-1.7324457914186553,205.965,4.9843,False,competing,-0.2228,1.9065,0.2301,413.2000000000001,-89.24,-8.947000000000001,2.4430000000000014,-0.1035,1.82,3.8095,4.1265,180.37,7.86,0.4242
[Li]c1ccc(C(=O)OCC)cc1,ethyl p-lithiobenzoate,m+p ArLi,0.0,0.00113567,-2.944747846441352,4997.13,17.4854,False,competing,-0.2228,1.9065,0.2301,413.2000000000001,-89.24,-8.947000000000001,2.4430000000000014,-0.1035,1.82,3.8095,4.1265,180.37,7.86,0.4242
[Li]c1ccc(OC)cc1,p-Anisyllithium,m+p ArLi,-78.0,4.658572704438962,0.6682528777342047,1.07029,,True,formation_only,-0.2409,1.8984,0.2304,407.4,-68.87,-8.577,3.157,-0.116,1.8282,3.2845,4.1184,143.17,5.775,0.4014
[Li]c1ccc(OC)cc1,p-Anisyllithium,m+p ArLi,-68.0,3.00586803905613,0.4779699106595003,1.83372,,True,formation_only,-0.2409,1.8984,0.2304,407.4,-68.87,-8.577,3.157,-0.116,1.8282,3.2845,4.1184,143.17,5.775,0.4014
[Li]c1ccc(OC)cc1,p-Anisyllithium,m+p ArLi,-58.0,2.447029390138377,0.38863918549329635,2.35259,,True,formation_only,-0.2409,1.8984,0.2304,407.4,-68.87,-8.577,3.157,-0.116,1.8282,3.2845,4.1184,143.17,5.775,0.4014
[Li]c1ccc(OC)cc1,p-Anisyllithium,m+p ArLi,-48.0,1.2647274686984862,0.10199695113094727,5.16684,,True,formation_only,-0.2409,1.8984,0.2304,407.4,-68.87,-8.577,3.157,-0.116,1.8282,3.2845,4.1184,143.17,5.775,0.4014
[Li]c1ccc(OC)cc1,p-Anisyllithium,m+p ArLi,-38.0,1.1060023565820507,0.043756052329882375,6.04992,,True,formation_only,-0.2409,1.8984,0.2304,407.4,-68.87,-8.577,3.157,-0.116,1.8282,3.2845,4.1184,143.17,5.775,0.4014
[Li]c1ccc(OC)cc1,p-Anisyllithium,m+p ArLi,-28.0,0.8997479422033651,-0.04587913794067539,7.70361,,True,formation_only,-0.2409,1.8984,0.2304,407.4,-68.87,-8.577,3.157,-0.116,1.8282,3.2845,4.1184,143.17,5.775,0.4014
[Li]c1ccc(OC)cc1,p-Anisyllithium,m+p ArLi,-18.0,0.6940351830855056,-0.1586185130716711,10.4199,,True,formation_only,-0.2409,1.8984,0.2304,407.4,-68.87,-8.577,3.157,-0.116,1.8282,3.2845,4.1184,143.17,5.775,0.4014
[Li]c1ccc(OC)cc1,p-Anisyllithium,m+p ArLi,0.0,0.46123520688993613,-0.33607754965477327,16.6977,,True,formation_only,-0.2409,1.8984,0.2304,407.4,-68.87,-8.577,3.157,-0.116,1.8282,3.2845,4.1184,143.17,5.775,0.4014
[Li]c1ccc(OC)cc1,p-Anisyllithium,m+p ArLi,24.0,0.5215101374510841,-0.28273724505859044,14.4978,,True,formation_only,-0.2409,1.8984,0.2304,407.4,-68.87,-8.577,3.157,-0.116,1.8282,3.2845,4.1184,143.17,5.775,0.4014
[Li]c1ccc([N+](=O)[O-])cc1,p-nitrophenyllithium,m+p ArLi,-78.0,0.1036301661652121,-0.9845138054779213,90.6124,,True,formation_only,-0.2167,1.9221,0.2285,434.6,-85.23,-9.584,1.657,-0.1171,1.82,3.2439,4.1421,142.69,12.377,0.4503
[Li]c1ccc([N+](=O)[O-])cc1,p-nitrophenyllithium,m+p ArLi,-58.0,0.228044,-0.6419813498697472,36.3133,0.00921657,False,competing,-0.2167,1.9221,0.2285,434.6,-85.23,-9.584,1.657,-0.1171,1.82,3.2439,4.1421,142.69,12.377,0.4503
[Li]c1ccc([N+](=O)[O-])cc1,p-nitrophenyllithium,m+p ArLi,-48.0,9.73634e-05,-4.011604268637316,161499.0,0.0239492,False,competing,-0.2167,1.9221,0.2285,434.6,-85.23,-9.584,1.657,-0.1171,1.82,3.2439,4.1421,142.69,12.377,0.4503
[Li]c1ccc([N+](=O)[O-])cc1,p-nitrophenyllithium,m+p ArLi,-28.0,0.000724514,-3.1399532181099876,18275.1,0.0324761,False,competing,-0.2167,1.9221,0.2285,434.6,-85.23,-9.584,1.657,-0.1171,1.82,3.2439,4.1421,142.69,12.377,0.4503
[Li]c1ccc([N+](=O)[O-])cc1,p-nitrophenyllithium,m+p ArLi,0.0,9.58089e-05,-4.018594146022114,133403.0,0.375302,False,competing,-0.2167,1.9221,0.2285,434.6,-85.23,-9.584,1.657,-0.1171,1.82,3.2439,4.1421,142.69,12.377,0.4503
[Li]c1cccc(Br)c1,m-bromophenyllithium,m+p ArLi,-78.0,1.9993088509969401,0.3008798886268039,2.99918,,True,formation_only,-0.2293,1.9094,0.2299,420.6,-68.66,-9.177,3.226999999999999,-0.1125,1.82,4.6982,4.1294,137.27,8.948,0.4358
[Li]c1cccc(Br)c1,m-bromophenyllithium,m+p ArLi,-60.0,0.7042980947433125,-0.15224348645302607,10.244,,True,formation_only,-0.2293,1.9094,0.2299,420.6,-68.66,-9.177,3.226999999999999,-0.1125,1.82,4.6982,4.1294,137.27,8.948,0.4358
[Li]c1cccc(Br)c1,m-bromophenyllithium,m+p ArLi,-48.0,0.020078137747729898,-1.6972765705803188,558.203,,True,formation_only,-0.2293,1.9094,0.2299,420.6,-68.66,-9.177,3.226999999999999,-0.1125,1.82,4.6982,4.1294,137.27,8.948,0.4358
[Li]c1cccc(Br)c1,m-bromophenyllithium,m+p ArLi,-28.0,0.08510156534678671,-1.0700624514874517,112.926,,True,formation_only,-0.2293,1.9094,0.2299,420.6,-68.66,-9.177,3.226999999999999,-0.1125,1.82,4.6982,4.1294,137.27,8.948,0.4358
[Li]c1cccc(Br)c1,m-bromophenyllithium,m+p ArLi,0.0,0.10018547549856133,-0.9991952362337764,94.1052,,True,formation_only,-0.2293,1.9094,0.2299,420.6,-68.66,-9.177,3.226999999999999,-0.1125,1.82,4.6982,4.1294,137.27,8.948,0.4358
[Li]c1cccc(Br)c1,m-bromophenyllithium,m+p ArLi,20.0,0.00043072905364361063,-3.3657958331096105,35671.9,,True,formation_only,-0.2293,1.9094,0.2299,420.6,-68.66,-9.177,3.226999999999999,-0.1125,1.82,4.6982,4.1294,137.27,8.948,0.4358
[Li]c1cccc(C#N)c1,m-cyanophenyllithium,m+p ArLi,-78.0,2.5558331973282806,0.407532506824494,2.23221,,True,formation_only,-0.2284,1.9116,0.2296,418.4,-74.72,-9.14,2.6350000000000007,-0.1166,1.82,4.9551,4.1316,135.4,9.332,0.4289
[Li]c1cccc(C#N)c1,m-cyanophenyllithium,m+p ArLi,-58.0,0.6485575644805381,-0.18805147088791954,11.2711,,True,formation_only,-0.2284,1.9116,0.2296,418.4,-74.72,-9.14,2.6350000000000007,-0.1166,1.82,4.9551,4.1316,135.4,9.332,0.4289
[Li]c1cccc(C#N)c1,m-cyanophenyllithium,m+p ArLi,-48.0,0.24630918760740658,-0.6085193881902125,34.1683,,True,formation_only,-0.2284,1.9116,0.2296,418.4,-74.72,-9.14,2.6350000000000007,-0.1166,1.82,4.9551,4.1316,135.4,9.332,0.4289
[Li]c1cccc(C#N)c1,m-cyanophenyllithium,m+p ArLi,-28.0,0.03048050819656625,-1.5159777963506613,352.634,,True,formation_only,-0.2284,1.9116,0.2296,418.4,-74.72,-9.14,2.6350000000000007,-0.1166,1.82,4.9551,4.1316,135.4,9.332,0.4289
[Li]c1cccc(C#N)c1,m-cyanophenyllithium,m+p ArLi,0.0,0.0377875,-1.4226518398141266,210.113,0.0750825,False,competing,-0.2284,1.9116,0.2296,418.4,-74.72,-9.14,2.6350000000000007,-0.1166,1.82,4.9551,4.1316,135.4,9.332,0.4289
[Li]c1cccc(C#N)c1,m-cyanophenyllithium,m+p ArLi,20.0,0.00376322,-2.4244403918334276,2750.37,0.0879969,False,competing,-0.2284,1.9116,0.2296,418.4,-74.72,-9.14,2.6350000000000007,-0.1166,1.82,4.9551,4.1316,135.4,9.332,0.4289
[Li]c1cccc(C(=O)OC(C)(C)C)c1,tert-butyl m-lithiobenzoate,m+p ArLi,-78.0,0.09843905418774355,-1.006832567693912,95.9744,,True,formation_only,-0.2296,1.9065,0.23,409.5,-95.12,-8.837,2.42,-0.1016,2.005,7.903,4.1265,214.28,8.359,0.4191
[Li]c1cccc(C(=O)OC(C)(C)C)c1,tert-butyl m-lithiobenzoate,m+p ArLi,-58.0,0.0847807557737395,-1.0717027162544497,113.403,,True,formation_only,-0.2296,1.9065,0.23,409.5,-95.12,-8.837,2.42,-0.1016,2.005,7.903,4.1265,214.28,8.359,0.4191
[Li]c1cccc(C(=O)OC(C)(C)C)c1,tert-butyl m-lithiobenzoate,m+p ArLi,-48.0,9.912465816221897e-05,-4.003818297364307,170806.0,,True,formation_only,-0.2296,1.9065,0.23,409.5,-95.12,-8.837,2.42,-0.1016,2.005,7.903,4.1265,214.28,8.359,0.4191
[Li]c1cccc(C(=O)OC(C)(C)C)c1,tert-butyl m-lithiobenzoate,m+p ArLi,-28.0,0.0429556,-1.3669802103993958,201.924,0.0345832,False,competing,-0.2296,1.9065,0.23,409.5,-95.12,-8.837,2.42,-0.1016,2.005,7.903,4.1265,214.28,8.359,0.4191
[Li]c1cccc(C(=O)OC(C)(C)C)c1,tert-butyl m-lithiobenzoate,m+p ArLi,0.0,0.000156814,-3.8046151670895347,83254.1,0.178042,False,competing,-0.2296,1.9065,0.23,409.5,-95.12,-8.837,2.42,-0.1016,2.005,7.903,4.1265,214.28,8.359,0.4191
[Li]c1cccc(C(=O)OC(C)(C)C)c1,tert-butyl m-lithiobenzoate,m+p ArLi,20.0,0.00366145,-2.4363468921217937,2090.76,0.993715,False,competing,-0.2296,1.9065,0.23,409.5,-95.12,-8.837,2.42,-0.1016,2.005,7.903,4.1265,214.28,8.359,0.4191
[Li]c1cccc(C(=O)OC(C)C)c1,isopropyl m-lithiobenzoate,m+p ArLi,-78.0,0.000196784,-3.7060102158345236,68915.8,0.0888456,False,competing,-0.2294,1.9071,0.2301,410.7000000000001,-93.78,-8.875,2.396,-0.1072,1.8401,7.9393,4.1271,197.67,8.546,0.4214
[Li]c1cccc(C(=O)OC(C)C)c1,isopropyl m-lithiobenzoate,m+p ArLi,-58.0,0.0250868,-1.6005547325065967,325.842,0.0920333,False,competing,-0.2294,1.9071,0.2301,410.7000000000001,-93.78,-8.875,2.396,-0.1072,1.8401,7.9393,4.1271,197.67,8.546,0.4214
[Li]c1cccc(C(=O)OC(C)C)c1,isopropyl m-lithiobenzoate,m+p ArLi,-48.0,0.00263501,-2.57921773227816,3789.53,0.174651,False,competing,-0.2294,1.9071,0.2301,410.7000000000001,-93.78,-8.875,2.396,-0.1072,1.8401,7.9393,4.1271,197.67,8.546,0.4214
[Li]c1cccc(C(=O)OC(C)C)c1,isopropyl m-lithiobenzoate,m+p ArLi,-28.0,0.00300414,-2.5222798320504576,2401.8,1.7753,False,competing,-0.2294,1.9071,0.2301,410.7000000000001,-93.78,-8.875,2.396,-0.1072,1.8401,7.9393,4.1271,197.67,8.546,0.4214
[Li]c1cccc(C(=O)OC(C)C)c1,isopropyl m-lithiobenzoate,m+p ArLi,0.0,0.00164706,-2.783290579825821,4148.73,4.50312,False,competing,-0.2294,1.9071,0.2301,410.7000000000001,-93.78,-8.875,2.396,-0.1072,1.8401,7.9393,4.1271,197.67,8.546,0.4214
[Li]c1cccc(C(=O)OC)c1,methyl m-lithiobenzoate,m+p ArLi,-78.0,0.0310419,-1.5080517044801478,282.522,0.0439406,False,competing,-0.2292,1.906,0.2299,412.2000000000001,-85.11,-8.924,2.358999999999999,-0.1116,1.82,6.6381,4.126,162.99,8.509,0.4242
[Li]c1cccc(C(=O)OC)c1,methyl m-lithiobenzoate,m+p ArLi,-58.0,0.00284841,-2.545397498208658,2802.82,0.958408,False,competing,-0.2292,1.906,0.2299,412.2000000000001,-85.11,-8.924,2.358999999999999,-0.1116,1.82,6.6381,4.126,162.99,8.509,0.4242
[Li]c1cccc(C(=O)OC)c1,methyl m-lithiobenzoate,m+p ArLi,-48.0,8.421e-05,-4.074636332645898,133278.0,1.78065,False,competing,-0.2292,1.906,0.2299,412.2000000000001,-85.11,-8.924,2.358999999999999,-0.1116,1.82,6.6381,4.126,162.99,8.509,0.4242
[Li]c1cccc(C(=O)OC)c1,methyl m-lithiobenzoate,m+p ArLi,-28.0,0.0333227,-1.4772598167612105,81.3288,6.78312,False,competing,-0.2292,1.906,0.2299,412.2000000000001,-85.11,-8.924,2.358999999999999,-0.1116,1.82,6.6381,4.126,162.99,8.509,0.4242
[Li]c1cccc(C(=O)OC)c1,methyl m-lithiobenzoate,m+p ArLi,0.0,0.0005608699233467816,-3.251137848410431,26891.0,,True,formation_only,-0.2292,1.906,0.2299,412.2000000000001,-85.11,-8.924,2.358999999999999,-0.1116,1.82,6.6381,4.126,162.99,8.509,0.4242
[Li]c1cccc(C(=O)OCC)c1,ethyl m-lithiobenzoate,m+p ArLi,-78.0,0.05250562001969454,-1.2797942087290433,193.26,,True,formation_only,-0.2295,1.905,0.2301,411.3,-90.76,-8.9,2.3790000000000004,-0.1095,1.82,7.9537,4.125,179.95,8.648,0.4229
[Li]c1cccc(C(=O)OCC)c1,ethyl m-lithiobenzoate,m+p ArLi,-58.0,0.000210522,-3.676702512753003,60895.3,0.164828,False,competing,-0.2295,1.905,0.2301,411.3,-90.76,-8.9,2.3790000000000004,-0.1095,1.82,7.9537,4.125,179.95,8.648,0.4229
[Li]c1cccc(C(=O)OCC)c1,ethyl m-lithiobenzoate,m+p ArLi,-48.0,8.44741e-05,-4.073276426568348,138979.0,1.1074,False,competing,-0.2295,1.905,0.2301,411.3,-90.76,-8.9,2.3790000000000004,-0.1095,1.82,7.9537,4.125,179.95,8.648,0.4229
[Li]c1cccc(C(=O)OCC)c1,ethyl m-lithiobenzoate,m+p ArLi,-28.0,0.0278045,-1.5558849103045198,119.515,4.94219,False,competing,-0.2295,1.905,0.2301,411.3,-90.76,-8.9,2.3790000000000004,-0.1095,1.82,7.9537,4.125,179.95,8.648,0.4229
[Li]c1cccc(C(=O)OCC)c1,ethyl m-lithiobenzoate,m+p ArLi,0.0,0.00163446,-2.7866257034053272,3127.23,19.4602,False,competing,-0.2295,1.905,0.2301,411.3,-90.76,-8.9,2.3790000000000004,-0.1095,1.82,7.9537,4.125,179.95,8.648,0.4229
[Li]c1cccc([N+](=O)[O-])c1,m-nitrophenyllithium,m+p ArLi,-78.0,0.12031489929895639,-0.9196805880994476,76.6577,,True,formation_only,-0.2209,1.9063,0.2359,436.7000000000001,-80.38,-9.561,1.4789999999999992,-0.1211,1.82,5.5446,4.1263,142.67,8.883000000000001,0.4497
[Li]c1cccc([N+](=O)[O-])c1,m-nitrophenyllithium,m+p ArLi,-58.0,0.09300582261773413,-1.0314898616439672,102.263,,True,formation_only,-0.2209,1.9063,0.2359,436.7000000000001,-80.38,-9.561,1.4789999999999992,-0.1211,1.82,5.5446,4.1263,142.67,8.883000000000001,0.4497
[Li]c1cccc([N+](=O)[O-])c1,m-nitrophenyllithium,m+p ArLi,-48.0,0.00321565,-2.492731227131477,3988.9,0.0107206,False,competing,-0.2209,1.9063,0.2359,436.7000000000001,-80.38,-9.561,1.4789999999999992,-0.1211,1.82,5.5446,4.1263,142.67,8.883000000000001,0.4497
[Li]c1cccc([N+](=O)[O-])c1,m-nitrophenyllithium,m+p ArLi,-28.0,0.00509724,-2.2926649174762708,2116.14,0.0437654,False,competing,-0.2209,1.9063,0.2359,436.7000000000001,-80.38,-9.561,1.4789999999999992,-0.1211,1.82,5.5446,4.1263,142.67,8.883000000000001,0.4497
[Li]c1cccc([N+](=O)[O-])c1,m-nitrophenyllithium,m+p ArLi,0.0,0.0165799,-1.780418093181352,411.089,0.454079,False,competing,-0.2209,1.9063,0.2359,436.7000000000001,-80.38,-9.561,1.4789999999999992,-0.1211,1.82,5.5446,4.1263,142.67,8.883000000000001,0.4497
[Li]c1ccccc1-c1ccccc1Br,2-bromo-2'-lithiobiphenyl,o-ArLi,-78.0,2.0086327730526294,0.302900544406389,2.98252,,True,formation_only,-0.2221,1.8957,0.4208,433.4,-71.07000000000001,-8.963000000000001,2.101000000000001,-0.1049,2.0029,5.9243,5.9183,206.8,6.322,0.4303
[Li]c1ccccc1-c1ccccc1Br,2-bromo-2'-lithiobiphenyl,o-ArLi,-48.0,0.3907348347179115,-0.4081178689098973,20.1959,,True,formation_only,-0.2221,1.8957,0.4208,433.4,-71.07000000000001,-8.963000000000001,2.101000000000001,-0.1049,2.0029,5.9243,5.9183,206.8,6.322,0.4303
[Li]c1ccccc1-c1ccccc1Br,2-bromo-2'-lithiobiphenyl,o-ArLi,0.0,0.0025944401690410727,-2.5859563402147354,5178.41,,True,formation_only,-0.2221,1.8957,0.4208,433.4,-71.07000000000001,-8.963000000000001,2.101000000000001,-0.1049,2.0029,5.9243,5.9183,206.8,6.322,0.4303
[Li]c1ccccc1-c1ccccc1Br,2-bromo-2'-lithiobiphenyl,o-ArLi,24.0,0.0151657,-1.819137539252345,700.269,0.0171052,False,competing,-0.2221,1.8957,0.4208,433.4,-71.07000000000001,-8.963000000000001,2.101000000000001,-0.1049,2.0029,5.9243,5.9183,206.8,6.322,0.4303
[Li]c1ccccc1Br,o-bromophenyllithium,o-ArLi,-85.0,3.0313371179909687,0.4816342373711889,1.81499,,True,formation_only,-0.2368,1.9147,0.3369,477.7000000000001,-56.67,-9.314,3.3229999999999995,-0.1239,1.82,4.3308,4.1347,136.5,2.958,0.4765
[Li]c1ccccc1Br,o-bromophenyllithium,o-ArLi,-78.0,1.28091,0.1075186161798949,1.24492,0.449321,False,competing,-0.2368,1.9147,0.3369,477.7000000000001,-56.67,-9.314,3.3229999999999995,-0.1239,1.82,4.3308,4.1347,136.5,2.958,0.4765
[Li]c1ccccc1Br,o-bromophenyllithium,o-ArLi,-70.0,0.328478,-0.48349371224895854,15.5723,0.0965239,False,competing,-0.2368,1.9147,0.3369,477.7000000000001,-56.67,-9.314,3.3229999999999995,-0.1239,1.82,4.3308,4.1347,136.5,2.958,0.4765
[Li]c1ccccc1Br,o-bromophenyllithium,o-ArLi,-65.0,0.0939882,-1.0269266676403919,42.6715,0.83656,False,competing,-0.2368,1.9147,0.3369,477.7000000000001,-56.67,-9.314,3.3229999999999995,-0.1239,1.82,4.3308,4.1347,136.5,2.958,0.4765
[Li]c1ccccc1Br,o-bromophenyllithium,o-ArLi,-60.0,0.00230193,-2.6379078870815347,2765.93,4.80281,False,competing,-0.2368,1.9147,0.3369,477.7000000000001,-56.67,-9.314,3.3229999999999995,-0.1239,1.82,4.3308,4.1347,136.5,2.958,0.4765
[Li]c1ccccc1Br,o-bromophenyllithium,o-ArLi,-50.0,0.0897469,-1.046980543709482,28.0171,2.95528,False,competing,-0.2368,1.9147,0.3369,477.7000000000001,-56.67,-9.314,3.3229999999999995,-0.1239,1.82,4.3308,4.1347,136.5,2.958,0.4765
[Li]c1ccccc1C#N,o-cyanophenyllithium,o-ArLi,-78.0,2.207549486521019,0.3439104479153438,2.66315,,True,formation_only,-0.2137,1.9765,0.3422,476.6,-57.29,-9.263,2.4449999999999994,-0.1154,1.82,4.2567,4.1965,134.86,2.068,0.4438
[Li]c1ccccc1C#N,o-cyanophenyllithium,o-ArLi,-58.0,0.9181344832712601,-0.03709370108093446,7.52376,,True,formation_only,-0.2137,1.9765,0.3422,476.6,-57.29,-9.263,2.4449999999999994,-0.1154,1.82,4.2567,4.1965,134.86,2.068,0.4438
[Li]c1ccccc1C#N,o-cyanophenyllithium,o-ArLi,-48.0,0.29917989068069456,-0.524067600847377,27.3927,,True,formation_only,-0.2137,1.9765,0.3422,476.6,-57.29,-9.263,2.4449999999999994,-0.1154,1.82,4.2567,4.1965,134.86,2.068,0.4438
[Li]c1ccccc1C#N,o-cyanophenyllithium,o-ArLi,-28.0,0.007043513107909768,-2.1522106728433807,1753.72,,True,formation_only,-0.2137,1.9765,0.3422,476.6,-57.29,-9.263,2.4449999999999994,-0.1154,1.82,4.2567,4.1965,134.86,2.068,0.4438
[Li]c1ccccc1C#N,o-cyanophenyllithium,o-ArLi,0.0,0.005561526870038182,-2.254805960180883,2267.21,,True,formation_only,-0.2137,1.9765,0.3422,476.6,-57.29,-9.263,2.4449999999999994,-0.1154,1.82,4.2567,4.1965,134.86,2.068,0.4438
[Li]c1ccccc1C#N,o-cyanophenyllithium,o-ArLi,20.0,0.000108203,-3.9657606979597277,142182.0,0.0296102,False,competing,-0.2137,1.9765,0.3422,476.6,-57.29,-9.263,2.4449999999999994,-0.1154,1.82,4.2567,4.1965,134.86,2.068,0.4438
[Li]c1ccccc1C(=O)OC,methyl o-lithiobenzoate,o-ArLi,-78.0,0.0974873,-1.011051957626269,81.257,0.0295692,False,competing,-0.2207,1.9444,0.3496,524.2,-64.08,-8.76,1.7369999999999992,-0.1274,1.82,6.5085,4.1644,160.21,3.182,0.4733
[Li]c1ccccc1C(=O)OC,methyl o-lithiobenzoate,o-ArLi,-58.0,0.0260945,-1.5834510203000454,303.041,0.111814,False,competing,-0.2207,1.9444,0.3496,524.2,-64.08,-8.76,1.7369999999999992,-0.1274,1.82,6.5085,4.1644,160.21,3.182,0.4733
[Li]c1ccccc1C(=O)OC,methyl o-lithiobenzoate,o-ArLi,-48.0,0.000114568,-3.9409366682681544,101994.0,0.858568,False,competing,-0.2207,1.9444,0.3496,524.2,-64.08,-8.76,1.7369999999999992,-0.1274,1.82,6.5085,4.1644,160.21,3.182,0.4733
[Li]c1ccccc1C(=O)OC,methyl o-lithiobenzoate,o-ArLi,-28.0,0.0317535,-1.4982083980283332,131.582,2.15982,False,competing,-0.2207,1.9444,0.3496,524.2,-64.08,-8.76,1.7369999999999992,-0.1274,1.82,6.5085,4.1644,160.21,3.182,0.4733
[Li]c1ccccc1C(=O)OC,methyl o-lithiobenzoate,o-ArLi,0.0,0.000426467,-3.3701145688865695,14481.4,30.502,False,competing,-0.2207,1.9444,0.3496,524.2,-64.08,-8.76,1.7369999999999992,-0.1274,1.82,6.5085,4.1644,160.21,3.182,0.4733
[Li]c1ccccc1C(=O)OC(C)(C)C,tert-butyl o-lithiobenzoate,o-ArLi,-78.0,0.11681786266050975,-0.9324907440237187,79.2354,,True,formation_only,-0.2234,1.941,0.3559,522.9,-74.10000000000001,-8.614,1.7560000000000002,-0.1228,1.9158,7.7904,4.8599,211.31,3.66,0.4697
[Li]c1ccccc1C(=O)OC(C)(C)C,tert-butyl o-lithiobenzoate,o-ArLi,-58.0,0.1639347623408227,-0.7853289445868158,54.1413,,True,formation_only,-0.2234,1.941,0.3559,522.9,-74.10000000000001,-8.614,1.7560000000000002,-0.1228,1.9158,7.7904,4.8599,211.31,3.66,0.4697
[Li]c1ccccc1C(=O)OC(C)(C)C,tert-butyl o-lithiobenzoate,o-ArLi,-48.0,0.11535649947436134,-0.937957931213713,80.3614,,True,formation_only,-0.2234,1.941,0.3559,522.9,-74.10000000000001,-8.614,1.7560000000000002,-0.1228,1.9158,7.7904,4.8599,211.31,3.66,0.4697
[Li]c1ccccc1C(=O)OC(C)(C)C,tert-butyl o-lithiobenzoate,o-ArLi,-28.0,0.0847956,-1.0716266824755647,101.351,0.0187994,False,competing,-0.2234,1.941,0.3559,522.9,-74.10000000000001,-8.614,1.7560000000000002,-0.1228,1.9158,7.7904,4.8599,211.31,3.66,0.4697
[Li]c1ccccc1C(=O)OC(C)(C)C,tert-butyl o-lithiobenzoate,o-ArLi,0.0,0.023283,-1.6329610618441317,340.406,0.12336,False,competing,-0.2234,1.941,0.3559,522.9,-74.10000000000001,-8.614,1.7560000000000002,-0.1228,1.9158,7.7904,4.8599,211.31,3.66,0.4697
[Li]c1ccccc1C(=O)OC(C)(C)C,tert-butyl o-lithiobenzoate,o-ArLi,20.0,0.000109954,-3.9587889668822815,122943.0,0.165541,False,competing,-0.2234,1.941,0.3559,522.9,-74.10000000000001,-8.614,1.7560000000000002,-0.1228,1.9158,7.7904,4.8599,211.31,3.66,0.4697
[Li]c1ccccc1C(=O)OC(C)C,isopropyl o-lithiobenzoate,o-ArLi,-78.0,0.07800383095940806,-1.1078840675188162,124.446,,True,formation_only,-0.2219,1.9459,0.4342,524.0,-72.16,-8.673,1.7569999999999997,-0.1202,1.9653,5.3207,6.7896,194.02,3.45,0.4711
[Li]c1ccccc1C(=O)OC(C)C,isopropyl o-lithiobenzoate,o-ArLi,-58.0,0.103093,-0.9867708222487904,79.9204,0.0211514,False,competing,-0.2219,1.9459,0.4342,524.0,-72.16,-8.673,1.7569999999999997,-0.1202,1.9653,5.3207,6.7896,194.02,3.45,0.4711
[Li]c1ccccc1C(=O)OC(C)C,isopropyl o-lithiobenzoate,o-ArLi,-48.0,0.0808107,-1.092531131263835,97.9932,0.0357533,False,competing,-0.2219,1.9459,0.4342,524.0,-72.16,-8.673,1.7569999999999997,-0.1202,1.9653,5.3207,6.7896,194.02,3.45,0.4711
[Li]c1ccccc1C(=O)OC(C)C,isopropyl o-lithiobenzoate,o-ArLi,-28.0,0.0288938,-1.5391953376814276,236.553,0.256316,False,competing,-0.2219,1.9459,0.4342,524.0,-72.16,-8.673,1.7569999999999997,-0.1202,1.9653,5.3207,6.7896,194.02,3.45,0.4711
[Li]c1ccccc1C(=O)OC(C)C,isopropyl o-lithiobenzoate,o-ArLi,0.0,0.00197269,-2.704941156951158,3748.21,2.31526,False,competing,-0.2219,1.9459,0.4342,524.0,-72.16,-8.673,1.7569999999999997,-0.1202,1.9653,5.3207,6.7896,194.02,3.45,0.4711
[Li]c1ccccc1C(=O)OCC,ethyl o-lithiobenzoate,o-ArLi,-78.0,0.17427198328897475,-0.7587724263208554,50.5347,,True,formation_only,-0.2215,1.9448,0.3928,523.6,-67.95,-8.721,1.7459999999999996,-0.1184,1.82,5.3652,5.8464,177.38,3.355,0.4722
[Li]c1ccccc1C(=O)OCC,ethyl o-lithiobenzoate,o-ArLi,-58.0,0.0901473,-1.0450472762922298,82.867,0.0474192,False,competing,-0.2215,1.9448,0.3928,523.6,-67.95,-8.721,1.7459999999999996,-0.1184,1.82,5.3652,5.8464,177.38,3.355,0.4722
[Li]c1ccccc1C(=O)OCC,ethyl o-lithiobenzoate,o-ArLi,-48.0,0.05503,-1.2594004871888436,134.75,0.0814819,False,competing,-0.2215,1.9448,0.3928,523.6,-67.95,-8.721,1.7459999999999996,-0.1184,1.82,5.3652,5.8464,177.38,3.355,0.4722
[Li]c1ccccc1C(=O)OCC,ethyl o-lithiobenzoate,o-ArLi,-28.0,0.00155364,-2.8086496059507153,5524.34,1.03635,False,competing,-0.2215,1.9448,0.3928,523.6,-67.95,-8.721,1.7459999999999996,-0.1184,1.82,5.3652,5.8464,177.38,3.355,0.4722
[Li]c1ccccc1C(=O)OCC,ethyl o-lithiobenzoate,o-ArLi,0.0,0.0026592,-2.575248997895983,2133.11,7.4848,False,competing,-0.2215,1.9448,0.3928,523.6,-67.95,-8.721,1.7459999999999996,-0.1184,1.82,5.3652,5.8464,177.38,3.355,0.4722
[Li]c1ccccc1I,2-iodophenyllithium,o-ArLi,-78.0,0.0162302,-1.7896761284571192,417.172,0.482161,False,competing,-0.2364,1.9224,0.341,471.5,-61.65,-9.286,3.007999999999999,-0.1245,1.82,4.7467,4.1424,145.52,3.514,0.4634
[Li]c1ccccc1I,2-iodophenyllithium,o-ArLi,-70.0,0.0122222,-1.9128506139081485,410.885,2.80293,False,competing,-0.2364,1.9224,0.341,471.5,-61.65,-9.286,3.007999999999999,-0.1245,1.82,4.7467,4.1424,145.52,3.514,0.4634
[Li]c1ccccc1I,2-iodophenyllithium,o-ArLi,-60.0,0.014566,-1.8366596943817484,188.224,15.1237,False,competing,-0.2364,1.9224,0.341,471.5,-61.65,-9.286,3.007999999999999,-0.1245,1.82,4.7467,4.1424,145.52,3.514,0.4634
[Li]c1ccccc1I,2-iodophenyllithium,o-ArLi,-50.0,0.000384419,-3.415195155365526,15582.7,39.6015,False,competing,-0.2364,1.9224,0.341,471.5,-61.65,-9.286,3.007999999999999,-0.1245,1.82,4.7467,4.1424,145.52,3.514,0.4634
[Li]c1ccccc1[N+](=O)[O-],o-nitrophenyllithium,o-ArLi,-78.0,0.11668046736333658,-0.9330018399812989,79.34,,True,formation_only,-0.221,1.9477,0.3385,553.6,-59.66,-9.518,0.984,-0.1255,1.82,4.9503,4.1672,139.66,3.5,0.493
[Li]c1ccccc1[N+](=O)[O-],o-nitrophenyllithium,o-ArLi,-58.0,0.21000205110396986,-0.6777764634623391,40.9347,,True,formation_only,-0.221,1.9477,0.3385,553.6,-59.66,-9.518,0.984,-0.1255,1.82,4.9503,4.1672,139.66,3.5,0.493
[Li]c1ccccc1[N+](=O)[O-],o-nitrophenyllithium,o-ArLi,-48.0,0.006681333227606235,-2.1751368675216085,1857.38,,True,formation_only,-0.221,1.9477,0.3385,553.6,-59.66,-9.518,0.984,-0.1255,1.82,4.9503,4.1672,139.66,3.5,0.493
[Li]c1ccccc1[N+](=O)[O-],o-nitrophenyllithium,o-ArLi,-28.0,0.0034466443713546376,-2.462603525273819,3808.9,,True,formation_only,-0.221,1.9477,0.3385,553.6,-59.66,-9.518,0.984,-0.1255,1.82,4.9503,4.1672,139.66,3.5,0.493
[Li]c1ccccc1[N+](=O)[O-],o-nitrophenyllithium,o-ArLi,0.0,0.0278745,-1.5547929140491994,263.455,0.171185,False,competing,-0.221,1.9477,0.3385,553.6,-59.66,-9.518,0.984,-0.1255,1.82,4.9503,4.1672,139.66,3.5,0.493
[Li]c1ccccn1,2-pyridyllithium,m+p ArLi,-40.0,1.49733,0.175317526051046,2.10288,0.105702,False,competing,-0.1481,1.8783,0.2482,438.9,-57.02,-8.447000000000001,2.5600000000000005,-0.0809,1.82,4.3996,4.0983,113.52,3.539,0.402
[Li]c1ccnc(Br)c1Br,"2,3-dibromo-4-lithiopyridine",o-ArLi,-78.0,0.00015991062366208793,-3.7961226829419443,102697.0,,True,formation_only,-0.2231,1.9309,0.3348,479.1,-69.7,-9.842,2.886,-0.0925,1.82,5.7624,4.1509,152.26,7.725,0.5154
[Li]c1ccnc(Br)c1Br,"2,3-dibromo-4-lithiopyridine",o-ArLi,-48.0,0.0330607,-1.480687955273981,323.238,0.00738835,False,competing,-0.2231,1.9309,0.3348,479.1,-69.7,-9.842,2.886,-0.0925,1.82,5.7624,4.1509,152.26,7.725,0.5154
[Li]c1ccnc(Br)c1Br,"2,3-dibromo-4-lithiopyridine",o-ArLi,-28.0,0.00129261,-2.8885324885742465,10225.4,0.0185977,False,competing,-0.2231,1.9309,0.3348,479.1,-69.7,-9.842,2.886,-0.0925,1.82,5.7624,4.1509,152.26,7.725,0.5154
[Li]c1ccnc(Br)c1Br,"2,3-dibromo-4-lithiopyridine",o-ArLi,0.0,0.00086605,-3.0624570339673522,14729.3,0.0424824,False,competing,-0.2231,1.9309,0.3348,479.1,-69.7,-9.842,2.886,-0.0925,1.82,5.7624,4.1509,152.26,7.725,0.5154
[Li]c1ccnc(Br)c1Br,"2,3-dibromo-4-lithiopyridine",o-ArLi,25.0,0.00375483,-2.425409720905679,2108.26,0.771327,False,competing,-0.2231,1.9309,0.3348,479.1,-69.7,-9.842,2.886,-0.0925,1.82,5.7624,4.1509,152.26,7.725,0.5154
[Li]c1nc(-c2ccccc2)sc1C,4-lithio-5-methyl-2-phenylthiazole,o-ArLi,-48.0,3.24619430858998,0.5113745119852127,1.66965,,True,formation_only,-0.1798,1.8816,0.2625,483.0,-77.43,-9.007,2.119,-0.0624,1.82,8.5629,4.1016,192.57,4.921,0.4227
[Li]c1nc(-c2ccccc2)sc1C,4-lithio-5-methyl-2-phenylthiazole,o-ArLi,-28.0,1.0967006704314641,0.040088108961443054,6.11021,,True,formation_only,-0.1798,1.8816,0.2625,483.0,-77.43,-9.007,2.119,-0.0624,1.82,8.5629,4.1016,192.57,4.921,0.4227
[Li]c1nc(-c2ccccc2)sc1C,4-lithio-5-methyl-2-phenylthiazole,o-ArLi,0.0,0.15420032328492037,-0.811914715774622,58.0058,,True,formation_only,-0.1798,1.8816,0.2625,483.0,-77.43,-9.007,2.119,-0.0624,1.82,8.5629,4.1016,192.57,4.921,0.4227
[Li]c1nc(-c2ccccc2)sc1C,4-lithio-5-methyl-2-phenylthiazole,o-ArLi,24.0,0.0757097815674623,-1.120848006809845,128.656,,True,formation_only,-0.1798,1.8816,0.2625,483.0,-77.43,-9.007,2.119,-0.0624,1.82,8.5629,4.1016,192.57,4.921,0.4227
