smi,name,subclass,T_C,tmax,log_tmax,k_f,k_d,censored,model,q_C,d_LiC,%Vbur,BDE,Gsolv,HOMO,eta,fukui,B1,B5,L,vol,dipole,q_Li,stable
[Li]/C=C/c1ccccc1,(E)-β-styryllithium,other,0.0,0.000863431,-3.0637723628059375,13724.8,0.0979396,False,competing,-0.2663,1.8878,0.2219,418.5,-64.57000000000001,-8.721,2.7939999999999996,-0.095,1.82,6.1889,4.1078,145.03,5.664,0.3918,0
[Li]C(F)(F)C(F)(F)C(F)(F)C(F)(F)C(F)(F)C(F)(F)F,tridecafluorohexyllithium,other,-48.0,0.0140132,-1.8534626795856084,307.942,4.37529,False,competing,0.0221,2.0188,0.3632,609.9,-46.89,-11.107,4.017999999999999,-0.1126,1.82,7.1142,4.2388,214.55,7.323,0.6088,0
[Li]C(F)I,fluoroiodomethyllithium,other,-20.0,0.0178307,-1.7488316068992444,272.06,2.21325,False,competing,-0.1104,2.0024,0.3268,490.1,-53.33,-9.599,2.867,-0.052,1.82,4.2062,4.2224,97.09,5.961,0.5943,0
[Li]C1(C)OC1c1ccccc1,oxiranyllithium,oxiranylLi,0.0,0.0483405,-1.3156888618696605,101.783,0.770949,False,competing,-0.1484,1.8798,0.2868,464.3,-67.46000000000001,-8.743,2.966,-0.094,1.82,6.0129,4.0998,169.23,4.5920000000000005,0.4921,0
[Li]C1([Si](c2ccccc2)(c2ccccc2)c2ccccc2)CO1,1-triphenylsilyloxiranyllithium,oxiranylLi,0.0,2.15361,0.33316705913690664,2.85028,0.00623522,False,competing,-0.2375,1.9299,0.3765,435.2000000000001,-93.45,-8.539,2.42,-0.0731,2.6715,7.4684,4.5803,322.98,5.214,0.5304,0
[Li]C1(c2ccc(C)cc2)CO1,lithium 4-methylstyrene oxide,oxiranylLi,-38.0,0.00880427,-2.0553066474326265,633.477,2.44851,False,competing,-0.1418,1.8958,0.3156,451.8,-66.56,-8.699,2.793,-0.0755,1.82,6.9968,4.1158,169.35,4.647,0.5036,0
[Li]C1(c2ccc(Cl)cc2)CO1,lithium oxiranyl anion,oxiranylLi,-38.0,0.00961132,-2.0172169630756267,617.792,1.65577,False,competing,-0.1381,1.8998,0.3076,458.7000000000001,-69.94,-9.082,2.8360000000000003,-0.0736,1.8527,6.6822,4.1198,168.06,7.178,0.5165000000000001,0
[Li]C1(c2ccc3ccccc3c2)CO1,lithiated 2-(2-naphthyl)ethylene oxide,oxiranylLi,-38.0,0.00795009,-2.0996279548300545,797.406,1.42366,False,competing,-0.1381,1.8992,0.3164,451.4,-72.85000000000001,-8.822000000000001,2.3480000000000008,-0.0633,1.82,7.2236,4.1192,196.45,5.5840000000000005,0.5085000000000001,0
[Li]C1OC1c1ccccc1,lithium oxiranyl anion,oxiranylLi,-38.0,0.00860223,-2.0653889497852442,762.21,1.09299,False,competing,-0.1795,1.8829,0.3838,489.1,-61.63,-8.66,2.441,-0.0915,1.82,6.4333,4.7172,149.98,4.283,0.4727,0
[Li]CCCC1CO1,3-(oxiran-2-yl)propyllithium,oxiranylLi,0.0,0.000571956,-3.2426373797597754,18216.8,0.544003,False,competing,-0.2957,1.9226,0.2258,375.2000000000001,-60.35,-8.205,2.856,-0.1009,1.82,5.095,4.1426,131.66,4.117,0.4016,0
[Li]CF,fluoromethyllithium,other,-20.0,0.00010765,-3.967985965840494,54010.3,164.082,False,competing,-0.1694,1.9058,0.2315,473.8,-44.91,-8.825000000000001,3.3290000000000006,-0.0946,1.82,2.803,4.1258,67.85,4.287,0.4727,0
[Li]CSCc1ccccc1,lithium carbenoid,other,-20.0,0.000918553,-3.0368957800838383,11585.8,0.276831,False,competing,-0.223,1.9412,0.3142,370.4,-68.34,-8.444,2.2190000000000003,0.0127,1.82,8.8104,4.6735,168.01,5.300000000000001,0.4641,0
[Li]Cc1ccc(C(=O)CC)cc1,p-propanoylbenzyllithium,other,0.0,0.000185577,-3.7314758502726058,77753.0,0.0420919,False,competing,-0.253,1.9742,0.3144,361.2000000000001,-83.09,-8.918000000000001,2.1060000000000008,-0.0572,1.82,9.8095,4.1942,187.87,7.335,0.4906,0
[Li]Cc1ccc(C=O)cc1,p-formylbenzyllithium,other,0.0,5.08339e-05,-4.293846569748306,217468.0,3.43925,False,competing,-0.2499,1.9785,0.3163,363.5,-78.10000000000001,-9.094,2.0599999999999996,-0.0616,1.82,7.8537,4.1985,154.14,8.455,0.5015000000000001,0
[Li][C@@]1(c2ccccc2)O[C@@H]1c1ccccc1,"lithium (2R*,3S*)-2,3-diphenyloxiran-2-ide",oxiranylLi,0.0,0.0332578,-1.478106482701012,246.174,0.0686402,False,competing,-0.1426,1.9055,0.3176,451.6,-76.05,-8.807,2.7760000000000007,-0.0764,1.82,5.7256,4.1255,224.7,5.307,0.5059,0
[Li][C@]1(c2ccccc2)CN1S(=O)(=O)C(C)(C)C,lithiated 1-tert-butylsulfonyl-2-phenylaziridine,other,-18.0,0.665457,-0.17688000219691166,6.62547,0.0853269,False,competing,-0.168,2.0174000000000003,0.4385,580.6,-79.93,-8.871,3.2920000000000007,-0.0966,2.616,6.8153,4.5793,253.32,4.993,0.5537000000000001,0
[Li][C@]1(c2ccccc2)OC1(C)c1ccccc1,oxiranyllithium intermediate,oxiranylLi,0.0,1.34868,0.12990891726267792,5.49824,0.00332453,False,competing,-0.146,1.8958,0.3381,458.1,-81.12,-8.719,2.868999999999999,-0.0785,2.3051,5.9918,4.1158,239.79,5.4910000000000005,0.4872,0
[Li]c1c(C)oc2ccccc12,2-methylbenzofuran-3-yllithium,m+p ArLi,0.0,0.0527512,-1.2777676564577471,85.7055,0.981809,False,competing,-0.2851,1.875,0.2876,459.9,-69.10000000000001,-9.14,3.3920000000000003,-0.0736,1.82,6.1123,4.095,159.5,5.627,0.4184,0
[Li]c1c(C)sc(-c2ccccc2)c1C,"3-lithio-2,4-dimethyl-5-phenylthiophene",o-ArLi,0.0,0.17738080101294207,-0.7510933882548997,49.5367,,True,formation_only,-0.2626,1.9007,0.2885,434.7000000000001,-79.06,-8.98,2.9220000000000006,-0.057,2.21,6.6886,4.1207,212.4,7.763,0.4156,1
[Li]c1c(C)sc2ccccc12,3-lithio-2-methylbenzothiophene,o-ArLi,0.0,0.203239,-0.6919929506223518,19.7789,0.383973,False,competing,-0.257,1.8887,0.2978,444.5,-68.92,-9.195,3.2090000000000005,-0.0696,1.8798,6.2543,4.1087,167.58,6.635,0.4283,0
[Li]c1cc(-c2ccccc2)sc1C,3-lithio-2-methyl-5-phenylthiophene,o-ArLi,0.0,0.07677894385376259,-1.1147578661914934,126.661,,True,formation_only,-0.2532,1.8999,0.2531,434.4,-79.94,-9.082,2.8290000000000006,-0.061,1.8497,6.2496,4.1199,196.0,7.805000000000001,0.4182,1
[Li]c1cc(Br)cc(Br)c1,"3,5-dibromophenyllithium",m+p ArLi,0.0,0.44588,-0.35078200754372857,9.87069,0.128167,False,competing,-0.2274,1.9204,0.229,438.2000000000001,-77.2,-9.757,3.308,-0.1049,1.8501,4.6858,4.1404,157.66,10.2,0.4687,0
[Li]c1ccc(-c2ccc(Br)cc2)cc1,"monolithiated 4,4'-dibromobiphenyl",o-ArLi,0.0,0.01122651890490082,-1.9497548879735696,1055.02,,True,formation_only,-0.2294,1.9059,0.2298,410.9,-83.58,-8.9,2.407,-0.0945,2.1116,3.2391,4.1259,209.25,10.947,0.413,1
[Li]c1ccc(Br)cc1,p-bromophenyllithium,m+p ArLi,0.0,0.014553445468584626,-1.8370341770662,794.343,,True,formation_only,-0.2311,1.9095,0.2295,420.9,-68.68,-9.158,3.252,-0.1157,1.85,3.2403,4.1295,137.58,10.151,0.4279,1
[Li]c1ccc(C#N)cc1,p-cyanophenyllithium,m+p ArLi,0.0,0.000104302,-3.981707363858837,136305.0,0.0912416,False,competing,-0.2239,1.9132,0.2292,419.1,-75.28,-9.157,2.667,-0.1141,1.82,3.2413,4.1332,135.64,10.704,0.4272,0
[Li]c1ccc(C(=O)OC(C)(C)C)cc1,tert-butyl p-lithiobenzoate,m+p ArLi,0.0,0.000471918,-3.326133457385621,25877.6,0.128615,False,competing,-0.2235,1.907,0.2299,411.6,-95.56,-8.885,2.486999999999999,-0.0964,2.4115,4.4076,4.127,214.23,7.527,0.421,0
[Li]c1ccc(C(=O)OC(C)C)cc1,isopropyl p-lithiobenzoate,m+p ArLi,0.0,0.00150865,-2.8214115029012268,4449.47,5.45253,False,competing,-0.2231,1.9067,0.2299,412.7000000000001,-94.33,-8.923,2.4669999999999996,-0.102,1.9444,4.3915,4.1267,197.34,7.785,0.423,0
[Li]c1ccc(C(=O)OC)cc1,methyl p-lithiobenzoate,m+p ArLi,-28.0,0.0173867,-1.7597828393768078,198.283,7.14516,False,competing,-0.2226,1.9047,0.2302,414.0,-85.78,-8.971,2.4299999999999997,-0.1073,1.8797,3.3171,4.1247,163.24,7.987,0.4254,0
[Li]c1ccc(C(=O)OCC)cc1,ethyl p-lithiobenzoate,m+p ArLi,0.0,0.00113567,-2.944747846441352,4997.13,17.4854,False,competing,-0.2228,1.9065,0.2301,413.2000000000001,-89.24,-8.947000000000001,2.4430000000000014,-0.1035,1.82,3.8095,4.1265,180.37,7.86,0.4242,0
[Li]c1ccc(OC)cc1,p-Anisyllithium,m+p ArLi,0.0,0.46123520688993613,-0.33607754965477327,16.6977,,True,formation_only,-0.2409,1.8984,0.2304,407.4,-68.87,-8.577,3.157,-0.116,1.8282,3.2845,4.1184,143.17,5.775,0.4014,1
[Li]c1ccc([N+](=O)[O-])cc1,p-nitrophenyllithium,m+p ArLi,0.0,9.58089e-05,-4.018594146022114,133403.0,0.375302,False,competing,-0.2167,1.9221,0.2285,434.6,-85.23,-9.584,1.657,-0.1171,1.82,3.2439,4.1421,142.69,12.377,0.4503,0
[Li]c1cccc(Br)c1,m-bromophenyllithium,m+p ArLi,0.0,0.10018547549856133,-0.9991952362337764,94.1052,,True,formation_only,-0.2293,1.9094,0.2299,420.6,-68.66,-9.177,3.226999999999999,-0.1125,1.82,4.6982,4.1294,137.27,8.948,0.4358,1
[Li]c1cccc(C#N)c1,m-cyanophenyllithium,m+p ArLi,0.0,0.0377875,-1.4226518398141266,210.113,0.0750825,False,competing,-0.2284,1.9116,0.2296,418.4,-74.72,-9.14,2.6350000000000007,-0.1166,1.82,4.9551,4.1316,135.4,9.332,0.4289,0
[Li]c1cccc(C(=O)OC(C)(C)C)c1,tert-butyl m-lithiobenzoate,m+p ArLi,0.0,0.000156814,-3.8046151670895347,83254.1,0.178042,False,competing,-0.2296,1.9065,0.23,409.5,-95.12,-8.837,2.42,-0.1016,2.005,7.903,4.1265,214.28,8.359,0.4191,0
[Li]c1cccc(C(=O)OC(C)C)c1,isopropyl m-lithiobenzoate,m+p ArLi,0.0,0.00164706,-2.783290579825821,4148.73,4.50312,False,competing,-0.2294,1.9071,0.2301,410.7000000000001,-93.78,-8.875,2.396,-0.1072,1.8401,7.9393,4.1271,197.67,8.546,0.4214,0
[Li]c1cccc(C(=O)OC)c1,methyl m-lithiobenzoate,m+p ArLi,-28.0,0.0333227,-1.4772598167612105,81.3288,6.78312,False,competing,-0.2292,1.906,0.2299,412.2000000000001,-85.11,-8.924,2.358999999999999,-0.1116,1.82,6.6381,4.126,162.99,8.509,0.4242,0
[Li]c1cccc(C(=O)OCC)c1,ethyl m-lithiobenzoate,m+p ArLi,0.0,0.00163446,-2.7866257034053272,3127.23,19.4602,False,competing,-0.2295,1.905,0.2301,411.3,-90.76,-8.9,2.3790000000000004,-0.1095,1.82,7.9537,4.125,179.95,8.648,0.4229,0
[Li]c1cccc([N+](=O)[O-])c1,m-nitrophenyllithium,m+p ArLi,0.0,0.0165799,-1.780418093181352,411.089,0.454079,False,competing,-0.2209,1.9063,0.2359,436.7000000000001,-80.38,-9.561,1.4789999999999992,-0.1211,1.82,5.5446,4.1263,142.67,8.883000000000001,0.4497,0
[Li]c1ccccc1-c1ccccc1Br,2-bromo-2'-lithiobiphenyl,o-ArLi,24.0,0.0151657,-1.819137539252345,700.269,0.0171052,False,competing,-0.2221,1.8957,0.4208,433.4,-71.07000000000001,-8.963000000000001,2.101000000000001,-0.1049,2.0029,5.9243,5.9183,206.8,6.322,0.4303,0
[Li]c1ccccc1Br,o-bromophenyllithium,o-ArLi,-50.0,0.0897469,-1.046980543709482,28.0171,2.95528,False,competing,-0.2368,1.9147,0.3369,477.7000000000001,-56.67,-9.314,3.3229999999999995,-0.1239,1.82,4.3308,4.1347,136.5,2.958,0.4765,0
[Li]c1ccccc1C#N,o-cyanophenyllithium,o-ArLi,20.0,0.000108203,-3.9657606979597277,142182.0,0.0296102,False,competing,-0.2137,1.9765,0.3422,476.6,-57.29,-9.263,2.4449999999999994,-0.1154,1.82,4.2567,4.1965,134.86,2.068,0.4438,0
[Li]c1ccccc1C(=O)OC,methyl o-lithiobenzoate,o-ArLi,0.0,0.000426467,-3.3701145688865695,14481.4,30.502,False,competing,-0.2207,1.9444,0.3496,524.2,-64.08,-8.76,1.7369999999999992,-0.1274,1.82,6.5085,4.1644,160.21,3.182,0.4733,0
[Li]c1ccccc1C(=O)OC(C)(C)C,tert-butyl o-lithiobenzoate,o-ArLi,0.0,0.023283,-1.6329610618441317,340.406,0.12336,False,competing,-0.2234,1.941,0.3559,522.9,-74.10000000000001,-8.614,1.7560000000000002,-0.1228,1.9158,7.7904,4.8599,211.31,3.66,0.4697,0
[Li]c1ccccc1C(=O)OC(C)C,isopropyl o-lithiobenzoate,o-ArLi,0.0,0.00197269,-2.704941156951158,3748.21,2.31526,False,competing,-0.2219,1.9459,0.4342,524.0,-72.16,-8.673,1.7569999999999997,-0.1202,1.9653,5.3207,6.7896,194.02,3.45,0.4711,0
[Li]c1ccccc1C(=O)OCC,ethyl o-lithiobenzoate,o-ArLi,0.0,0.0026592,-2.575248997895983,2133.11,7.4848,False,competing,-0.2215,1.9448,0.3928,523.6,-67.95,-8.721,1.7459999999999996,-0.1184,1.82,5.3652,5.8464,177.38,3.355,0.4722,0
[Li]c1ccccc1I,2-iodophenyllithium,o-ArLi,-50.0,0.000384419,-3.415195155365526,15582.7,39.6015,False,competing,-0.2364,1.9224,0.341,471.5,-61.65,-9.286,3.007999999999999,-0.1245,1.82,4.7467,4.1424,145.52,3.514,0.4634,0
[Li]c1ccccc1[N+](=O)[O-],o-nitrophenyllithium,o-ArLi,0.0,0.0278745,-1.5547929140491994,263.455,0.171185,False,competing,-0.221,1.9477,0.3385,553.6,-59.66,-9.518,0.984,-0.1255,1.82,4.9503,4.1672,139.66,3.5,0.493,0
[Li]c1ccccn1,2-pyridyllithium,m+p ArLi,-40.0,1.49733,0.175317526051046,2.10288,0.105702,False,competing,-0.1481,1.8783,0.2482,438.9,-57.02,-8.447000000000001,2.5600000000000005,-0.0809,1.82,4.3996,4.0983,113.52,3.539,0.402,0
[Li]c1ccnc(Br)c1Br,"2,3-dibromo-4-lithiopyridine",o-ArLi,0.0,0.00086605,-3.0624570339673522,14729.3,0.0424824,False,competing,-0.2231,1.9309,0.3348,479.1,-69.7,-9.842,2.886,-0.0925,1.82,5.7624,4.1509,152.26,7.725,0.5154,0
[Li]c1nc(-c2ccccc2)sc1C,4-lithio-5-methyl-2-phenylthiazole,o-ArLi,0.0,0.15420032328492037,-0.811914715774622,58.0058,,True,formation_only,-0.1798,1.8816,0.2625,483.0,-77.43,-9.007,2.119,-0.0624,1.82,8.5629,4.1016,192.57,4.921,0.4227,1
