intermediate,intermediate_class,intermediate_smiles_canonical,dft_dipole_D,dft_Gsolv_kJ,dft_LiC_BDE_kJ,pred_Ea,pred_lnA,pred_t_half_m40,pred_log_t_half,obs_t_half
Vinyllithium,vinylLi,[Li]C(=C(c1ccccc1)c1ccc(OC)cc1)c1ccc(C#N)cc1,11.298,-109.72,429.0,-14.982517158173579,-14.520910194924213,617.1498561778931,2.790390632119037,
dilithiopyridine,ArLi,[Li]c1cccc([Li])n1,8.221,-96.11,366.9,6.501124007536674,-1.176955197715401,64.34681592878032,1.8085270615935793,
aryllithium,ArLi,[Li]c1ccc([N+](=O)[O-])cc1,12.377,-85.23,434.6,-12.37104148486435,-10.864165029854583,61.28854662653332,1.7873793227787604,
tert-butyl m-lithiobenzoate,ArLi,[Li]c1cccc(C(=O)OC(C)(C)C)c1,8.359,-95.12,409.5,6.092448417522348,-1.3195130321064497,60.10030246722738,1.778876657685223,
isopropyl m-lithiobenzoate,ArLi,[Li]c1cccc(C(=O)OC(C)C)c1,8.546,-93.78,410.7,5.538135805908382,-1.5131227253950925,54.79845023200764,1.7387682762726056,
tert-butyl p-lithiobenzoate,ArLi,[Li]c1ccc(C(=O)OC(C)(C)C)cc1,7.527,-95.56,411.6,10.473095599344731,1.1149241074451979,50.475927641293175,1.7030843091073626,4.817
isopropyl p-lithiobenzoate,ArLi,[Li]c1ccc(C(=O)OC(C)C)cc1,7.785,-94.33,412.7,9.493800158748655,0.6715359951468614,47.45011248113604,1.676237246265499,
acyl-substituted aryllithium,ArLi,[Li]c1ccc(C(=O)c2ccccc2)cc1,8.122,-92.1,413.4,8.430760311654382,0.26996159350684934,40.97019659181863,1.6124680478813136,
ethyl m-lithiobenzoate,ArLi,[Li]c1cccc(C(=O)OCC)c1,8.648,-90.76,411.3,6.029390253142964,-0.9666353098939453,40.878582335092965,1.6114958261011643,
acyl-substituted aryllithium,ArLi,[Li]c1ccc(C(=O)CCCC)cc1,8.864,-89.58,412.7,5.26159924778166,-1.29504725420081,38.20341213231929,1.5821021535938895,
acyl-substituted aryllithium,ArLi,[Li]c1ccc(C(=O)C2CCCCC2)cc1,8.732,-89.29,412.2,6.0813477920177945,-0.8063161196483222,35.76934686219721,1.5535110101312626,
"monolithiated 4,4'-dibromobiphenyl",ArLi,[Li]c1ccc(-c2ccc(Br)cc2)cc1,10.947,-83.58,410.9,-4.007579380169162,-5.994508415237426,35.182102635204515,1.5463217912209009,
ethyl p-lithiobenzoate,ArLi,[Li]c1ccc(C(=O)OCC)cc1,7.86,-89.24,413.2,10.849815352252818,1.8907735236950032,28.21889921558272,1.4505400684572225,
lithium acetylide,carbanion,[Li]C#Cc1ccc(OC)c(OC)c1,7.059,-90.53,514.2,14.766870387524989,3.98769498360447,26.149449472157606,1.4174625500399707,
dilithiopyridine,ArLi,[Li]c1cccnc1[Li],6.257,-92.48,381.3,18.460558035409477,5.899679082015915,25.98110058904499,1.414657544336126,
acyl-substituted aryllithium,ArLi,[Li]c1ccc(C(=O)CCCC)s1,6.292,-91.51,471.8,18.60614897442285,6.068319672083007,23.661215995742904,1.3740370601004863,
1-triphenylsilyloxiranyllithium,oxiranylLi,[Li]C1([Si](c2ccccc2)(c2ccccc2)c2ccccc2)CO1,5.214,-93.45,435.2,23.807102513719464,8.83231019635307,21.822704038500344,1.338908562761952,
methyl m-lithiobenzoate,ArLi,[Li]c1cccc(C(=O)OC)c1,8.509,-85.11,412.2,8.74554136687479,1.0705341713702339,21.64260352178213,1.3353095035293392,
acyl-substituted aryllithium,ArLi,[Li]c1ccc(C(=O)C(C)(C)C)cc1,8.225,-85.2,409.4,10.261726553640855,1.918666892006712,20.261270788331746,1.3066666808590244,
methyl p-lithiobenzoate,ArLi,[Li]c1ccc(C(=O)OC)cc1,7.987,-85.78,414.0,11.357400079748317,2.48568715823005,20.225307194894732,1.3058951266766197,
dilithiopyridine,ArLi,[Li]c1ccc([Li])nc1,2.759,-98.6,354.4,35.39782782919998,14.91842756401784,19.61584601130034,1.2926070435446304,
lithiobromopyridine,ArLi,[Li]c1ccc(Br)nc1,11.483,-74.01,423.5,-3.610169544926748,-4.91739404836423,14.70873735179505,1.1675753930073454,
"3,5-dibromophenyllithium",ArLi,[Li]c1cc(Br)cc(Br)c1,10.2,-77.2,438.2,2.2743726255983887,-1.878775703495485,14.666734769981751,1.166333438368248,
m-nitrophenyllithium,ArLi,[Li]c1cccc([N+](=O)[O-])c1,8.883,-80.38,436.7,8.347632303614773,1.2672977254999083,14.477910899879204,1.1607058995607076,
p-lithioacetophenone,ArLi,[Li]c1ccc(C(C)=O)cc1,9.086,-79.83,413.6,7.432257199649939,0.7994144127531584,14.415115222787199,1.158818118137385,
p-cyanophenyllithium,ArLi,[Li]c1ccc(C#N)cc1,10.704,-75.28,419.1,0.19395127163834047,-2.8824616795232814,13.680968316687704,1.1361168371290884,16.52
p-propanoylbenzyllithium,benzylLi,[Li]Cc1ccc(C(=O)CC)cc1,7.335,-83.09,361.2,15.842451028679108,5.257968025193108,12.78705249944086,1.1067704482510736,
3-lithio-2-methyl-5-phenylthiophene,ArLi,[Li]c1cc(-c2ccccc2)sc1C,7.805,-79.94,434.4,14.373709970093628,4.709278200444402,10.375202497139378,1.015996581772758,
p-formylbenzyllithium,benzylLi,[Li]Cc1ccc(C=O)cc1,8.455,-78.1,363.5,11.470065483369012,3.2336105144539573,10.146551654945121,1.0063184706549135,
"3-lithio-2,4-dimethyl-5-phenylthiophene",ArLi,[Li]c1c(C)sc(-c2ccccc2)c1C,7.763,-79.06,434.7,14.907636858387022,5.089183214707809,9.346103279013947,0.9706305758813211,
m-cyanophenyllithium,ArLi,[Li]c1cccc(C#N)c1,9.332,-74.72,418.4,7.863504665338695,1.4982407431333442,8.952438407521075,0.9519413417626068,11.9
aryllithium / heteroaryllithium,ArLi,[Li]c1ccc(C(F)(F)F)cc1C,10.433,-71.38,428.7,3.0226016777357927,-0.9376953071418441,8.419102338487836,0.9252657886227048,
aryllithium / heteroaryllithium,ArLi,[Li]c1ccc(C(F)(F)F)cc1,10.354,-70.19,425.7,3.8655989575655525,-0.3556443152888207,7.266999869712586,0.8613551524069514,
lithium acetylide,carbanion,[Li]C#Cc1ccc(OC)cc1,6.305,-79.82,517.8,22.58813342875561,9.358450223068758,6.875474100638207,0.8373026504574929,
oxiranyllithium intermediate,oxiranylLi,[Li][C@]1(c2ccccc2)OC1(C)c1ccccc1,5.491,-81.12,458.1,26.57255266746332,11.492519545386294,6.356012739076256,0.8031847589735072,
lithium acetylide,carbanion,[Li]C#Cc1c(C)cc(C)cc1C,6.452,-78.41,515.3,22.2760310554633,9.307847748158657,6.156777626189141,0.7893534677927093,
p-bromophenyllithium,ArLi,[Li]c1ccc(Br)cc1,10.151,-68.68,420.9,5.4951571295956825,0.6990706354366338,5.866724158810991,0.7683956690715369,
lithiated 1-tert-butylsulfonyl-2-phenylaziridine,aziridinylLi,[Li][C@]1(c2ccccc2)CN1S(=O)(=O)C(C)(C)C,4.993,-79.93,580.6,29.69849115747015,13.363690422304174,4.907974427746888,0.6909022912356209,
lithium acetylide,carbanion,[Li]C#Cc1ccc(N(C)C)cc1,3.832,-82.81,500.5,35.025784740013385,16.115266053294,4.891832794005475,0.6894716041529251,
m-bromophenyllithium,ArLi,[Li]c1cccc(Br)c1,8.948,-68.66,420.6,12.056693036107987,4.4059881295816155,4.252001468087143,0.6285934057999975,
aryllithium / heteroaryllithium,ArLi,[Li]c1ccc(Cl)s1,7.792,-70.96,467.7,17.5578245530957,7.307404910147895,3.990574090747724,0.6010353785210515,
4-lithio-5-methyl-2-phenylthiazole,ArLi,[Li]c1nc(-c2ccccc2)sc1C,4.921,-77.43,483.0,30.957513568772917,14.297384147696938,3.6938927576437175,0.5674842827015045,
"lithium (2R*,3S*)-2,3-diphenyloxiran-2-ide",oxiranylLi,[Li][C@@]1(c2ccccc2)O[C@@H]1c1ccccc1,5.307,-76.05,451.6,29.332807728390485,13.502914214550373,3.535964862098531,0.5485079406531012,
"2,3-dibromo-4-lithiopyridine",ArLi,[Li]c1ccnc(Br)c1Br,7.725,-69.7,479.1,18.359707625115334,7.872476881660191,3.429944776495248,0.5352871277814135,
aryllithium / heteroaryllithium,ArLi,[Li]c1ccc(Cl)cc1,8.262,-68.09,417.5,15.992010067782886,6.67895156179042,3.3354418476601704,0.5231533732720813,
lithium acetylide,carbanion,[Li]C#Cc1cccs1,6.661,-71.86,529.5,23.408109527695117,10.530722847835229,3.250155894832168,0.511904192560909,
lithium oxiranyl anion,oxiranylLi,[Li]C1(c2ccc(Cl)cc2)CO1,7.178,-69.94,458.7,21.256857062202123,9.487040312127611,3.042204385121248,0.48318838800382075,
lithium acetylide,carbanion,[Li]C#Cc1ccccc1,6.599,-70.93,519.9,24.068341897295433,10.986404517195517,2.896857622555416,0.46192715062038714,
primary alkyllithiums bearing an epoxide group,oxiranylLi,[Li]CCCCCCC1CO1,6.096,-72.14,371.9,26.389465179130205,12.189271341080037,2.881171572324887,0.4595691210694787,
2-bromo-2'-lithiobiphenyl,ArLi,[Li]c1ccccc1-c1ccccc1Br,6.322,-71.07,433.4,25.52905271428751,11.798757142414935,2.7314582534777303,0.43639456731708204,
lithiated 2-(2-naphthyl)ethylene oxide,ArLi,[Li]C1(c2ccc3ccccc3c2)CO1,5.584,-72.85,451.4,28.932970789204155,13.562262954483806,2.7111334643573786,0.4331508976642968,
aryllithium / heteroaryllithium,ArLi,[Li]c1cccc(Cl)c1,7.48,-67.59,416.6,20.426119258711523,9.227333323040305,2.569528859408036,0.40985349978389907,
aryllithium / heteroaryllithium,ArLi,[Li]c1ccc(F)cc1,8.214,-65.61,418.5,17.113333533906953,7.533108090153888,2.5317855308016193,0.40342691353553206,
Vinyllithium,vinylLi,[Li]/C=C/c1ccc(OC)cc1,4.863,-73.56,417.5,32.615222730846135,15.578276181201538,2.413262039123314,0.3826044814473634,
3-lithio-2-methylbenzothiophene,ArLi,[Li]c1c(C)sc2ccccc12,6.635,-68.92,444.5,24.56904273139788,11.448232965086795,2.3634044901179854,0.3735380562886692,
p-Anisyllithium,ArLi,[Li]c1ccc(OC)cc1,5.775,-68.87,407.4,29.272127727140955,14.108402707187217,1.8704774007976568,0.27195246539807644,
tert-butyl o-lithiobenzoate,ArLi,[Li]c1ccccc1C(=O)OC(C)(C)C,3.66,-74.1,522.9,38.9826117839038,19.12566662812901,1.856034055553078,0.2685859406345083,51.91
2-methylbenzofuran-3-yllithium,ArLi,[Li]c1c(C)oc2ccccc12,5.627,-69.1,459.9,29.99877380296799,14.498228118599705,1.8427067026870716,0.2654562155548651,
aryllithium / heteroaryllithium,ArLi,[Li]c1cccnc1,7.05,-64.31,399.1,23.906140342288197,11.484669156042308,1.618798590392814,0.2091928175474948,
lithium carbenoid,carbenoid,[Li]CSCc1ccccc1,5.3,-68.34,370.4,32.04393370077622,15.720796420121275,1.5585229861928918,0.19271321194049162,
aryllithium / heteroaryllithium,ArLi,[Li]c1ccc2c(ccn2C)c1,3.883,-71.51,397.1,38.66551499098955,19.177384390079297,1.4965135713468245,0.1750806596555371,
aryllithium,ArLi,[Li]c1cccc(OC)c1,4.694,-69.24,405.4,35.033731478853056,17.328868678431398,1.4594563913002356,0.16419112275629236,
isopropyl o-lithiobenzoate,ArLi,[Li]c1ccccc1C(=O)OC(C)C,3.45,-72.16,524.0,40.79938683340928,20.324412170597704,1.428960159668779,0.15502012054939868,5.627
aryllithium / heteroaryllithium,ArLi,[Li]c1cc(C)cc(C)c1,5.396,-65.81,397.8,32.398000933483964,16.14615761992855,1.2226688379651238,0.08730884352867645,
oxiranyllithium,oxiranylLi,[Li]C1(C)OC1c1ccccc1,4.592,-67.46,464.3,36.206592918372564,18.14975595336606,1.1761432963275464,0.07046023756757337,
(E)-β-styryllithium,vinylLi,[Li]/C=C/c1ccccc1,5.664,-64.57,418.5,31.36768693057533,15.674851620532877,1.1512133468752228,0.06115581605768217,
primary alkyllithiums bearing an epoxide group,oxiranylLi,[Li]CCCCCC1CO1,4.168,-68.15,369.4,38.277560205033716,19.25769901886531,1.1305256127763212,0.053280406010362824,
lithium 4-methylstyrene oxide,carbanion,[Li]C1(c2ccc(C)cc2)CO1,4.647,-66.56,451.8,36.21894455988421,18.236922493792783,1.0848548542694267,0.03537163661168986,
2-arylphenyllithium,ArLi,[Li]c1ccccc1-c1ccccc1,4.83,-64.58,433.3,35.90830825466811,18.237936059643218,0.9232819818050185,-0.03466563977676518,
ethyl o-lithiobenzoate,ArLi,[Li]c1ccccc1C(=O)OCC,3.355,-67.95,523.6,42.77656711131108,21.815996273507135,0.8916910716039795,-0.049785581875055544,1.846
lithiobromopyridine,ArLi,[Li]c1cccc(Br)n1,4.645,-64.06,463.8,37.09656867831729,18.955250128601925,0.8318305014652181,-0.07996515901897112,
α-phenyloxiranyllithium,carbanion,[Li]C1(c2ccccc2)CO1,4.792,-61.53,456.5,37.172760011934265,19.22370174812685,0.6614822780804832,-0.1794817866011268,8.01
functional alkyllithiums,alkylLi,[Li]CCOC,5.768,-58.53,388.2,32.895050529144044,17.075492295226077,0.6238301001144319,-0.2049336741472872,
aryllithium,ArLi,[Li]c1ccccc1OC,5.311,-59.65,473.3,34.99674281996966,18.162471106458455,0.6221211915043637,-0.20612500489964145,
lithium oxiranyl anion,oxiranylLi,[Li]C1OC1c1ccccc1,4.283,-61.63,489.1,39.91140137482689,20.7612339197961,0.5839295953008143,-0.2336395128457974,
methyl o-lithiobenzoate,ArLi,[Li]c1ccccc1C(=O)OC,3.182,-64.08,524.2,45.060859183098785,23.45070402725627,0.5650128675702781,-0.24794166147059185,0.6021
lithiobromopyridine,ArLi,[Li]c1cccnc1Br,4.216,-61.22,484.5,40.41859725856716,21.084166623210397,0.5492224026806231,-0.2602517562820736,
Vinyllithium,vinylLi,[Li]C(=C)c1ccccc1,4.674,-59.22,409.1,38.61654433327213,20.244796513454343,0.5018081866177354,-0.2994622577804638,
3-(oxiran-2-yl)propyllithium,oxiranylLi,[Li]CCCC1CO1,4.117,-60.35,375.2,41.25962442009989,21.636592471105878,0.487822969150804,-0.31173775477956756,
2-iodophenyllithium,ArLi,[Li]c1ccccc1I,3.514,-61.65,471.5,44.094400233157565,23.121486863235624,0.4769835904229301,-0.3214965616545565,0.003323
acyl-substituted aryllithium,ArLi,[Li]c1ccccc1C(=O)CCCC,2.117,-63.75,527.2,50.977969748973244,26.82135227253179,0.4110687640164447,-0.38608552280780084,
functional alkyllithiums,alkylLi,[Li]CCC[Si](C)(C)C,3.993,-58.78,388.5,42.479548824475806,22.465343588945974,0.3996321745462752,-0.398339553815938,
aryllithium,ArLi,[Li]c1ccccc1[N+](=O)[O-],3.5,-59.66,553.6,44.86059460311497,23.731450838428866,0.38482466174882285,-0.41473710368664946,
fluoroiodomethyllithium,ArLi,[Li]C(F)I,5.961,-53.33,490.1,33.646273160882195,17.963019798208116,0.37837906901917806,-0.4220728956869757,1.27
acyl-substituted aryllithium,ArLi,[Li]c1ccccc1C(=O)CC,1.968,-62.31,522.2,52.28903802410779,27.68998678676197,0.3391657877066112,-0.46958796231035527,
functional alkyllithiums,alkylLi,[Li]CCOC1CCCCC1,4.264,-56.14,475.0,41.9182563140808,22.38362523228334,0.3246343343426444,-0.4886055497377782,
2-pyridyllithium,ArLi,[Li]c1ccccn1,3.539,-57.02,438.9,45.563365006230896,24.363517239129113,0.29390938357558377,-0.5317865480885262,
tridecafluorohexyllithium,ArLi,[Li]C(F)(F)C(F)(F)C(F)(F)C(F)(F)C(F)(F)C(F)(F)F,7.323,-46.89,609.9,28.458040905774844,15.607172050139482,0.2745690682624084,-0.561348390040275,
primary alkyllithiums bearing an epoxide group,oxiranylLi,[Li]CCCCC1CO1,2.888,-58.01,390.1,48.767145228275886,26.084400851654472,0.27456179776057277,-0.5613598901726603,
Vinyllithium,vinylLi,[Li]C=C1CCCCC1,4.319,-53.85,417.0,42.41250818113165,22.8667606934821,0.25840860215340405,-0.5876930332250433,
o-bromophenyllithium,ArLi,[Li]c1ccccc1Br,2.958,-56.67,477.7,48.85031262045839,26.250760195484172,0.2426747317746099,-0.6149754417239134,0.06133
acyl-substituted aryllithium,ArLi,[Li]c1ccccc1C(C)=O,1.774,-58.91,522.5,54.52480490317839,29.25541559591435,0.2246319380855897,-0.6485284958562453,
o-cyanophenyllithium,ArLi,[Li]c1ccccc1C#N,2.068,-57.29,476.6,53.48457118490524,28.8123669734852,0.20456153440703545,-0.6891760273457744,
Vinyllithium,vinylLi,[Li]/C=C/C,4.597,-48.83,412.6,42.638199968631916,23.441495678435533,0.1634061025767455,-0.786731728305954,
Vinyllithium,vinylLi,[Li]/C=C\C,4.871,-44.89,418.0,42.51125986977648,23.72087799178854,0.11574268248481843,-0.936506456525312,
functional alkyllithiums,alkylLi,[Li]CCCC=C,4.121,-46.37,389.2,46.084567752107205,25.606764623252563,0.11093071560044235,-0.9549481854215596,
fluoromethyllithium,ArLi,[Li]CF,4.287,-44.91,473.8,45.686277525523,25.5119491243999,0.09931022958926118,-1.0030060140892159,0.03747
