intermediate,intermediate_smiles,Ea_decomp_kJ_mol,ln_A,arrhenius_r2,n_temperatures,T_range_C,t_half_m78C_s,t_half_m40C_s,t_half_0C_s,t_half_25C_s,paper,quality_tier,canon_smi,clean_name,intermediate_class,sigma_hammett,Es_taft,delta_ortho,delta_benzyne,dft_dipole_D,dft_Gsolv_kJ,dft_HOMO_eV,dft_LUMO_eV,dft_charge_Li,dft_LiC_BDE_kJ,dft_wiberg_LiC,log_t_half,quality,substituent,position,ester_alkyl,sigma_I,sigma_R,sigma_eff,chelation,Es_alkyl,hardness
tert-butyl o-lithiobenzoate,[Li]c1ccccc1C(=O)OC(C)(C)C,28.14,9.9571,0.9374,3,-28 to 20,1117.0,66.14,7.895,2.794,AlkoxycarbonylArLi_2008_Nagaki,tier1,[Li]c1ccccc1C(=O)OC(C)(C)C,tert-butyl o-lithiobenzoate,ArLi,0.45,-1.54,1.0,0.0,3.66,-74.1,-8.614,-6.858,0.4697,522.9,0.6048,1.8204641905776842,high,COOR,ortho,tBu,0.3,0.15,0.3,0.7,-1.54,0.8780000000000006
p-nitrophenyllithium,[Li]c1ccc([N+](=O)[O-])cc1,28.95,11.443,0.9147,4,-58 to 0,416.7,22.75,2.554,0.8769,NitroArLi_2009_Nagaki,tier1,[Li]c1ccc([N+](=O)[O-])cc1,aryllithium,ArLi,0.78,0.0,0.0,0.0,12.377,-85.23,-9.584,-7.927,0.4503,434.6,0.7145,1.3569814009931311,high,NO2,para,,0.67,0.11,0.78,0.0,0.0,0.8285
isopropyl m-lithiobenzoate,[Li]c1cccc(C(=O)OC(C)C)c1,34.73,17.0611,0.9572,4,-58 to 0,53.32,1.629,0.1181,0.03278,AlkoxycarbonylFlow_2010_Nagaki,tier1,[Li]c1cccc(C(=O)OC(C)C)c1,isopropyl m-lithiobenzoate,ArLi,0.37,0.0,0.0,0.0,8.546,-93.78,-8.875,-6.479,0.4214,410.7,0.7414,0.2119210843085094,high,COOR,meta,iPr,0.3,0.15,0.3,0.0,-0.47,1.198
ethyl p-lithiobenzoate,[Li]c1ccc(C(=O)OCC)cc1,37.13,19.4327,0.9803,4,-58 to 0,21.86,0.5246,0.03175,0.00806,AlkoxycarbonylFlow_2010_Nagaki,tier1,[Li]c1ccc(C(=O)OCC)cc1,ethyl p-lithiobenzoate,ArLi,0.45,0.0,0.0,0.0,7.86,-89.24,-8.947,-6.504,0.4242,413.2,0.738,-0.2801717137456653,high,COOR,para,Et,0.3,0.15,0.44999999999999996,0.0,-0.07,1.2214999999999998
isopropyl p-lithiobenzoate,[Li]c1ccc(C(=O)OC(C)C)cc1,37.58,18.5078,0.9693,4,-58 to 0,72.85,1.671,0.09769,0.02439,AlkoxycarbonylFlow_2010_Nagaki,tier1,[Li]c1ccc(C(=O)OC(C)C)cc1,isopropyl p-lithiobenzoate,ArLi,0.45,0.0,0.0,0.0,7.785,-94.33,-8.923,-6.456,0.423,412.7,0.7391,0.22297644989339135,high,COOR,para,iPr,0.3,0.15,0.44999999999999996,0.0,-0.47,1.2334999999999998
ethyl m-lithiobenzoate,[Li]c1cccc(C(=O)OCC)c1,38.29,20.0954,0.9515,4,-58 to 0,23.11,0.4934,0.02734,0.006648,AlkoxycarbonylFlow_2010_Nagaki,tier1,[Li]c1cccc(C(=O)OCC)c1,ethyl m-lithiobenzoate,ArLi,0.37,0.0,0.0,0.0,8.648,-90.76,-8.9,-6.521,0.4229,411.3,0.7401,-0.3068008548462828,high,COOR,meta,Et,0.3,0.15,0.3,0.0,-0.07,1.1895000000000002
methyl o-lithiobenzoate,[Li]c1ccccc1C(=O)OC,39.61,20.5735,0.9703,5,-78 to 0,32.18,0.6021,0.03021,0.007,AlkoxycarbonylArLi_2008_Nagaki,tier1,[Li]c1ccccc1C(=O)OC,methyl o-lithiobenzoate,ArLi,0.45,0.0,1.0,0.0,3.182,-64.08,-8.76,-7.023,0.4733,524.2,0.6073,-0.22033137279285203,high,COOR,ortho,Me,0.3,0.15,0.3,0.7,0.0,0.8685
methyl m-lithiobenzoate,[Li]c1cccc(C(=O)OC)c1,40.02,21.8439,0.9687,4,-78 to -28,11.65,0.2091,0.01017,0.00232,AlkoxycarbonylFlow_2010_Nagaki,tier1,[Li]c1cccc(C(=O)OC)c1,methyl m-lithiobenzoate,ArLi,0.37,0.0,0.0,0.0,8.509,-85.11,-8.924,-6.565,0.4242,412.2,0.7391,-0.6796459671823282,high,COOR,meta,Me,0.3,0.15,0.3,0.0,0.0,1.1794999999999995
isopropyl o-lithiobenzoate,[Li]c1ccccc1C(=O)OC(C)C,40.71,18.6741,0.9903,4,-58 to 0,425.6,7.124,0.3288,0.07312,AlkoxycarbonylArLi_2008_Nagaki,tier1,[Li]c1ccccc1C(=O)OC(C)C,isopropyl o-lithiobenzoate,ArLi,0.45,-0.47,1.0,0.0,3.45,-72.16,-8.673,-6.916,0.4711,524.0,0.6065,0.8527239107912059,high,COOR,ortho,iPr,0.3,0.15,0.3,0.7,-0.47,0.8784999999999998
tert-butyl m-lithiobenzoate,[Li]c1cccc(C(=O)OC(C)(C)C)c1,40.85,16.5652,0.9751,3,-28 to 20,3813.0,62.97,2.876,0.6365,AlkoxycarbonylFlow_2010_Nagaki,tier1,[Li]c1cccc(C(=O)OC(C)(C)C)c1,tert-butyl m-lithiobenzoate,ArLi,0.37,0.0,0.0,0.0,8.359,-95.12,-8.837,-6.417,0.4191,409.5,0.7432,1.799133693302063,high,COOR,meta,tBu,0.3,0.15,0.3,0.0,-1.54,1.21
methyl p-lithiobenzoate,[Li]c1ccc(C(=O)OC)cc1,41.55,22.5643,0.9873,4,-78 to -28,14.59,0.2245,0.009726,0.002097,AlkoxycarbonylFlow_2010_Nagaki,tier1,[Li]c1ccc(C(=O)OC)cc1,methyl p-lithiobenzoate,ArLi,0.45,0.0,0.0,0.0,7.987,-85.78,-8.971,-6.541,0.4254,414.0,0.737,-0.648783654660658,high,COOR,para,Me,0.3,0.15,0.44999999999999996,0.0,0.0,1.2149999999999999
ethyl o-lithiobenzoate,[Li]c1ccccc1C(=O)OCC,43.56,21.2535,0.9967,4,-58 to 0,186.6,2.347,0.08734,0.01749,AlkoxycarbonylArLi_2008_Nagaki,tier1,[Li]c1ccccc1C(=O)OCC,ethyl o-lithiobenzoate,ArLi,0.45,-0.07,1.0,0.0,3.355,-67.95,-8.721,-6.975,0.4722,523.6,0.6072,0.3705130895985926,high,COOR,ortho,Et,0.3,0.15,0.3,0.7,-0.07,0.8730000000000002
tert-butyl p-lithiobenzoate,[Li]c1ccc(C(=O)OC(C)(C)C)cc1,52.99,21.8606,0.9476,3,-28 to 20,33940.0,165.6,3.023,0.4273,AlkoxycarbonylFlow_2010_Nagaki,tier1,[Li]c1ccc(C(=O)OC(C)(C)C)cc1,tert-butyl p-lithiobenzoate,ArLi,0.45,0.0,0.0,0.0,7.527,-95.56,-8.885,-6.398,0.421,411.6,0.7409,2.219060332448861,high,COOR,para,tBu,0.3,0.15,0.44999999999999996,0.0,-1.54,1.2435
2-iodophenyllithium,[Li]c1ccccc1I,57.36,34.8231,0.9834,4,-78 to -50,1.177,0.003701,4.858e-05,5.843e-06,ThreeComp_2014_Nagaki,tier1,[Li]c1ccccc1I,2-iodophenyllithium,ArLi,0.35,0.0,0.0,1.0,3.514,-61.65,-9.286,-6.278,0.4634,471.5,0.6535,-2.4316809149048884,high,I,ortho,,0.39,-0.04,0.39,0.05,0.0,1.504
m-cyanophenyllithium,[Li]c1cccc(C#N)c1,10.43,1.8501,1.0,2,0 to 20,67.59,23.7,10.78,7.331,CyanoArLi_2010_Nagaki,tier2_2pt,[Li]c1cccc(C#N)c1,m-cyanophenyllithium,ArLi,0.56,0.0,0.0,0.0,9.332,-74.72,-9.14,-6.505,0.4289,418.4,0.7328,1.3747483460101038,high,CN,meta,,0.56,0.1,0.56,0.0,0.0,1.3175000000000003
m-nitrophenyllithium,[Li]c1cccc([N+](=O)[O-])c1,46.52,19.693,1.0,2,-28 to 0,5485.0,51.27,1.526,0.274,NitroArLi_2009_Nagaki,tier2_2pt,[Li]c1cccc([N+](=O)[O-])c1,m-nitrophenyllithium,ArLi,0.71,0.0,0.0,0.0,8.883,-80.38,-9.561,-8.082,0.4497,436.7,0.7111,1.7098633174403992,high,NO2,meta,,0.67,0.11,0.67,0.0,0.0,0.7394999999999996
o-bromophenyllithium,[Li]c1ccccc1Br,72.13,39.7726,1.0,2,-60 to -50,75.09,0.05354,0.0002302,1.605e-05,DibromoBenzArLi_2007_Nagaki,tier2_2pt,[Li]c1ccccc1Br,o-bromophenyllithium,ArLi,0.23,0.0,0.0,1.0,2.958,-56.67,-9.314,-5.991,0.4765,477.7,0.6507,-1.2713216331490862,high,Br,ortho,,0.44,-0.21,0.44,0.05,0.0,1.6615000000000002
