paper_id,paper_doi,quality_flag,data_source_type,intermediate,intermediate_smiles,intermediate_smiles_canonical,substrate1,substrate1_smiles,substrate1_smiles_canonical,organolithium_reagent,electrophile,electrophile_smiles,electrophile_smiles_canonical,electrophile_type,product,product_smiles,product_smiles_canonical,reaction_class,tR_step,tR1_s,T1_C,tR2_s,T2_C,solvent,conc_substrate_M,analysis_subset,intermediate_class,sigma_hammett,Es_taft,delta_ortho,delta_benzyne,dft_charge_Li,dft_charge_C_ipso,dft_HOMO_eV,dft_LUMO_eV,dft_LiC_bond_A,dft_method,dft_LiC_BDE_kJ,dft_wiberg_LiC,dft_dipole_D,dft_Gsolv_kJ,yield_pct,canon_smi,substituent,position,sigma_I,sigma_R,sigma_eff,chelation,hardness,log_t_half_pred,t_half_pred_s,leverage,is_training,_inr_sigma_hammett,_inr_Es_taft,_inr_delta_ortho,_inr_dft_dipole_D,in_desc_range,in_y_range,reliability
BiaryLi_2009_Nagaki,10.3762/bjoc.5.16,clean,si_table_Table S-5,"monolithiated 4,4'-dibromobiphenyl",[Li]c1ccc(cc1)c2ccc(Br)cc2,[Li]c1ccc(-c2ccc(Br)cc2)cc1,"4,4’-dibromobiphenyl (17)",Brc1ccc(cc1)c2ccc(Br)cc2,Brc1ccc(-c2ccc(Br)cc2)cc1,n-BuLi,methanol,CO,CO,quench_probe,"4-bromobiphenyl (18), biphenyl (3)",Brc1ccc(cc1)c2ccccc2,Brc1ccc(-c2ccccc2)cc1,halogen-metal exchange,tR1,0.057,-78.0,,,THF,,kd_clean,ArLi,-0.01,0.0,0.0,0.0,0.413,-0.2294,-8.9,-6.493,1.9059,GFN2-xTB,410.9,0.7496,10.947,-83.58,29.0,[Li]c1ccc(-c2ccc(Br)cc2)cc1,Br,unknown,0.44,-0.21,0.44,0.0,1.2035,11.931082939259985,853263050116.903,66.98123891760551,False,False,True,True,True,False,False,extrapolation
Homocoupling_2011_Nagaki,10.3762/bjoc.7.122,clean,si_table_Table S1,p-Anisyllithium,COc1ccc([Li])cc1,[Li]c1ccc(OC)cc1,p-Bromoanisole,COc1ccc(Br)cc1,COc1ccc(Br)cc1,n-BuLi,methanol,CO,CO,quench_probe,Anisole,COc1ccccc1,COc1ccccc1,halogen-metal exchange,tR1,0.22,-78.0,,,THF,,kd_clean,ArLi,-0.27,0.0,0.0,0.0,0.4014,-0.2409,-8.577,-5.42,1.8984,GFN2-xTB,407.4,0.7627,5.775,-68.87,12.0,[Li]c1ccc(OC)cc1,OMe,para,0.27,-0.56,-0.29000000000000004,0.0,1.5785,9.894534423022364,7843942890.296893,69.49247531787236,False,False,True,True,True,False,False,extrapolation
Homocoupling_2011_Nagaki,10.3762/bjoc.7.122,clean,si_table_Table 1,aryllithium,[Li]c1ccccc1OC,[Li]c1ccccc1OC,COc1ccccc1Br,COc1ccccc1Br,COc1ccccc1Br,n-BuLi,aryl halide (homocoupling),,,synthetic,COc1ccccc1-c1ccccc1OC,COc1ccccc1-c1ccccc1OC,COc1ccccc1-c1ccccc1OC,halogen-metal exchange,tR1,3.1,0.0,,,THF,,kd_valid,ArLi,-0.27,0.0,0.0,0.0,0.4284,-0.2462,-8.558,-5.015,1.9124,GFN2-xTB,473.3,0.6598,5.311,-59.65,76.0,[Li]c1ccccc1OC,OMe,unknown,0.27,-0.56,0.27,0.0,1.7715,9.347218994124269,2224431283.166486,65.025870613844,False,False,True,True,True,False,False,extrapolation
DibromoBenzArLi_2007_Nagaki,10.1002/asia.200700231,clean,si_table_Table S-2,p-bromophenyllithium,[Li]c1ccc(Br)cc1,[Li]c1ccc(Br)cc1,p-dibromobenzene,Brc1ccc(Br)cc1,Brc1ccc(Br)cc1,n-BuLi,methanol,CO,CO,quench_probe,bromobenzene,Brc1ccccc1,Brc1ccccc1,halogen-metal exchange,tR1,0.049,-78.0,,,THF / hexane,,kd_clean,ArLi,0.23,0.0,0.0,0.0,0.4279,-0.2311,-9.158,-5.906,1.9095,GFN2-xTB,420.9,0.7364,10.151,-68.68,11.0,[Li]c1ccc(Br)cc1,Br,para,0.44,-0.21,0.23,0.0,1.626,7.240648141687407,17403962.613494046,22.477461073725912,False,True,True,True,True,True,False,moderate
BiaryLi_2009_Nagaki,10.3762/bjoc.5.16,clean,si_table_Table S-2,2-bromo-2'-lithiobiphenyl,Brc1ccccc1-c2ccccc2[Li],[Li]c1ccccc1-c1ccccc1Br,23,Brc1ccccc1-c2ccccc2Br,Brc1ccccc1-c1ccccc1Br,n-BuLi,methanol,CO,CO,quench_probe,2,Brc1ccccc1-c1ccccc1,Brc1ccccc1-c1ccccc1,halogen-metal exchange,tR1,0.057,-78.0,,,THF,,kd_clean,ArLi,-0.01,0.0,0.0,0.0,0.4303,-0.2221,-8.963,-6.862,1.8957,GFN2-xTB,433.4,0.7295,6.322,-71.07,19.0,[Li]c1ccccc1-c1ccccc1Br,Br,ortho,0.44,-0.21,0.44,0.05,1.0504999999999995,6.475622036989102,2989661.625503392,29.520509878411122,False,False,True,True,True,False,False,extrapolation
ThreeComp_2014_Nagaki,10.1021/ja5071762,clean,si_table_Table S-4,2-arylphenyllithium,c1ccc([Li])c(-c2ccccc2)c1,[Li]c1ccccc1-c1ccccc1,Clc1ccc(Br)cc1,Clc1ccc(Br)cc1,Clc1ccc(Br)cc1,"BuLi, PhLi",methyl triflate,,,synthetic,Cc1ccccc1-c2ccc(Cl)cc2,Cc1ccccc1-c2ccc(Cl)cc2,Cc1ccccc1-c1ccc(Cl)cc1,halogen-metal exchange,tR2,,,0.31,0.0,THF,,k2_trapping,ArLi,-0.01,0.0,0.0,0.0,0.4119,-0.2229,-8.69,-6.33,1.9044,GFN2-xTB,433.3,0.7238,4.83,-64.58,73.0,[Li]c1ccccc1-c1ccccc1,H,unknown,0.0,0.0,0.0,0.0,1.1799999999999997,4.715719838894365,51966.06580018838,20.811909435427836,False,False,True,True,True,False,False,extrapolation
DibromoBenzArLi_2007_Nagaki,10.1002/asia.200700231,clean,si_table_Table S-5,m-bromophenyllithium,[Li]c1cccc(Br)c1,[Li]c1cccc(Br)c1,m-dibromobenzene,Brc1cccc(Br)c1,Brc1cccc(Br)c1,n-BuLi,methanol,CO,CO,quench_probe,bromobenzene,Brc1ccccc1,Brc1ccccc1,halogen-metal exchange,tR1,0.049,-78.0,,,THF/hexane,,kd_clean,ArLi,0.37,0.0,0.0,0.0,0.4358,-0.2293,-9.177,-5.95,1.9094,GFN2-xTB,420.6,0.7264,8.948,-68.66,17.0,[Li]c1cccc(Br)c1,Br,meta,0.44,-0.21,0.44,0.0,1.6134999999999997,3.633260177558734,4297.9383095862,5.283503647382603,False,True,True,True,True,True,False,moderate
AlkoxycarbonylFlow_2010_Nagaki,10.1002/chem.201000876,clean,si_table_Table S-17,ethyl m-lithiobenzoate,O=C(OCC)c1cc([Li])ccc1,[Li]c1cccc(C(=O)OCC)c1,ethyl m-iodobenzoate (7c),O=C(OCC)c1cc(I)ccc1,CCOC(=O)c1cccc(I)c1,PhLi,ethanol,CCO,CCO,quench_probe,ethyl benzoate,O=C(OCC)c1ccccc1,CCOC(=O)c1ccccc1,halogen-metal exchange,tR1,0.014,-78.0,,,"THF, hexane, cyclohexane",,kd_clean,ArLi,0.37,0.0,0.0,0.0,0.4229,-0.2295,-8.9,-6.521,1.905,GFN2-xTB,411.3,0.7401,8.648,-90.76,70.0,[Li]c1cccc(C(=O)OCC)c1,COOR,meta,0.3,0.15,0.3,0.0,1.1895000000000002,3.2793924433573785,1902.796935721728,4.48955836620966,False,True,True,True,True,True,False,moderate
AlkoxycarbonylFlow_2010_Nagaki,10.1002/chem.201000876,clean,si_table_Table S-5,isopropyl m-lithiobenzoate,CC(C)OC(=O)c1cc([Li])ccc1,[Li]c1cccc(C(=O)OC(C)C)c1,isopropyl m-bromobenzoate (5b),CC(C)OC(=O)c1cc(Br)ccc1,CC(C)OC(=O)c1cccc(Br)c1,n-BuLi,2-propanol,CC(O)C,CC(C)O,quench_probe,3b,CC(C)OC(=O)c1ccccc1,CC(C)OC(=O)c1ccccc1,halogen-metal exchange,tR1,0.014,-78.0,,,"THF, hexane, cyclohexane",,kd_clean,ArLi,0.37,0.0,0.0,0.0,0.4214,-0.2294,-8.875,-6.479,1.9071,GFN2-xTB,410.7,0.7414,8.546,-93.78,54.0,[Li]c1cccc(C(=O)OC(C)C)c1,COOR,meta,0.3,0.15,0.3,0.0,1.198,3.1590774137289177,1442.3724339472853,4.234784854444578,False,True,True,True,True,True,True,moderate
AlkoxycarbonylFlow_2010_Nagaki,10.1002/chem.201000876,clean,si_table_Table S-18,methyl m-lithiobenzoate,COC(=O)c1cccc([Li])c1,[Li]c1cccc(C(=O)OC)c1,methyl m-iodobenzoate (7d),COC(=O)c1cccc(I)c1,COC(=O)c1cccc(I)c1,PhLi,methanol,CO,CO,quench_probe,methyl benzoate,COC(=O)c1ccccc1,COC(=O)c1ccccc1,halogen-metal exchange,tR1,0.014,-78.0,,,"THF, hexane, cyclohexane",,kd_clean,ArLi,0.37,0.0,0.0,0.0,0.4242,-0.2292,-8.924,-6.565,1.906,GFN2-xTB,412.2,0.7391,8.509,-85.11,67.0,[Li]c1cccc(C(=O)OC)c1,COOR,meta,0.3,0.15,0.3,0.0,1.1794999999999995,3.115433726510752,1304.4688910433717,4.144269470885976,False,True,True,True,True,True,True,moderate
AlkoxycarbonylFlow_2010_Nagaki,10.1002/chem.201000876,clean,si_table_Table S-4,tert-butyl m-lithiobenzoate,CC(C)(C)OC(=O)c1cc([Li])ccc1,[Li]c1cccc(C(=O)OC(C)(C)C)c1,tert-butyl m-bromobenzoate (5a),CC(C)(C)OC(=O)c1cc(Br)ccc1,CC(C)(C)OC(=O)c1cccc(Br)c1,n-BuLi,tert-butyl alcohol,CC(C)(C)O,CC(C)(C)O,quench_probe,tert-butyl benzoate,CC(C)(C)OC(=O)c1ccccc1,CC(C)(C)OC(=O)c1ccccc1,halogen-metal exchange,tR1,0.014,-78.0,,,"THF, hexane, cyclohexane",,kd_clean,ArLi,0.37,0.0,0.0,0.0,0.4191,-0.2296,-8.837,-6.417,1.9065,GFN2-xTB,409.5,0.7432,8.359,-95.12,55.0,[Li]c1cccc(C(=O)OC(C)(C)C)c1,COOR,meta,0.3,0.15,0.3,0.0,1.21,2.938499859410074,867.9602963159924,3.787691253151958,False,True,True,True,True,True,True,moderate
Homocoupling_2011_Nagaki,10.3762/bjoc.7.122,clean,si_table_Table 1,aryllithium,[Li]c1cccc(OC)c1,[Li]c1cccc(OC)c1,COc1cccc(Br)c1,COc1cccc(Br)c1,COc1cccc(Br)c1,n-BuLi,aryl halide (homocoupling),,,synthetic,COc1cccc(-c2cccc(OC)c2)c1,COc1cccc(-c2cccc(OC)c2)c1,COc1cccc(-c2cccc(OC)c2)c1,halogen-metal exchange,tR1,3.1,24.0,,,THF,,kd_valid,ArLi,0.12,0.0,0.0,0.0,0.4078,-0.2298,-8.549,-5.441,1.8971,GFN2-xTB,405.4,0.7533,4.694,-69.24,69.0,[Li]c1cccc(OC)c1,OMe,unknown,0.27,-0.56,0.27,0.0,1.5539999999999998,2.523234188692883,333.6062579051584,8.298591032236814,False,False,True,True,True,False,True,extrapolation
ProtGroupFree_2011_Kim,10.1038/ncomms1264,clean,si_table_Supplementary Table S2,p-lithioacetophenone,CC(=O)c1ccc([Li])cc1,[Li]c1ccc(C(C)=O)cc1,p-iodoacetophenone,CC(=O)c1ccc(I)cc1,CC(=O)c1ccc(I)cc1,n-BuLi,methanol,CO,CO,quench_probe,acetophenone,CC(=O)c1ccccc1,CC(=O)c1ccccc1,halogen-metal exchange,tR1,0.0013,,,,THF,,kd_clean,ArLi,0.5,0.0,0.0,0.0,0.4222,-0.2229,-8.972,-6.776,1.9067,GFN2-xTB,413.6,0.7395,9.086,-79.83,75.0,[Li]c1ccc(C(C)=O)cc1,H,para,0.0,0.0,0.0,0.0,1.0979999999999999,1.7639737245944898,58.0729281548829,0.7240234926080746,False,True,True,True,True,True,True,high
AlkoxycarbonylArLi_2008_Nagaki,10.1002/anie.200803205,clean,si_table_Table S-2,tert-butyl o-lithiobenzoate,CC(C)(C)OC(=O)c1ccccc1[Li],[Li]c1ccccc1C(=O)OC(C)(C)C,tert-butyl o-bromobenzoate,CC(C)(C)OC(=O)c1ccccc1Br,CC(C)(C)OC(=O)c1ccccc1Br,s-BuLi,tert-butyl alcohol,CC(C)(C)O,CC(C)(C)O,quench_probe,tert-butyl benzoate,CC(C)(C)OC(=O)c1ccccc1,CC(C)(C)OC(=O)c1ccccc1,halogen-metal exchange,tR1,0.014,-78.0,,,"THF, hexane/cyclohexane",,kd_clean,ArLi,0.45,-1.54,1.0,0.0,0.4697,-0.2234,-8.614,-6.858,1.941,GFN2-xTB,522.9,0.6048,3.66,-74.1,48.0,[Li]c1ccccc1C(=O)OC(C)(C)C,COOR,ortho,0.3,0.15,0.3,0.7,0.8780000000000006,1.7546266945605569,56.83641734195587,0.8253847925448282,True,True,True,True,True,True,True,high
ProtGroupFree_2011_Kim,10.1038/ncomms1264,clean,si_table_Table 1,acyl-substituted aryllithium,[Li]c1ccc(C(=O)CCCC)cc1,[Li]c1ccc(C(=O)CCCC)cc1,28,O=C(CCCC)c1ccc(I)cc1,CCCCC(=O)c1ccc(I)cc1,MesLi,methanol,,,quench_probe,3,O=C(CCCC)c1ccccc1,CCCCC(=O)c1ccccc1,halogen-metal exchange,tR1,,,,,THF,,scope,ArLi,0.5,0.0,0.0,0.0,0.4216,-0.2231,-8.952,-6.729,1.9061,GFN2-xTB,412.7,0.7403,8.864,-89.58,67.0,[Li]c1ccc(C(=O)CCCC)cc1,COR,unknown,0.3,0.17,0.3,0.0,1.1115,1.5021116012854883,31.77690541506624,0.5307710982052496,False,True,True,True,True,True,True,high
ProtGroupFree_2011_Kim,10.1038/ncomms1264,clean,si_table_Table 1,acyl-substituted aryllithium,[Li]c1ccc(C(=O)C2CCCCC2)cc1,[Li]c1ccc(C(=O)C2CCCCC2)cc1,22,O=C(C1CCCCC1)c2ccc(I)cc2,O=C(c1ccc(I)cc1)C1CCCCC1,MesLi,methanol,,,quench_probe,23,O=C(C1CCCCC1)c2ccccc2,O=C(c1ccccc1)C1CCCCC1,halogen-metal exchange,tR1,,,,,THF,,scope,ArLi,0.5,0.0,0.0,0.0,0.4212,-0.2235,-8.94,-6.734,1.9081,GFN2-xTB,412.2,0.7407,8.732,-89.29,78.0,[Li]c1ccc(C(=O)C2CCCCC2)cc1,COR,unknown,0.3,0.17,0.3,0.0,1.1029999999999998,1.3464097982368906,22.202904873624973,0.4331495309236633,False,True,True,True,True,True,True,high
Homocoupling_2011_Nagaki,10.3762/bjoc.7.122,clean,si_table_Table 1,aryllithium,[Li]c1ccc([N+](=O)[O-])cc1,[Li]c1ccc([N+](=O)[O-])cc1,O=[N+]([O-])c1ccc(I)cc1,O=[N+]([O-])c1ccc(I)cc1,O=[N+]([O-])c1ccc(I)cc1,n-BuLi,aryl halide (homocoupling),,,synthetic,O=[N+]([O-])c1ccc(-c2ccc([N+](=O)[O-])cc2)cc1,O=[N+]([O-])c1ccc(-c2ccc([N+](=O)[O-])cc2)cc1,O=[N+]([O-])c1ccc(-c2ccc([N+](=O)[O-])cc2)cc1,halogen-metal exchange,tR1,0.014,-48.0,,,THF,,kd_valid,ArLi,0.78,0.0,0.0,0.0,0.4503,-0.2167,-9.584,-7.927,1.9221,GFN2-xTB,434.6,0.7145,12.377,-85.23,,[Li]c1ccc([N+](=O)[O-])cc1,NO2,unknown,0.67,0.11,0.67,0.0,0.8285,1.2691460688208696,18.584294064964936,1.389346061751253,False,False,True,True,False,False,True,extrapolation
AlkoxycarbonylFlow_2010_Nagaki,10.1002/chem.201000876,clean,si_table_Table S-14,methyl p-lithiobenzoate,COC(=O)c1ccc([Li])cc1,[Li]c1ccc(C(=O)OC)cc1,methyl p-iodobenzoate (4d),COC(=O)c1ccc(I)cc1,COC(=O)c1ccc(I)cc1,PhLi,methanol,CO,CO,quench_probe,methyl benzoate,COC(=O)c1ccccc1,COC(=O)c1ccccc1,halogen-metal exchange,tR1,0.014,-78.0,,,"THF, hexane, cyclohexane",,kd_clean,ArLi,0.45,0.0,0.0,0.0,0.4254,-0.2226,-8.971,-6.541,1.9047,GFN2-xTB,414.0,0.737,7.987,-85.78,80.0,[Li]c1ccc(C(=O)OC)cc1,COOR,para,0.3,0.15,0.44999999999999996,0.0,1.2149999999999999,1.2492019547253992,17.750147026846285,0.6039547714874015,False,True,True,True,True,True,True,high
CyanoArLi_2010_Nagaki,10.1039/b919325c,clean,si_table_Table S-4,p-cyanophenyllithium,N#Cc1ccc([Li])cc1,[Li]c1ccc(C#N)cc1,p-bromobenzonitrile,N#Cc1ccc(Br)cc1,N#Cc1ccc(Br)cc1,n-BuLi,methanol,CO,CO,quench_probe,benzonitrile,N#Cc1ccccc1,N#Cc1ccccc1,halogen-metal exchange,tR1,0.014,-78.0,,,THF/hexane,,kd_clean,ArLi,0.66,0.0,0.0,0.0,0.4272,-0.2239,-9.157,-6.49,1.9132,GFN2-xTB,419.1,0.7365,10.704,-75.28,2.0,[Li]c1ccc(C#N)cc1,CN,para,0.56,0.1,0.66,0.0,1.3335,1.1714965425038069,14.842140639234136,0.500020503064046,True,True,True,True,True,True,True,high
CyanoArLi_2010_Nagaki,10.1039/b919325c,clean,si_table_Table S-3,m-cyanophenyllithium,N#Cc1cccc([Li])c1,[Li]c1cccc(C#N)c1,m-bromobenzonitrile,N#Cc1cccc(Br)c1,N#Cc1cccc(Br)c1,n-BuLi,methanol,CO,CO,quench_probe,benzonitrile,N#Cc1ccccc1,N#Cc1ccccc1,halogen-metal exchange,tR1,0.014,-78.0,,,THF/hexane,,kd_clean,ArLi,0.56,0.0,0.0,0.0,0.4289,-0.2284,-9.14,-6.505,1.9116,GFN2-xTB,418.4,0.7328,9.332,-74.72,3.0,[Li]c1cccc(C#N)c1,CN,meta,0.56,0.1,0.56,0.0,1.3175000000000003,1.1162688309333544,13.069796661722615,0.23824880519136651,True,True,True,True,True,True,True,high
AlkoxycarbonylFlow_2010_Nagaki,10.1002/chem.201000876,clean,si_table_Table S-13,ethyl p-lithiobenzoate,CCOC(=O)c1ccc([Li])cc1,[Li]c1ccc(C(=O)OCC)cc1,ethyl p-iodobenzoate (4c),CCOC(=O)c1ccc(I)cc1,CCOC(=O)c1ccc(I)cc1,PhLi,ethanol,CCO,CCO,quench_probe,ethyl benzoate,CCOC(=O)c1ccccc1,CCOC(=O)c1ccccc1,halogen-metal exchange,tR1,0.014,-78.0,,,"THF, hexane, cyclohexane",,kd_clean,ArLi,0.45,0.0,0.0,0.0,0.4242,-0.2228,-8.947,-6.504,1.9065,GFN2-xTB,413.2,0.738,7.86,-89.24,66.0,[Li]c1ccc(C(=O)OCC)cc1,COOR,para,0.3,0.15,0.44999999999999996,0.0,1.2214999999999998,1.099397947246826,12.571814006977029,0.49905097321679354,False,True,True,True,True,True,True,high
AlkoxycarbonylFlow_2010_Nagaki,10.1002/chem.201000876,clean,si_table_Table S-12,isopropyl p-lithiobenzoate,CC(C)OC(=O)c1ccc([Li])cc1,[Li]c1ccc(C(=O)OC(C)C)cc1,isopropyl p-iodobenzoate (4b),CC(C)OC(=O)c1ccc(I)cc1,CC(C)OC(=O)c1ccc(I)cc1,PhLi,2-propanol,CC(O)C,CC(C)O,quench_probe,3b,CC(C)OC(=O)c1ccccc1,CC(C)OC(=O)c1ccccc1,halogen-metal exchange,tR1,0.014,-78.0,,,"THF, hexane, cyclohexane",,kd_clean,ArLi,0.45,0.0,0.0,0.0,0.423,-0.2231,-8.923,-6.456,1.9067,GFN2-xTB,412.7,0.7391,7.785,-94.33,77.0,[Li]c1ccc(C(=O)OC(C)C)cc1,COOR,para,0.3,0.15,0.44999999999999996,0.0,1.2334999999999998,1.0109310136964869,10.254890176291461,0.442704082548294,False,True,True,True,True,True,True,high
ProtGroupFree_2011_Kim,10.1038/ncomms1264,clean,si_table_Table 1,acyl-substituted aryllithium,[Li]c1ccc(C(=O)C(C)(C)C)cc1,[Li]c1ccc(C(=O)C(C)(C)C)cc1,20,O=C(C(C)(C)C)c1ccc(I)cc1,CC(C)(C)C(=O)c1ccc(I)cc1,MesLi,phenyl isocyanate,,,synthetic,21,O=C(C(C)(C)C)c1ccc(C(=O)Nc2ccccc2)cc1,CC(C)(C)C(=O)c1ccc(C(=O)Nc2ccccc2)cc1,halogen-metal exchange,tR1,,,,,THF,,scope,ArLi,0.5,0.0,0.0,0.0,0.4169,-0.2275,-8.845,-6.486,1.9045,GFN2-xTB,409.4,0.7457,8.225,-85.2,87.0,[Li]c1ccc(C(=O)C(C)(C)C)cc1,COR,unknown,0.3,0.17,0.3,0.0,1.1795000000000004,0.7483733274366011,5.602389861854023,0.17803556233850693,False,True,True,True,True,True,True,high
AlkoxycarbonylFlow_2010_Nagaki,10.1002/chem.201000876,clean,si_table_Table S-2,tert-butyl p-lithiobenzoate,CC(C)(C)OC(=O)c1ccc([Li])cc1,[Li]c1ccc(C(=O)OC(C)(C)C)cc1,tert-butyl p-bromobenzoate (1a),CC(C)(C)OC(=O)c1ccc(Br)cc1,CC(C)(C)OC(=O)c1ccc(Br)cc1,s-BuLi,tert-butyl alcohol,CC(C)(C)O,CC(C)(C)O,quench_probe,tert-butyl benzoate (3),CC(C)(C)OC(=O)c1ccccc1,CC(C)(C)OC(=O)c1ccccc1,halogen-metal exchange,tR1,0.014,-78.0,,,"THF, hexane, cyclohexane",,kd_clean,ArLi,0.45,0.0,0.0,0.0,0.421,-0.2235,-8.885,-6.398,1.907,GFN2-xTB,411.6,0.7409,7.527,-95.56,50.0,[Li]c1ccc(C(=O)OC(C)(C)C)cc1,COOR,para,0.3,0.15,0.44999999999999996,0.0,1.2435,0.706604762283322,5.088675559445161,0.28065142374889274,True,True,True,True,True,True,True,high
AlkoxycarbonylArLi_2008_Nagaki,10.1002/anie.200803205,clean,si_table_Table S-3,isopropyl o-lithiobenzoate,CC(C)OC(=O)c1ccccc1[Li],[Li]c1ccccc1C(=O)OC(C)C,isopropyl o-bromobenzoate,CC(C)OC(=O)c1ccccc1Br,CC(C)OC(=O)c1ccccc1Br,s-BuLi,2-propanol,CC(O)C,CC(C)O,quench_probe,isopropyl benzoate,CC(C)OC(=O)c1ccccc1,CC(C)OC(=O)c1ccccc1,halogen-metal exchange,tR1,0.014,-78.0,,,"THF, hexane/cyclohexane",,kd_clean,ArLi,0.45,-0.47,1.0,0.0,0.4711,-0.2219,-8.673,-6.916,1.9459,GFN2-xTB,524.0,0.6065,3.45,-72.16,49.0,[Li]c1ccccc1C(=O)OC(C)C,COOR,ortho,0.3,0.15,0.3,0.7,0.8784999999999998,0.6318139180558615,4.283649397547783,0.1415125367367725,True,True,True,True,True,True,True,high
ProtGroupFree_2011_Kim,10.1038/ncomms1264,clean,si_table_Table 1,acyl-substituted aryllithium,[Li]c1ccc(C(=O)c2ccccc2)cc1,[Li]c1ccc(C(=O)c2ccccc2)cc1,26,O=C(c1ccccc1)c2ccc(I)cc2,O=C(c1ccccc1)c1ccc(I)cc1,MesLi,phenyl isocyanate,,,synthetic,27,O=C(c1ccccc1)c2ccc(C(=O)Nc3ccccc3)cc2,O=C(Nc1ccccc1)c1ccc(C(=O)c2ccccc2)cc1,halogen-metal exchange,tR1,,,,,THF,,scope,ArLi,0.5,0.0,0.0,0.0,0.4185,-0.2203,-8.993,-7.116,1.9004,GFN2-xTB,413.4,0.7377,8.122,-92.1,71.0,[Li]c1ccc(C(=O)c2ccccc2)cc1,COR,unknown,0.3,0.17,0.3,0.0,0.9385000000000003,0.6268787386941364,4.235246953133062,0.14944926486153964,False,True,True,True,True,True,True,high
AlkoxycarbonylArLi_2008_Nagaki,10.1002/anie.200803205,clean,si_table_Table S-4,ethyl o-lithiobenzoate,CCOC(=O)c1ccccc1[Li],[Li]c1ccccc1C(=O)OCC,ethyl o-bromobenzoate,CCOC(=O)c1ccccc1Br,CCOC(=O)c1ccccc1Br,s-BuLi,ethanol,CCO,CCO,quench_probe,ethyl benzoate,CCOC(=O)c1ccccc1,CCOC(=O)c1ccccc1,halogen-metal exchange,tR1,0.014,-78.0,,,"THF, hexane/cyclohexane",,kd_clean,ArLi,0.45,-0.07,1.0,0.0,0.4722,-0.2215,-8.721,-6.975,1.9448,GFN2-xTB,523.6,0.6072,3.355,-67.95,33.0,[Li]c1ccccc1C(=O)OCC,COOR,ortho,0.3,0.15,0.3,0.7,0.8730000000000002,0.19261361061281648,1.5581655946853088,0.2738538129379038,True,True,True,True,True,True,True,high
AlkoxycarbonylArLi_2008_Nagaki,10.1002/anie.200803205,clean,si_table_Table S-5,methyl o-lithiobenzoate,COC(=O)c1ccccc1[Li],[Li]c1ccccc1C(=O)OC,methyl o-bromobenzoate,COC(=O)c1ccccc1Br,COC(=O)c1ccccc1Br,s-BuLi,methanol,CO,CO,quench_probe,methyl benzoate,COC(=O)c1ccccc1,COC(=O)c1ccccc1,halogen-metal exchange,tR1,0.014,-78.0,,,"THF, hexane/cyclohexane",,kd_clean,ArLi,0.45,0.0,1.0,0.0,0.4733,-0.2207,-8.76,-7.023,1.9444,GFN2-xTB,524.2,0.6073,3.182,-64.08,33.0,[Li]c1ccccc1C(=O)OC,COOR,ortho,0.3,0.15,0.3,0.7,0.8685,-0.06869999964217227,0.8536896189866984,0.32053081518727294,True,True,True,True,True,True,True,high
TAC101_2011_Nagaki,10.1039/c1ra00377a,clean,si_table_Table S-2,"3,5-dibromophenyllithium",[Li]c1cc(Br)cc(Br)c1,[Li]c1cc(Br)cc(Br)c1,"1,3,5-tribromobenzene",Brc1cc(Br)cc(Br)c1,Brc1cc(Br)cc(Br)c1,n-BuLi,trimethylsilyl triflate,C[Si](C)(C)OS(=O)(=O)C(F)(F)F,C[Si](C)(C)OS(=O)(=O)C(F)(F)F,synthetic,"1,3-dibromo-5-(trimethylsilyl)benzene",C[Si](C)(C)c1cc(Br)cc(Br)c1,C[Si](C)(C)c1cc(Br)cc(Br)c1,halogen-metal exchange,tR1,0.22,,,,THF/hexane/Et2O,,kd_valid,ArLi,0.74,0.0,0.0,0.0,0.4687,-0.2274,-9.757,-6.449,1.9204,GFN2-xTB,438.2,0.6927,10.2,-77.2,88.0,[Li]c1cc(Br)cc(Br)c1,Br,unknown,0.44,-0.21,0.44,0.0,1.654,-0.6735031652294663,0.21207859363001058,2.8775920946061917,False,False,True,True,True,False,True,extrapolation
DibromoBenzArLi_2007_Nagaki,10.1002/asia.200700231,clean,si_table_Table S-6,o-bromophenyllithium,[Li]c1ccccc1Br,[Li]c1ccccc1Br,o-dibromobenzene,Brc1ccccc1Br,Brc1ccccc1Br,n-BuLi,methanol,CO,CO,quench_probe,bromobenzene,Brc1ccccc1,Brc1ccccc1,halogen-metal exchange,tR1,0.1,-85.0,,,THF/hexane,,kd_clean,ArLi,0.23,0.0,0.0,1.0,0.4765,-0.2368,-9.314,-5.991,1.9147,GFN2-xTB,477.7,0.6507,2.958,-56.67,24.0,[Li]c1ccccc1Br,Br,ortho,0.44,-0.21,0.44,0.05,1.6615000000000002,-1.2439205653470742,0.05702685677419549,0.6085729330660975,True,True,True,True,True,True,True,high
NitroArLi_2009_Nagaki,10.1002/anie.200904316,clean,si_table_Table S-3,m-nitrophenyllithium,O=[N+]([O-])c1cccc([Li])c1,[Li]c1cccc([N+](=O)[O-])c1,m-iodonitrobenzene (1b),O=[N+]([O-])c1cccc(I)c1,O=[N+]([O-])c1cccc(I)c1,n-BuLi,methanol,CO,CO,quench_probe,2,O=[N+]([O-])c1ccccc1,O=[N+]([O-])c1ccccc1,halogen-metal exchange,tR1,0.014,-78.0,,,"THF, Et2O, cyclohexane",,kd_clean,ArLi,0.71,0.0,0.0,0.0,0.4497,-0.2209,-9.561,-8.082,1.9063,GFN2-xTB,436.7,0.7111,8.883,-80.38,47.0,[Li]c1cccc([N+](=O)[O-])c1,NO2,meta,0.67,0.11,0.67,0.0,0.7394999999999996,-1.7580443005202895,0.017456440781614162,4.185803347521128,False,True,True,True,True,True,True,moderate
ThreeComp_2014_Nagaki,10.1021/ja5071762,clean,si_table_Table S-3,2-iodophenyllithium,[Li]c1ccccc1I,[Li]c1ccccc1I,"1,2-diiodobenzene",Ic1ccccc1I,Ic1ccccc1I,PhLi,benzaldehyde,O=Cc1ccccc1,O=Cc1ccccc1,synthetic,(2-iodophenyl)(phenyl)methanol,OC(c1ccccc1)c1ccccc1I,OC(c1ccccc1)c1ccccc1I,halogen-metal exchange,tR1,0.01,-78.0,,,THF,,kd_valid,ArLi,0.35,0.0,0.0,1.0,0.4634,-0.2364,-9.286,-6.278,1.9224,GFN2-xTB,471.5,0.6535,3.514,-61.65,76.0,[Li]c1ccccc1I,I,ortho,0.39,-0.04,0.39,0.05,1.504,-2.463838569373056,0.003436856747905212,0.8112243775228252,True,True,True,True,True,True,True,high
ProtGroupFree_2011_Kim,10.1038/ncomms1264,clean,si_table_Supplementary Table S1,acyl-substituted aryllithium,[Li]c1ccccc1C(=O)CCCC,[Li]c1ccccc1C(=O)CCCC,1,O=C(CCCC)c1ccccc1I,CCCCC(=O)c1ccccc1I,n-BuLi,methanol,CO,CO,quench_probe,3,O=C(CCCC)c1ccccc1,CCCCC(=O)c1ccccc1,halogen-metal exchange,tR2,,,0.003,,THF,,k2_trapping,ArLi,0.5,0.0,0.0,0.0,0.451,-0.2173,-8.665,-7.247,1.9746,GFN2-xTB,527.2,0.5854,2.117,-63.75,91.0,[Li]c1ccccc1C(=O)CCCC,COR,unknown,0.3,0.17,0.3,0.0,0.7089999999999996,-6.45637374090298,3.496441441790643e-07,12.050683357009799,False,True,True,True,True,True,False,moderate
ProtGroupFree_2011_Kim,10.1038/ncomms1264,clean,si_table_Table 1,acyl-substituted aryllithium,[Li]c1ccccc1C(=O)CC,[Li]c1ccccc1C(=O)CC,14,O=C(CC)c1ccccc1I,CCC(=O)c1ccccc1I,MesLi,methanol,,,quench_probe,15,O=C(CC)c1ccccc1,CCC(=O)c1ccccc1,halogen-metal exchange,tR1,,,,,THF,,scope,ArLi,0.5,0.0,0.0,0.0,0.466,-0.2163,-8.677,-7.318,1.9601,GFN2-xTB,522.2,0.596,1.968,-62.31,83.0,[Li]c1ccccc1C(=O)CC,COR,unknown,0.3,0.17,0.3,0.0,0.6795,-6.632128048889652,2.3327701588385843e-07,12.685174187194061,False,True,True,True,True,True,False,moderate
ProtGroupFree_2011_Kim,10.1038/ncomms1264,clean,si_table_Table 1,acyl-substituted aryllithium,[Li]c1ccccc1C(C)=O,[Li]c1ccccc1C(C)=O,18,O=C(C)c1ccccc1I,CC(=O)c1ccccc1I,MesLi,methanol,,,quench_probe,7,O=C(C)c1ccccc1,CC(=O)c1ccccc1,halogen-metal exchange,tR1,,,,,THF,,scope,ArLi,0.5,0.0,0.0,0.0,0.4664,-0.2159,-8.694,-7.364,1.9615,GFN2-xTB,522.5,0.5946,1.774,-58.91,77.0,[Li]c1ccccc1C(C)=O,H,unknown,0.0,0.0,0.0,0.0,0.6650000000000005,-6.860962517006529,1.3773283379181533e-07,13.535904468828607,False,True,True,True,False,False,False,extrapolation
CyanoArLi_2010_Nagaki,10.1039/b919325c,clean,si_table_Table S-2,o-cyanophenyllithium,N#Cc1ccccc1[Li],[Li]c1ccccc1C#N,o-bromobenzonitrile,N#Cc1ccccc1Br,N#Cc1ccccc1Br,n-BuLi,methanol,CO,CO,quench_probe,benzonitrile,N#Cc1ccccc1,N#Cc1ccccc1,halogen-metal exchange,tR1,0.014,-78.0,,,THF/hexane,,kd_clean,ArLi,0.66,0.0,0.0,0.0,0.4438,-0.2137,-9.263,-6.818,1.9765,GFN2-xTB,476.6,0.6512,2.068,-57.29,6.0,[Li]c1ccccc1C#N,CN,ortho,0.56,0.1,0.56,0.5,1.2225000000000001,-9.015175966039191,9.65659536893309e-10,29.79235318157505,False,True,True,True,True,True,False,moderate
Homocoupling_2011_Nagaki,10.3762/bjoc.7.122,clean,si_table_Table 1,aryllithium,[Li]c1ccccc1[N+](=O)[O-],[Li]c1ccccc1[N+](=O)[O-],O=[N+]([O-])c1ccccc1I,O=[N+]([O-])c1ccccc1I,O=[N+]([O-])c1ccccc1I,n-BuLi,aryl halide (homocoupling),,,synthetic,O=[N+]([O-])c1ccccc1-c1ccccc1[N+](=O)[O-],O=[N+]([O-])c1ccccc1-c1ccccc1[N+](=O)[O-],O=[N+]([O-])c1ccccc1-c1ccccc1[N+](=O)[O-],halogen-metal exchange,tR1,0.014,-48.0,,,THF,,kd_valid,ArLi,0.78,0.0,0.0,0.0,0.493,-0.221,-9.518,-8.534,1.9477,GFN2-xTB,553.6,0.5614,3.5,-59.66,,[Li]c1ccccc1[N+](=O)[O-],NO2,unknown,0.67,0.11,0.67,0.0,0.492,-9.201800186197216,6.283473875899437e-10,36.928852062811735,False,False,True,True,True,False,False,extrapolation
